split,vehicle_id,class_label,p0,p1,p2,p3,p4
validation,10,0,0.974782,0.006393,0.012415,0.002143,0.004267
validation,16,0,0.912927,0.031739,0.019547,0.025803,0.009983
validation,18,0,0.951115,0.019551,0.006965,0.015848,0.00652
validation,23,0,0.981984,0.012171,0.002933,0.001499,0.001412
validation,45,0,0.918026,0.036761,0.023452,0.008286,0.013475
validation,51,0,0.958306,0.016798,0.017176,0.001977,0.005744
validation,58,0,0.884122,0.044603,0.018777,0.008939,0.043559
validation,59,0,0.95906,0.017775,0.009533,0.004759,0.008873
validation,83,0,0.631386,0.088482,0.115437,0.044402,0.120292
validation,85,0,0.904505,0.034309,0.039059,0.005749,0.016378
validation,101,0,0.996084,0.001597,0.001708,0.000233,0.000379
validation,104,0,0.799822,0.021873,0.120194,0.018161,0.03995
validation,107,0,0.977811,0.011084,0.002543,0.00325,0.005312
validation,117,0,0.821596,0.036215,0.016258,0.004649,0.121281
validation,119,0,0.461595,0.199912,0.085357,0.085899,0.167237
validation,120,0,0.884926,0.014574,0.032283,0.004505,0.063712
validation,127,0,0.860945,0.013362,0.018036,0.022852,0.084805
validation,153,0,0.464758,0.257245,0.156606,0.065506,0.055885
validation,170,0,0.889364,0.011662,0.012104,0.071212,0.015657
validation,180,0,0.860457,0.033886,0.042966,0.003263,0.059428
validation,183,0,0.721146,0.046478,0.045429,0.00945,0.177496
validation,184,0,0.939693,0.017602,0.014187,0.006094,0.022424
validation,189,4,0.720017,0.148476,0.036848,0.01088,0.083779
validation,210,0,0.82101,0.016838,0.01329,0.00368,0.145183
validation,212,0,0.326299,0.023847,0.044885,0.015967,0.589003
validation,214,0,0.987231,0.004359,0.001811,0.000547,0.006052
validation,220,0,0.086754,0.004989,0.004511,0.901569,0.002177
validation,224,0,0.962843,0.006625,0.025449,0.002082,0.003
validation,230,0,0.942043,0.011544,0.00693,0.002394,0.03709
validation,239,0,0.932454,0.016956,0.016653,0.003272,0.030664
validation,264,0,0.874244,0.030614,0.034805,0.009528,0.050808
validation,265,0,0.452996,0.043327,0.3622,0.055511,0.085967
validation,266,0,0.637661,0.09708,0.08257,0.019796,0.162893
validation,283,0,0.997193,0.000885,0.000274,0.000833,0.000814
validation,285,0,0.908295,0.052359,0.013125,0.012968,0.013254
validation,303,0,0.458004,0.169784,0.282682,0.031262,0.058268
validation,307,0,0.996018,0.002818,0.000429,0.000198,0.000537
validation,320,0,0.992428,0.005168,0.001598,0.000346,0.00046
validation,330,0,0.95135,0.022691,0.013897,0.00266,0.009402
validation,339,0,0.993624,0.002025,0.002143,0.001136,0.001073
validation,340,0,0.987698,0.0063,0.003101,0.001545,0.001356
validation,359,0,0.897744,0.020249,0.032409,0.037236,0.012362
validation,367,0,0.938926,0.029268,0.00975,0.013399,0.008658
validation,369,0,0.726294,0.020742,0.034256,0.202828,0.01588
validation,373,0,0.658853,0.028677,0.035658,0.004889,0.271923
validation,379,0,0.916999,0.003867,0.078382,0.000179,0.000572
validation,380,0,0.988192,0.003814,0.005598,0.000889,0.001507
validation,392,0,0.927062,0.0351,0.015075,0.010008,0.012755
validation,397,0,0.66143,0.232829,0.041479,0.025331,0.038932
validation,405,0,0.948705,0.035462,0.006231,0.00598,0.003621
validation,407,0,0.976639,0.010599,0.006502,0.002451,0.00381
validation,423,0,0.959319,0.014423,0.010748,0.003786,0.011724
validation,424,0,0.902742,0.011933,0.082474,0.000999,0.001851
validation,438,0,0.884932,0.015765,0.054848,0.011367,0.033087
validation,439,0,0.906307,0.015331,0.018276,0.018568,0.041517
validation,444,0,0.725701,0.013636,0.0176,0.004064,0.238999
validation,446,0,0.883778,0.0496,0.016639,0.008614,0.041369
validation,459,0,0.389995,0.180378,0.087654,0.178407,0.163566
validation,460,0,0.812995,0.048686,0.046847,0.024966,0.066505
validation,463,0,0.796962,0.012733,0.006088,0.003245,0.180972
validation,465,0,0.933902,0.012343,0.034491,0.003383,0.015882
validation,476,0,0.720568,0.241215,0.017239,0.004178,0.0168
validation,478,0,0.948376,0.004164,0.04293,0.002717,0.001813
validation,484,0,0.939459,0.032065,0.009676,0.002895,0.015905
validation,486,0,0.823269,0.061947,0.046597,0.036713,0.031474
validation,492,0,0.768895,0.0443,0.162839,0.007831,0.016135
validation,499,0,0.008926,0.000478,0.000419,9.2e-05,0.990086
validation,503,0,0.748162,0.113603,0.033932,0.026886,0.077418
validation,506,0,0.892873,0.014403,0.0103,0.024785,0.057639
validation,508,0,0.874958,0.029874,0.061559,0.015989,0.01762
validation,513,0,0.97847,0.009216,0.011606,0.000306,0.000402
validation,532,0,0.62347,0.050087,0.198916,0.025942,0.101586
validation,539,0,0.977767,0.009059,0.007304,0.001802,0.004068
validation,541,0,0.979869,0.008545,0.003878,0.002431,0.005276
validation,548,0,0.714245,0.06725,0.15616,0.018506,0.04384
validation,560,0,0.724586,0.037104,0.152702,0.011351,0.074258
validation,568,0,0.877546,0.013022,0.006116,0.002395,0.100921
validation,573,0,0.89907,0.014289,0.069473,0.006251,0.010916
validation,594,0,0.866662,0.027565,0.028743,0.004436,0.072593
validation,598,0,0.522297,0.025962,0.023864,0.008183,0.419694
validation,603,0,0.543051,0.030954,0.039584,0.008262,0.37815
validation,608,0,0.644814,0.126315,0.087634,0.076119,0.065118
validation,619,0,0.968552,0.008712,0.007554,0.00222,0.012962
validation,627,0,0.968517,0.004945,0.003515,0.001104,0.02192
validation,643,0,0.951488,0.018767,0.009687,0.016311,0.003748
validation,647,0,0.969413,0.006999,0.017827,0.001448,0.004312
validation,649,0,0.466426,0.159718,0.27483,0.030802,0.068224
validation,656,0,0.9745,0.005887,0.010319,0.005819,0.003476
validation,661,0,0.898393,0.029378,0.010594,0.003925,0.057709
validation,664,0,0.694428,0.06871,0.041165,0.017915,0.177781
validation,667,0,0.839021,0.046717,0.057209,0.02218,0.034874
validation,677,0,0.982264,0.008654,0.005328,0.001657,0.002097
validation,684,0,0.717703,0.106231,0.039093,0.055282,0.081691
validation,689,0,0.913547,0.017203,0.013637,0.006022,0.049591
validation,696,0,0.74449,0.117293,0.098361,0.023979,0.015877
validation,698,0,0.844162,0.032086,0.088997,0.011364,0.023392
validation,701,0,0.966275,0.010065,0.011876,0.003375,0.008409
validation,704,0,0.793172,0.037396,0.127096,0.004723,0.037613
validation,707,0,0.9745,0.015866,0.003294,0.003064,0.003276
validation,711,0,0.908722,0.034954,0.018359,0.009526,0.028438
validation,712,0,0.900942,0.009344,0.080879,0.003201,0.005634
validation,715,0,0.006394,0.000198,0.000899,0.70447,0.288039
validation,716,0,0.745276,0.035398,0.013004,0.023055,0.183267
validation,724,0,0.682952,0.084783,0.131145,0.061991,0.03913
validation,726,0,0.803771,0.02006,0.033143,0.021439,0.121586
validation,727,0,0.86934,0.038187,0.022912,0.041477,0.028084
validation,730,0,0.222515,0.051723,0.112812,0.029508,0.583442
validation,736,0,0.006944,0.005523,0.003238,0.00076,0.983535
validation,737,0,0.988178,0.002653,0.003381,0.004612,0.001176
validation,742,0,0.074404,0.034529,0.021573,0.011441,0.858053
validation,752,0,0.819308,0.059315,0.033793,0.047502,0.040083
validation,754,0,0.867969,0.043162,0.039889,0.026615,0.022364
validation,757,0,0.960034,0.016516,0.017109,0.003908,0.002433
validation,769,0,0.82975,0.064093,0.042608,0.053812,0.009737
validation,774,0,0.93849,0.0147,0.032773,0.002568,0.011468
validation,783,0,0.79941,0.03235,0.040184,0.029931,0.098125
validation,786,0,0.989829,0.004861,0.001679,0.001503,0.002128
validation,792,0,0.741296,0.077907,0.015602,0.005776,0.15942
validation,798,0,0.971751,0.004208,0.019448,0.003147,0.001446
validation,811,0,0.309905,0.004786,0.001685,0.002043,0.68158
validation,812,0,0.541661,0.066791,0.273003,0.041727,0.076818
validation,824,0,0.682366,0.150409,0.018823,0.025533,0.122869
validation,832,0,0.147791,0.043619,0.007028,0.756508,0.045054
validation,835,0,0.954869,0.016873,0.012611,0.005612,0.010035
validation,849,0,0.978447,0.011769,0.005394,0.00111,0.003279
validation,865,0,0.875376,0.019526,0.088538,0.012815,0.003745
validation,870,0,0.662176,0.135687,0.095855,0.070439,0.035843
validation,888,0,0.698214,0.012914,0.004148,0.002305,0.282419
validation,894,0,0.878831,0.04156,0.050029,0.020252,0.009328
validation,896,0,0.946987,0.019411,0.008514,0.007914,0.017174
validation,903,0,0.794739,0.06447,0.037973,0.022277,0.080542
validation,914,0,0.932199,0.015431,0.019704,0.004469,0.028198
validation,917,0,0.84178,0.034201,0.013808,0.016476,0.093735
validation,919,0,0.925575,0.015044,0.005632,0.003869,0.04988
validation,922,0,0.816295,0.010814,0.042494,0.076183,0.054214
validation,931,0,0.866308,0.03304,0.039224,0.019221,0.042207
validation,940,4,0.009713,0.001309,0.000262,0.000177,0.988539
validation,945,0,0.856193,0.025907,0.020166,0.007364,0.090371
validation,951,0,0.944111,0.019489,0.014794,0.013578,0.008028
validation,952,0,0.3051,0.387889,0.132702,0.062317,0.111992
validation,960,0,0.871259,0.041492,0.022331,0.015391,0.049527
validation,966,0,0.781117,0.020303,0.021447,0.078217,0.098916
validation,970,0,0.894795,0.015831,0.0093,0.008852,0.071222
validation,975,0,0.991048,0.005402,0.00171,0.00067,0.001169
validation,993,0,0.975406,0.011954,0.007557,0.002659,0.002424
validation,1007,0,0.786187,0.102609,0.05076,0.036622,0.023822
validation,1020,0,0.880977,0.017269,0.017021,0.009811,0.074922
validation,1023,0,0.918549,0.028694,0.017791,0.014432,0.020534
validation,1029,0,0.49503,0.025033,0.007197,0.004332,0.468407
validation,1031,0,0.014853,0.000971,0.00048,0.982911,0.000785
validation,1033,0,0.952814,0.025879,0.005785,0.009513,0.006009
validation,1039,0,0.866047,0.025763,0.047963,0.002488,0.05774
validation,1050,0,0.965772,0.010972,0.010504,0.002299,0.010452
validation,1051,0,0.427156,0.007796,0.008006,0.002698,0.554343
validation,1052,0,0.955542,0.024609,0.01272,0.004408,0.002721
validation,1053,0,0.987893,0.0048,0.001134,0.003976,0.002197
validation,1058,0,0.96101,0.013763,0.010906,0.001915,0.012406
validation,1063,0,0.979088,0.008193,0.001557,0.005372,0.00579
validation,1070,0,0.826243,0.049492,0.087081,0.025812,0.011372
validation,1075,0,0.964875,0.013134,0.007362,0.007625,0.007005
validation,1079,0,0.954948,0.014824,0.008397,0.003739,0.018093
validation,1083,0,0.959063,0.016866,0.0121,0.003566,0.008405
validation,1084,0,0.639026,0.294323,0.017053,0.023795,0.025803
validation,1094,0,0.938812,0.027067,0.012733,0.008826,0.012562
validation,1096,0,0.875331,0.041688,0.055848,0.009007,0.018126
validation,1107,0,0.96875,0.008121,0.012207,0.002329,0.008594
validation,1120,0,0.90704,0.062992,0.013657,0.011394,0.004917
validation,1121,0,0.825438,0.077573,0.008714,0.02889,0.059385
validation,1125,0,0.90065,0.028123,0.035718,0.01211,0.023399
validation,1151,0,0.922643,0.024011,0.010213,0.006664,0.036469
validation,1171,0,0.979393,0.008882,0.007183,0.001745,0.002797
validation,1179,0,0.47202,0.070127,0.076622,0.075167,0.306063
validation,1185,0,0.69926,0.063805,0.11296,0.078038,0.045937
validation,1197,0,0.266748,0.035291,0.009235,0.01269,0.676035
validation,1213,0,0.929282,0.017248,0.023366,0.008655,0.021449
validation,1252,0,0.89118,0.049338,0.024337,0.015415,0.01973
validation,1255,0,0.943289,0.022362,0.014663,0.005606,0.01408
validation,1262,0,0.976735,0.003892,0.015773,0.00206,0.001539
validation,1263,0,0.866058,0.051379,0.036041,0.010091,0.036431
validation,1264,0,0.994208,0.002324,0.002666,0.000362,0.000441
validation,1267,0,0.735394,0.086954,0.047822,0.03065,0.099181
validation,1274,0,0.97845,0.009782,0.00397,0.002996,0.0048
validation,1280,0,0.722976,0.054682,0.02812,0.012336,0.181885
validation,1282,0,0.880279,0.024181,0.028664,0.042998,0.023877
validation,1285,3,0.942759,0.013212,0.012253,0.01314,0.018636
validation,1286,0,0.961426,0.018769,0.010377,0.002914,0.006513
validation,1289,0,0.917114,0.020537,0.011961,0.007385,0.043004
validation,1293,0,0.778668,0.084821,0.013157,0.010109,0.113244
validation,1296,0,0.970763,0.007505,0.013025,0.002962,0.005745
validation,1310,0,0.959745,0.009331,0.023011,0.002993,0.00492
validation,1311,0,0.973271,0.01411,0.008036,0.002086,0.002497
validation,1320,0,0.391708,0.015633,0.564635,0.006766,0.021258
validation,1327,2,0.463222,0.038287,0.485345,0.009185,0.00396
validation,1332,0,0.815069,0.083652,0.032881,0.00915,0.059249
validation,1338,0,0.773136,0.026426,0.027179,0.052495,0.120764
validation,1339,0,0.98633,0.006013,0.002498,0.000656,0.004504
validation,1352,0,0.735002,0.012115,0.0052,0.007338,0.240345
validation,1357,0,0.968027,0.005491,0.010515,0.004462,0.011505
validation,1358,0,0.911985,0.035666,0.038328,0.003761,0.01026
validation,1361,0,0.969945,0.011286,0.007675,0.002006,0.009087
validation,1365,0,0.860339,0.077521,0.016871,0.012869,0.0324
validation,1366,0,0.893397,0.052104,0.010547,0.011066,0.032887
validation,1368,0,0.436632,0.013829,0.008017,0.00346,0.538062
validation,1376,0,0.967346,0.018468,0.007035,0.002345,0.004807
validation,1388,0,0.96083,0.019056,0.012849,0.002784,0.004482
validation,1389,0,0.965911,0.012367,0.014011,0.003557,0.004154
validation,1391,0,0.463486,0.342562,0.11912,0.03326,0.041571
validation,1400,0,0.274254,0.434479,0.04033,0.074643,0.176293
validation,1402,0,0.97609,0.013573,0.0045,0.002048,0.00379
validation,1403,0,0.950869,0.01301,0.011162,0.002111,0.022849
validation,1416,0,0.968229,0.008446,0.005183,0.002891,0.01525
validation,1417,0,0.290403,0.025825,0.003722,0.027281,0.652768
validation,1424,0,0.974841,0.008043,0.006201,0.003969,0.006946
validation,1447,0,0.977529,0.007193,0.011481,0.001455,0.002342
validation,1450,0,0.959807,0.020483,0.007647,0.002577,0.009487
validation,1451,0,0.93388,0.015306,0.006824,0.024715,0.019275
validation,1473,0,0.846044,0.023862,0.044036,0.015438,0.07062
validation,1476,0,0.820872,0.123285,0.008606,0.024268,0.022969
validation,1478,0,0.973458,0.011358,0.010411,0.002268,0.002504
validation,1481,0,0.979901,0.010695,0.003668,0.00195,0.003787
validation,1508,0,0.815466,0.010406,0.011567,0.004126,0.158436
validation,1511,0,0.993763,0.00289,0.001245,0.000588,0.001514
validation,1512,0,0.7993,0.060153,0.065584,0.017699,0.057264
validation,1513,0,0.650527,0.041515,0.014858,0.003949,0.289151
validation,1527,0,0.979875,0.006968,0.00764,0.002872,0.002645
validation,1536,0,0.787957,0.135801,0.063136,0.007085,0.006021
validation,1552,0,0.966694,0.010541,0.007099,0.001806,0.013862
validation,1556,0,0.734291,0.03249,0.042576,0.012744,0.177899
validation,1567,0,0.952797,0.0227,0.013112,0.004275,0.007116
validation,1572,0,0.951182,0.021542,0.0139,0.005488,0.007888
validation,1574,0,0.979867,0.014307,0.002901,0.00128,0.001645
validation,1576,0,2.1e-05,6e-06,7e-06,2.4e-05,0.999943
validation,1585,0,0.59396,0.0908,0.042027,0.077519,0.195694
validation,1588,0,0.995587,0.00323,0.000633,0.000347,0.000203
validation,1595,0,0.757897,0.018657,0.202342,0.007589,0.013515
validation,1599,0,0.675476,0.052879,0.01599,0.005761,0.249895
validation,1601,0,0.958275,0.018605,0.013645,0.005269,0.004205
validation,1623,0,0.948918,0.017055,0.026107,0.001719,0.006201
validation,1628,0,0.95925,0.023828,0.011101,0.002635,0.003186
validation,1633,0,0.802802,0.087442,0.06022,0.007096,0.042441
validation,1652,0,0.975268,0.012076,0.003154,0.007716,0.001786
validation,1660,0,0.000185,8e-06,1.4e-05,0.994427,0.005366
validation,1668,0,0.817574,0.085574,0.027763,0.024439,0.044651
validation,1671,0,0.945596,0.005764,0.038205,0.005187,0.005247
validation,1682,0,0.844951,0.020241,0.100203,0.005298,0.029308
validation,1685,0,0.925808,0.025558,0.010186,0.028006,0.010442
validation,1686,0,0.741231,0.222266,0.021939,0.004017,0.010547
validation,1689,0,0.911727,0.015439,0.008649,0.003648,0.060537
validation,1694,0,0.003995,0.001836,0.030513,0.949862,0.013793
validation,1699,0,0.816252,0.030826,0.010016,0.084731,0.058176
validation,1702,0,0.726748,0.109067,0.04647,0.037515,0.080201
validation,1705,0,0.788861,0.01175,0.017051,0.114247,0.068091
validation,1706,0,0.914761,0.050307,0.014864,0.003362,0.016706
validation,1727,0,0.295414,0.025298,0.009242,0.010644,0.659402
validation,1729,0,0.945508,0.015596,0.007754,0.004528,0.026615
validation,1730,0,0.833599,0.021974,0.073023,0.01597,0.055435
validation,1744,0,0.663584,0.016502,0.018361,0.002492,0.29906
validation,1748,0,0.998632,0.001128,0.000102,4.2e-05,9.6e-05
validation,1749,0,0.978171,0.015127,0.003316,0.001469,0.001917
validation,1751,0,0.676004,0.039779,0.045182,0.002247,0.236788
validation,1756,0,0.950042,0.020269,0.020519,0.003831,0.005339
validation,1757,0,0.979326,0.010885,0.003687,0.001213,0.004888
validation,1763,0,0.872725,0.053527,0.016055,0.027603,0.030091
validation,1766,0,0.977662,0.007775,0.006652,0.004447,0.003465
validation,1779,0,0.915427,0.015158,0.029874,0.026185,0.013356
validation,1782,0,0.925268,0.03299,0.005411,0.008518,0.027814
validation,1784,0,0.970473,0.014462,0.010371,0.002127,0.002567
validation,1789,0,0.887927,0.031278,0.029013,0.015967,0.035815
validation,1804,0,0.930841,0.030869,0.006037,0.024123,0.00813
validation,1814,0,0.968184,0.013789,0.007079,0.004398,0.006549
validation,1818,0,0.988883,0.004625,0.004656,0.000673,0.001163
validation,1831,0,0.940084,0.014744,0.031708,0.005697,0.007767
validation,1834,0,0.835764,0.015347,0.137638,0.00463,0.00662
validation,1840,0,0.979618,0.007554,0.009536,0.000871,0.002421
validation,1861,0,0.932407,0.022175,0.020019,0.004933,0.020467
validation,1868,0,0.869034,0.03818,0.083833,0.005895,0.003058
validation,1877,0,0.936913,0.016598,0.022952,0.008254,0.015283
validation,1883,0,0.664306,0.148568,0.119313,0.037544,0.030269
validation,1885,0,0.704099,0.108687,0.036619,0.054181,0.096414
validation,1886,0,0.959085,0.011111,0.017509,0.00346,0.008836
validation,1894,0,0.766593,0.08392,0.040022,0.009179,0.100286
validation,1906,0,0.870173,0.015142,0.056781,0.013779,0.044125
validation,1910,0,0.595665,0.010762,0.022519,0.016475,0.354578
validation,1944,0,0.888822,0.02729,0.034706,0.03161,0.017572
validation,1949,0,0.853718,0.039212,0.021027,0.054699,0.031344
validation,1960,0,0.952184,0.019024,0.015518,0.008382,0.004892
validation,1965,0,0.8355,0.065058,0.031747,0.022984,0.044711
validation,1966,0,0.380551,0.018121,0.019682,0.03919,0.542455
validation,1971,0,0.940272,0.013908,0.011849,0.005635,0.028337
validation,1973,0,0.200671,0.762871,0.007129,0.011811,0.017517
validation,1974,0,0.89016,0.054457,0.025765,0.010175,0.019443
validation,1976,0,0.98728,0.005477,0.00251,0.002392,0.002341
validation,1990,0,0.89435,0.020285,0.013302,0.05508,0.016984
validation,1993,0,0.943675,0.012388,0.015845,0.006922,0.021171
validation,2000,0,0.952755,0.018662,0.011559,0.010769,0.006254
validation,2012,0,0.897889,0.050881,0.017397,0.015204,0.01863
validation,2020,0,0.440369,0.018807,0.004309,0.525526,0.010989
validation,2029,0,0.449257,0.013266,0.024087,0.500973,0.012417
validation,2036,0,0.974935,0.007664,0.011829,0.002895,0.002678
validation,2040,0,0.916023,0.02275,0.040404,0.002704,0.018119
validation,2044,0,0.885193,0.027112,0.0258,0.005459,0.056435
validation,2050,0,0.761759,0.115788,0.019002,0.022477,0.080974
validation,2061,4,0.873282,0.052326,0.028578,0.0128,0.033014
validation,2067,0,0.935794,0.036286,0.011648,0.011329,0.004943
validation,2079,0,0.983887,0.008155,0.004478,0.00092,0.002561
validation,2083,0,0.573134,0.221869,0.11339,0.04779,0.043817
validation,2088,0,0.952609,0.013651,0.007689,0.021849,0.004202
validation,2091,0,0.953596,0.022177,0.014964,0.004741,0.004521
validation,2099,0,0.837123,0.066694,0.035918,0.025286,0.034979
validation,2101,0,0.888922,0.019147,0.029838,0.026865,0.035228
validation,2112,0,0.992539,0.003487,0.002621,0.000832,0.000522
validation,2114,0,0.193862,0.032579,0.654511,0.00391,0.115138
validation,2118,0,0.906219,0.008791,0.015759,0.006426,0.062805
validation,2119,0,0.985728,0.008511,0.003384,0.000925,0.001452
validation,2126,0,0.983876,0.008196,0.002504,0.001151,0.004274
validation,2129,0,0.979758,0.010179,0.006305,0.001387,0.002371
validation,2144,0,0.235048,0.005909,0.005416,0.11111,0.642517
validation,2146,0,0.659093,0.020091,0.306074,0.004798,0.009944
validation,2147,0,0.701756,0.016721,0.117369,0.022407,0.141747
validation,2155,0,0.96053,0.029301,0.008141,0.001337,0.000692
validation,2159,0,0.960727,0.009062,0.005393,0.006472,0.018346
validation,2174,0,0.955322,0.010944,0.012024,0.004702,0.017008
validation,2176,0,0.916577,0.037899,0.018406,0.020142,0.006976
validation,2180,0,0.972521,0.007854,0.008305,0.003476,0.007844
validation,2202,0,0.970822,0.01085,0.012386,0.002103,0.003839
validation,2206,0,0.963827,0.017076,0.01096,0.001826,0.006311
validation,2208,0,0.89876,0.03665,0.039288,0.009783,0.01552
validation,2210,0,0.00312,0.00133,0.001252,0.012414,0.981884
validation,2215,0,0.66731,0.040385,0.185739,0.013402,0.093164
validation,2222,0,0.773634,0.058457,0.113703,0.028349,0.025856
validation,2236,0,0.000445,0.000267,6e-05,0.99903,0.000197
validation,2238,0,0.995809,0.001871,0.001528,0.000395,0.000397
validation,2239,0,0.646218,0.166529,0.090074,0.041871,0.055309
validation,2240,0,0.953021,0.016094,0.017149,0.006823,0.006913
validation,2243,0,0.308671,0.066903,0.029186,0.008877,0.586363
validation,2275,0,0.973092,0.012364,0.007647,0.001611,0.005286
validation,2276,0,0.923673,0.010183,0.052925,0.002424,0.010795
validation,2282,0,0.890406,0.033436,0.03187,0.00522,0.039068
validation,2299,0,0.874112,0.022816,0.042215,0.015519,0.045338
validation,2305,0,0.869135,0.029441,0.064482,0.010517,0.026426
validation,2320,0,0.941596,0.036202,0.01008,0.005553,0.006569
validation,2322,4,0.882771,0.034177,0.0502,0.010149,0.022702
validation,2324,0,0.752456,0.184303,0.02049,0.006723,0.036027
validation,2343,0,0.977601,0.00745,0.003695,0.003763,0.00749
validation,2345,0,0.883705,0.057316,0.029401,0.014186,0.015392
validation,2350,0,0.115914,0.021028,0.018591,0.018962,0.825505
validation,2351,0,0.890479,0.069764,0.019337,0.005968,0.014452
validation,2358,0,0.858126,0.060522,0.057051,0.014047,0.010254
validation,2362,0,0.26643,0.120147,0.066792,0.012958,0.533673
validation,2376,0,0.967279,0.013199,0.010479,0.002709,0.006334
validation,2378,0,0.979664,0.008298,0.006997,0.001718,0.003323
validation,2388,0,0.79274,0.046944,0.069294,0.009494,0.081528
validation,2389,0,0.022124,0.019547,0.026159,0.52545,0.40672
validation,2398,0,0.788971,0.102673,0.045715,0.023311,0.03933
validation,2401,0,0.971795,0.013635,0.007536,0.00237,0.004664
validation,2415,4,0.704611,0.047344,0.075179,0.00938,0.163486
validation,2421,0,0.385601,0.11814,0.108964,0.058803,0.328491
validation,2424,0,0.897266,0.025087,0.024134,0.007053,0.046461
validation,2429,0,0.874465,0.024129,0.025263,0.006556,0.069588
validation,2458,0,0.933029,0.026523,0.025964,0.005367,0.009117
validation,2459,0,0.853317,0.014347,0.080739,0.007891,0.043706
validation,2464,0,0.826874,0.059274,0.031492,0.009165,0.073195
validation,2466,0,0.949391,0.018231,0.024357,0.002741,0.00528
validation,2469,0,0.797649,0.073814,0.036107,0.058966,0.033464
validation,2473,0,0.961411,0.015633,0.009714,0.003896,0.009347
validation,2490,0,0.941837,0.016353,0.011378,0.003486,0.026945
validation,2507,0,0.891068,0.061964,0.028951,0.005671,0.012346
validation,2512,0,0.292046,0.375857,0.150344,0.024699,0.157053
validation,2520,0,0.873083,0.024008,0.097054,0.002074,0.003781
validation,2521,0,0.976157,0.004029,0.003939,0.00287,0.013005
validation,2526,0,0.922982,0.020027,0.008666,0.010131,0.038194
validation,2527,0,0.956899,0.025692,0.0071,0.005502,0.004807
validation,2544,0,0.981892,0.006553,0.006584,0.003275,0.001695
validation,2546,0,0.910279,0.011132,0.033371,0.005149,0.040068
validation,2551,0,0.770285,0.10889,0.029615,0.012732,0.078479
validation,2558,0,0.675804,0.015912,0.29391,0.008641,0.005733
validation,2566,0,0.004292,0.002613,0.000808,0.991411,0.000877
validation,2575,0,0.915768,0.026211,0.048023,0.006171,0.003826
validation,2579,0,0.653017,0.050534,0.029691,0.028197,0.238562
validation,2581,0,0.890715,0.03784,0.020087,0.004229,0.047129
validation,2591,0,0.868771,0.027953,0.029839,0.020505,0.052932
validation,2597,0,0.658243,0.04429,0.238653,0.013575,0.045238
validation,2599,0,0.936853,0.024844,0.024917,0.007037,0.006348
validation,2606,0,0.995686,0.003299,0.000327,0.000215,0.000473
validation,2608,0,0.893018,0.040615,0.03851,0.005106,0.022751
validation,2617,0,0.933555,0.019827,0.02196,0.006556,0.018102
validation,2619,0,0.989475,0.00872,0.0008,0.000194,0.000811
validation,2621,0,0.915609,0.008924,0.024483,0.005662,0.045321
validation,2627,0,0.90498,0.029462,0.046693,0.01079,0.008076
validation,2631,0,0.858398,0.030673,0.01713,0.024366,0.069433
validation,2632,0,0.990349,0.007611,0.000474,0.000771,0.000794
validation,2639,0,0.733735,0.064913,0.159734,0.016129,0.025488
validation,2643,0,0.004162,0.002921,0.00072,0.989605,0.002593
validation,2656,3,0.977691,0.011355,0.005994,0.002409,0.002552
validation,2665,0,0.820108,0.06972,0.023103,0.048794,0.038275
validation,2675,0,0.79153,0.125297,0.045205,0.010867,0.027102
validation,2681,0,0.932295,0.026482,0.026907,0.008589,0.005728
validation,2693,0,0.97461,0.004058,0.007436,0.003162,0.010734
validation,2695,0,0.890236,0.049689,0.025399,0.0043,0.030376
validation,2696,0,0.450333,0.157679,0.223866,0.033241,0.134881
validation,2701,0,0.881162,0.053428,0.035005,0.012637,0.017768
validation,2702,0,0.750862,0.047323,0.110999,0.033458,0.057357
validation,2706,0,0.825371,0.025323,0.013938,0.022934,0.112433
validation,2715,0,0.781468,0.045422,0.061581,0.016323,0.095206
validation,2719,0,0.896049,0.03667,0.013995,0.024471,0.028815
validation,2725,0,0.938494,0.010049,0.034868,0.008572,0.008017
validation,2726,0,0.457957,0.227395,0.079328,0.083136,0.152185
validation,2731,0,0.96987,0.016175,0.008217,0.00366,0.002078
validation,2732,0,0.113557,0.002544,0.001557,0.001997,0.880344
validation,2736,0,0.983739,0.006778,0.005274,0.002028,0.00218
validation,2741,0,0.989403,0.006145,0.003149,0.000656,0.000647
validation,2751,0,0.938474,0.016742,0.017493,0.009577,0.017715
validation,2758,0,0.848017,0.039031,0.048931,0.021201,0.04282
validation,2765,0,0.904725,0.025616,0.033536,0.018833,0.01729
validation,2768,0,0.950841,0.024077,0.007245,0.004812,0.013025
validation,2780,0,0.906478,0.033597,0.021529,0.014434,0.023962
validation,2786,0,0.634705,0.134649,0.062011,0.008268,0.160367
validation,2790,0,0.006191,0.002048,0.001921,0.007444,0.982396
validation,2796,0,0.953295,0.024936,0.015115,0.004143,0.002511
validation,2803,1,0.149255,0.028004,0.043595,0.01063,0.768517
validation,2806,0,0.233236,0.005509,0.002226,0.00211,0.756919
validation,2811,0,0.962264,0.016838,0.004569,0.010425,0.005904
validation,2829,0,0.945615,0.015224,0.007212,0.013286,0.018663
validation,2843,0,0.982623,0.00943,0.003792,0.002882,0.001273
validation,2844,0,0.953535,0.015555,0.017389,0.003857,0.009663
validation,2847,0,0.819697,0.010253,0.157231,0.003702,0.009117
validation,2848,0,0.716857,0.038189,0.044372,0.009857,0.190724
validation,2850,0,0.996904,0.001428,0.000708,0.000629,0.00033
validation,2860,0,0.909898,0.032693,0.012443,0.006149,0.038817
validation,2866,0,0.989783,0.007295,0.00126,0.000497,0.001165
validation,2882,0,0.05787,0.000815,0.00074,0.936819,0.003757
validation,2885,0,0.520664,0.089013,0.045016,0.010999,0.334308
validation,2886,0,0.982313,0.006718,0.006051,0.001961,0.002957
validation,2905,0,0.950561,0.011248,0.005691,0.012402,0.020098
validation,2919,0,0.56876,0.045182,0.339083,0.003444,0.043531
validation,2921,0,0.301868,0.010774,0.30394,0.361442,0.021976
validation,2926,0,0.845175,0.041012,0.048492,0.036785,0.028537
validation,2930,0,0.991978,0.004372,0.001807,0.000713,0.001131
validation,2932,0,0.825776,0.030897,0.043373,0.004055,0.095899
validation,2936,0,0.722745,0.037496,0.019792,0.006272,0.213696
validation,2950,0,0.85285,0.024692,0.082684,0.019953,0.019821
validation,2956,0,0.969022,0.018202,0.007545,0.000885,0.004346
validation,2972,0,0.960047,0.018149,0.012601,0.002724,0.00648
validation,2974,0,0.940955,0.026799,0.022809,0.004755,0.004682
validation,2977,0,0.872472,0.023751,0.034532,0.004529,0.064715
validation,2985,0,0.973494,0.013024,0.008551,0.00168,0.003251
validation,2987,0,0.891574,0.02369,0.040402,0.028511,0.015822
validation,2996,0,0.882068,0.0291,0.068056,0.016693,0.004084
validation,3022,1,0.897574,0.032829,0.013933,0.006356,0.049308
validation,3030,0,0.964393,0.011017,0.01224,0.003523,0.008827
validation,3035,0,0.949777,0.010528,0.033572,0.001588,0.004534
validation,3061,0,0.996932,0.000903,0.001748,0.000336,8.1e-05
validation,3066,0,0.626661,0.041378,0.030138,0.017759,0.284064
validation,3067,0,0.928399,0.016186,0.011386,0.007586,0.036443
validation,3068,0,0.731258,0.108141,0.098743,0.031699,0.030159
validation,3069,0,0.954498,0.013873,0.010145,0.00584,0.015645
validation,3074,2,0.978506,0.009711,0.003979,0.005386,0.002418
validation,3079,0,0.735644,0.044802,0.027111,0.025845,0.166598
validation,3082,0,0.727471,0.183351,0.050455,0.013346,0.025377
validation,3088,0,0.846201,0.013023,0.011891,0.003336,0.125549
validation,3090,0,0.890802,0.043899,0.042953,0.005497,0.016849
validation,3099,0,0.03825,0.00423,0.00256,0.000653,0.954307
validation,3110,0,0.828512,0.021798,0.015717,0.020507,0.113466
validation,3112,0,0.954339,0.005269,0.038751,0.000912,0.000729
validation,3122,0,0.958048,0.019344,0.007752,0.002942,0.011914
validation,3124,0,0.894333,0.011871,0.007305,0.004175,0.082315
validation,3125,0,0.975267,0.008983,0.004867,0.001676,0.009206
validation,3127,0,0.876265,0.012862,0.087628,0.010825,0.012418
validation,3130,0,0.988791,0.005256,0.001426,0.000404,0.004123
validation,3140,0,0.965338,0.010676,0.013742,0.002952,0.007292
validation,3149,0,0.131027,0.000911,0.000285,0.866867,0.00091
validation,3159,0,0.98069,0.006422,0.007208,0.0026,0.00308
validation,3169,0,0.943364,0.018818,0.019771,0.006841,0.011206
validation,3174,0,0.9707,0.016318,0.004984,0.001547,0.00645
validation,3175,0,0.862363,0.034013,0.031537,0.045011,0.027077
validation,3183,0,0.965176,0.004918,0.026686,0.001784,0.001437
validation,3188,0,0.621668,0.069927,0.050583,0.139611,0.118211
validation,3204,0,0.979877,0.010192,0.002936,0.00263,0.004365
validation,3209,0,0.936118,0.054095,0.006814,0.001606,0.001367
validation,3213,0,0.967542,0.009198,0.015609,0.005053,0.002599
validation,3217,0,0.958378,0.008685,0.005617,0.002789,0.024531
validation,3221,0,0.933159,0.044715,0.009284,0.004738,0.008104
validation,3236,0,0.980883,0.00936,0.003027,0.00296,0.00377
validation,3247,0,0.893156,0.014623,0.05663,0.002894,0.032696
validation,3252,0,0.95413,0.025723,0.008962,0.00507,0.006114
validation,3256,0,0.902018,0.052549,0.018131,0.014192,0.01311
validation,3262,0,0.924315,0.041421,0.016999,0.008078,0.009187
validation,3277,0,0.981359,0.012099,0.00254,0.002683,0.00132
validation,3284,0,0.893162,0.008884,0.009442,0.007825,0.080688
validation,3288,0,0.965719,0.02277,0.006688,0.001606,0.003217
validation,3293,0,0.303508,0.279733,0.338422,0.023043,0.055294
validation,3295,0,0.726741,0.05726,0.01793,0.177293,0.020776
validation,3298,4,0.803642,0.065307,0.055957,0.020543,0.054551
validation,3306,0,0.947472,0.01636,0.007882,0.001898,0.026389
validation,3309,4,0.86515,0.033417,0.029283,0.050627,0.021523
validation,3311,0,0.836985,0.0742,0.044155,0.017866,0.026795
validation,3317,0,0.323158,0.021542,0.013242,0.005197,0.636861
validation,3326,0,0.822979,0.034063,0.02215,0.090281,0.030526
validation,3331,0,0.97062,0.011433,0.010997,0.002386,0.004564
validation,3332,0,0.662374,0.096509,0.153375,0.04374,0.044002
validation,3333,0,0.976291,0.011052,0.007442,0.001918,0.003296
validation,3335,0,0.964961,0.02279,0.005707,0.004038,0.002504
validation,3336,0,0.986952,0.006962,0.002781,0.001224,0.002081
validation,3344,3,0.689847,0.024813,0.010824,0.270639,0.003876
validation,3346,0,0.63748,0.040654,0.030507,0.00827,0.28309
validation,3347,0,0.924557,0.026424,0.009265,0.004996,0.034757
validation,3350,0,0.79284,0.042276,0.040384,0.017812,0.106689
validation,3369,0,0.976363,0.008256,0.004968,0.003114,0.007298
validation,3375,0,0.997053,0.001325,0.000917,0.000323,0.000382
validation,3377,0,0.906366,0.053901,0.013468,0.014624,0.011641
validation,3383,0,0.989319,0.005336,0.002295,0.001792,0.001257
validation,3385,0,0.974939,0.012668,0.005935,0.002539,0.00392
validation,3391,0,0.920653,0.012226,0.01941,0.006983,0.040729
validation,3399,0,0.029707,0.006556,0.004193,0.002363,0.957181
validation,3400,0,0.973713,0.016559,0.004716,0.001331,0.003683
validation,3406,0,0.166791,0.062147,0.743467,0.016012,0.011583
validation,3407,0,0.974257,0.007503,0.01344,0.003023,0.001777
validation,3412,0,0.511291,0.032703,0.044275,0.388834,0.022898
validation,3414,0,0.935367,0.023635,0.020182,0.009776,0.01104
validation,3415,0,0.853445,0.023389,0.028282,0.060252,0.034632
validation,3416,0,0.949128,0.014708,0.023952,0.006796,0.005416
validation,3421,0,0.995842,0.002639,0.000711,0.000363,0.000445
validation,3422,0,0.942277,0.01834,0.014792,0.004006,0.020586
validation,3431,0,0.686669,0.058178,0.215197,0.021178,0.018778
validation,3433,0,0.988949,0.00538,0.003772,0.000933,0.000967
validation,3444,0,0.958165,0.009318,0.008778,0.001946,0.021792
validation,3447,0,0.94153,0.014679,0.021919,0.011184,0.010687
validation,3471,0,0.936187,0.019374,0.024248,0.006696,0.013494
validation,3476,0,0.742415,0.034244,0.188624,0.010331,0.024386
validation,3481,0,0.979682,0.01125,0.00398,0.001242,0.003845
validation,3488,0,0.961212,0.016304,0.009579,0.003097,0.009808
validation,3503,0,0.825283,0.017988,0.027647,0.022582,0.1065
validation,3513,0,0.821611,0.045201,0.066953,0.019286,0.046949
validation,3525,0,0.839795,0.107209,0.014465,0.009669,0.028862
validation,3529,0,0.908712,0.015843,0.012443,0.003195,0.059806
validation,3530,0,0.977601,0.009253,0.002619,0.007536,0.002992
validation,3535,0,0.965321,0.004269,0.027893,0.000951,0.001566
validation,3538,0,0.810715,0.057081,0.010934,0.026183,0.095087
validation,3544,0,0.6041,0.138617,0.101328,0.09867,0.057285
validation,3552,0,0.73763,0.142154,0.062329,0.012876,0.04501
validation,3554,0,0.953945,0.019004,0.011568,0.006644,0.00884
validation,3556,0,0.938381,0.012689,0.013035,0.011773,0.024122
validation,3558,0,0.262977,0.210269,0.193211,0.053123,0.280419
validation,3574,0,0.976497,0.008758,0.008611,0.003133,0.003001
validation,3576,0,0.001066,0.000386,0.00266,0.995737,0.000151
validation,3584,0,0.659617,0.002664,0.003915,0.001877,0.331926
validation,3586,0,0.175049,0.040542,0.020222,0.005704,0.758482
validation,3588,0,0.987459,0.006006,0.004977,0.000787,0.000771
validation,3595,0,0.986558,0.007483,0.002503,0.001657,0.0018
validation,3598,0,0.980131,0.005693,0.006857,0.004711,0.002607
validation,3600,0,0.92967,0.022805,0.016432,0.00697,0.024123
validation,3603,0,0.983394,0.005156,0.005529,0.002958,0.002963
validation,3607,0,0.983788,0.006541,0.003879,0.001487,0.004305
validation,3608,0,0.828865,0.058299,0.027021,0.015246,0.07057
validation,3611,0,0.984986,0.00777,0.003548,0.000965,0.00273
validation,3618,0,0.988662,0.003799,0.004633,0.001713,0.001192
validation,3628,0,0.96154,0.021891,0.006998,0.004058,0.005513
validation,3636,0,0.812385,0.020299,0.014483,0.003178,0.149655
validation,3640,0,0.988085,0.004179,0.002949,0.000898,0.003888
validation,3646,0,0.843323,0.03734,0.016597,0.002561,0.100179
validation,3648,0,0.9481,0.022874,0.009332,0.009272,0.010422
validation,3649,4,0.961877,0.02306,0.005464,0.004913,0.004685
validation,3669,3,0.386217,0.236595,0.205708,0.043104,0.128376
validation,3673,0,0.928026,0.021219,0.00953,0.004386,0.03684
validation,3683,0,0.973384,0.015962,0.004882,0.002067,0.003704
validation,3684,0,0.76677,0.057071,0.122217,0.021552,0.03239
validation,3696,0,0.981699,0.008988,0.004347,0.001099,0.003868
validation,3699,0,0.672947,0.11155,0.108521,0.031463,0.075519
validation,3700,0,0.978099,0.008233,0.007916,0.001733,0.004019
validation,3716,0,0.989558,0.007925,0.001597,0.000398,0.000521
validation,3718,0,0.917078,0.01529,0.010248,0.019886,0.037499
validation,3719,0,0.812765,0.060777,0.065148,0.0176,0.043709
validation,3723,0,0.956374,0.014882,0.013833,0.002694,0.012217
validation,3741,0,0.778605,0.037969,0.10701,0.039883,0.036533
validation,3753,0,0.967439,0.014315,0.010566,0.00219,0.005491
validation,3755,0,0.947964,0.01358,0.013409,0.005788,0.019259
validation,3756,4,0.975237,0.017868,0.002383,0.002576,0.001936
validation,3758,0,0.864134,0.064606,0.033194,0.014358,0.023707
validation,3763,0,0.991815,0.003454,0.0021,0.002124,0.000506
validation,3777,0,0.58277,0.052395,0.048041,0.061908,0.254886
validation,3783,0,0.960483,0.017574,0.007347,0.00791,0.006686
validation,3785,0,0.829189,0.020058,0.008667,0.114104,0.027983
validation,3788,0,0.957804,0.010838,0.019542,0.002687,0.009128
validation,3793,0,0.928369,0.023626,0.025465,0.008265,0.014275
validation,3802,0,0.921466,0.020822,0.031072,0.008127,0.018513
validation,3812,0,0.964894,0.022527,0.006607,0.004449,0.001522
validation,3816,4,0.910163,0.03794,0.013243,0.018658,0.019997
validation,3826,0,0.975896,0.007591,0.012363,0.002353,0.001797
validation,3835,0,0.981832,0.007222,0.007949,0.001259,0.001738
validation,3840,0,0.96219,0.023234,0.007816,0.003547,0.003214
validation,3842,0,0.826854,0.029593,0.096136,0.014043,0.033374
validation,3873,0,0.987992,0.006752,0.003956,0.000884,0.000416
validation,3884,0,0.983743,0.007774,0.004015,0.003435,0.001033
validation,3886,0,0.956107,0.015168,0.009521,0.00853,0.010674
validation,3905,0,0.904682,0.037859,0.022756,0.012165,0.022538
validation,3910,0,0.830888,0.067212,0.029901,0.013845,0.058154
validation,3920,0,0.102907,0.002577,0.000814,0.00088,0.892823
validation,3922,0,0.991532,0.004944,0.002097,0.000627,0.0008
validation,3927,0,0.843223,0.078144,0.053189,0.003635,0.02181
validation,3939,0,0.578272,0.280543,0.060162,0.030681,0.050342
validation,3941,0,0.917141,0.024712,0.048461,0.003425,0.006261
validation,3957,0,0.024756,0.000823,0.000615,0.97335,0.000456
validation,3961,0,0.909501,0.018971,0.007962,0.045764,0.017802
validation,3962,0,0.914108,0.032947,0.029471,0.009313,0.014161
validation,3964,0,0.446939,0.160421,0.158672,0.129947,0.104022
validation,3966,0,0.978802,0.012026,0.003771,0.000955,0.004446
validation,3970,0,0.523542,0.051841,0.082894,0.085499,0.256225
validation,3987,0,0.97058,0.014806,0.006739,0.002317,0.005559
validation,3997,0,0.026715,0.001268,0.001055,0.968968,0.001994
validation,4004,0,0.998659,0.001024,9.1e-05,6.7e-05,0.00016
validation,4005,0,0.974888,0.010091,0.008267,0.003802,0.002952
validation,4013,0,0.751407,0.043082,0.080074,0.07351,0.051927
validation,4032,0,0.995648,0.003689,0.000329,0.000171,0.000163
validation,4041,0,0.715403,0.02182,0.011484,0.012985,0.238308
validation,4045,0,0.799471,0.009154,0.008193,0.125901,0.057281
validation,4061,0,0.913755,0.013532,0.005258,0.002272,0.065182
validation,4063,0,0.00517,0.00104,0.000689,0.000391,0.992711
validation,4065,0,0.93219,0.047256,0.012315,0.001981,0.006258
validation,4073,0,0.916278,0.029509,0.015399,0.020441,0.018372
validation,4074,0,0.705793,0.065384,0.01562,0.00483,0.208373
validation,4078,0,0.847943,0.053403,0.031868,0.020608,0.046178
validation,4081,0,0.825362,0.045209,0.034768,0.004015,0.090646
validation,4086,0,0.934508,0.025707,0.012293,0.010911,0.016582
validation,4089,0,0.977914,0.009847,0.00753,0.001479,0.003229
validation,4102,0,0.448877,0.061858,0.435779,0.016917,0.036568
validation,4104,0,0.972763,0.01344,0.005921,0.003435,0.004442
validation,4108,0,0.917387,0.037473,0.008934,0.013837,0.022369
validation,4131,0,0.953364,0.016153,0.014385,0.00328,0.012818
validation,4150,0,0.827792,0.038857,0.101658,0.010342,0.021351
validation,4165,0,0.970997,0.016941,0.005681,0.00332,0.003061
validation,4167,0,0.956059,0.008186,0.013526,0.002605,0.019625
validation,4168,0,0.495777,0.10331,0.167628,0.045308,0.187977
validation,4171,0,0.995979,0.001795,0.001825,9e-05,0.000311
validation,4179,0,0.75961,0.109513,0.039422,0.058856,0.032599
validation,4194,0,0.942462,0.025883,0.01417,0.007505,0.00998
validation,4204,0,0.421202,0.165347,0.05714,0.176823,0.179488
validation,4209,0,0.959712,0.014185,0.008272,0.00487,0.012962
validation,4212,0,0.926107,0.02277,0.009707,0.011529,0.029887
validation,4229,0,0.827238,0.013171,0.138896,0.012591,0.008105
validation,4257,4,0.864383,0.045882,0.045322,0.027283,0.01713
validation,4261,0,0.990094,0.005619,0.002535,0.001015,0.000738
validation,4264,0,0.922896,0.020464,0.047474,0.004117,0.005048
validation,4269,0,0.021416,0.023595,0.020103,0.864273,0.070612
validation,4272,0,0.902534,0.039241,0.009316,0.01842,0.030489
validation,4276,0,0.899406,0.051227,0.016715,0.018789,0.013863
validation,4277,0,0.979437,0.010546,0.006633,0.001552,0.001833
validation,4278,0,0.250506,0.262351,0.287867,0.048491,0.150786
validation,4300,0,0.949426,0.023985,0.009043,0.00734,0.010206
validation,4301,0,0.262608,0.094143,0.092341,0.367127,0.183781
validation,4325,0,0.955287,0.014076,0.009163,0.003591,0.017884
validation,4330,0,0.95024,0.011596,0.021651,0.006083,0.01043
validation,4334,0,0.945185,0.022379,0.019575,0.004307,0.008553
validation,4335,0,0.959158,0.025895,0.008344,0.002691,0.003912
validation,4337,0,0.985294,0.005555,0.0045,0.003121,0.00153
validation,4344,0,0.859719,0.025344,0.032192,0.012891,0.069855
validation,4345,0,0.862597,0.080574,0.036296,0.014743,0.005789
validation,4353,0,0.978409,0.013125,0.005083,0.001813,0.001571
validation,4354,0,0.012187,0.003195,0.076812,0.068269,0.839537
validation,4358,0,0.959462,0.009369,0.016509,0.006543,0.008118
validation,4359,0,0.969804,0.013768,0.006259,0.001986,0.008183
validation,4368,0,0.981702,0.008204,0.00602,0.003158,0.000916
validation,4372,0,0.99595,0.001449,0.000816,0.001412,0.000373
validation,4374,0,0.962606,0.015223,0.011556,0.005028,0.005587
validation,4382,0,0.954219,0.010335,0.017554,0.002407,0.015486
validation,4384,4,0.265898,0.376385,0.107658,0.177336,0.072723
validation,4385,0,0.4833,0.045032,0.171388,0.118216,0.182064
validation,4388,0,0.940519,0.021932,0.006986,0.021189,0.009375
validation,4396,0,0.904049,0.068541,0.011627,0.005764,0.01002
validation,4401,0,0.81603,0.096858,0.026427,0.035013,0.025672
validation,4408,0,0.99752,0.001415,0.000442,0.000341,0.000282
validation,4421,0,0.779546,0.08916,0.037314,0.014646,0.079333
validation,4423,0,0.977101,0.014144,0.005696,0.001268,0.001792
validation,4445,0,0.229862,0.037098,0.115579,0.320586,0.296875
validation,4455,0,0.971968,0.007866,0.012029,0.005919,0.002217
validation,4456,0,0.854497,0.044305,0.041785,0.032461,0.026952
validation,4467,0,0.056206,0.000466,0.000331,0.001053,0.941944
validation,4474,0,0.990059,0.005849,0.001824,0.001102,0.001165
validation,4479,0,0.225869,0.003363,0.003231,0.761867,0.00567
validation,4499,0,0.978551,0.007991,0.005226,0.002587,0.005646
validation,4509,0,0.966656,0.01204,0.007802,0.00943,0.004071
validation,4515,0,0.757617,0.031682,0.020737,0.012603,0.177361
validation,4527,0,0.963261,0.018499,0.009475,0.002388,0.006376
validation,4533,0,0.975372,0.01085,0.007409,0.002887,0.003482
validation,4535,0,0.997476,0.001348,0.000838,0.000154,0.000183
validation,4539,0,0.345131,0.064362,0.067719,0.018082,0.504706
validation,4557,0,0.958094,0.026722,0.008099,0.004334,0.002751
validation,4560,0,0.925982,0.004915,0.013391,0.04087,0.014842
validation,4561,0,0.937299,0.02408,0.022065,0.009216,0.00734
validation,4566,0,0.690471,0.108125,0.07377,0.031464,0.09617
validation,4570,0,0.909105,0.047358,0.021307,0.012405,0.009825
validation,4571,0,0.919171,0.057719,0.010552,0.001927,0.010632
validation,4575,0,0.772623,0.085676,0.09643,0.012056,0.033214
validation,4578,0,0.276921,0.014385,0.007183,0.680431,0.02108
validation,4581,0,0.838331,0.077841,0.016808,0.021747,0.045272
validation,4582,0,0.934583,0.009916,0.002952,0.051597,0.000952
validation,4585,0,0.976321,0.008965,0.007228,0.000951,0.006536
validation,4593,0,0.982141,0.008385,0.002927,0.000592,0.005956
validation,4601,0,0.991296,0.005206,0.001778,0.000685,0.001034
validation,4605,0,0.951707,0.021497,0.012919,0.004542,0.009336
validation,4607,0,0.827446,0.012751,0.126964,0.007177,0.025661
validation,4611,0,0.463095,0.285307,0.200396,0.014271,0.036931
validation,4628,0,0.976499,0.016973,0.004182,0.00114,0.001206
validation,4631,0,0.938576,0.017098,0.009514,0.004743,0.030069
validation,4642,0,0.879454,0.034331,0.030187,0.0066,0.049427
validation,4643,0,0.976224,0.011586,0.00226,0.006768,0.003162
validation,4657,0,0.894949,0.013937,0.085203,0.002,0.003911
validation,4665,0,0.100299,0.001834,0.000674,0.000301,0.896892
validation,4671,0,0.087371,0.00136,0.000652,0.000347,0.910271
validation,4679,0,0.857991,0.059712,0.033621,0.00897,0.039705
validation,4680,0,0.863263,0.006621,0.126522,0.001405,0.002189
validation,4685,0,0.994766,0.003089,0.000944,0.000466,0.000734
validation,4699,0,0.88381,0.009476,0.099427,0.003381,0.003906
validation,4715,0,0.196221,0.005628,0.002975,0.001554,0.793621
validation,4717,0,0.915677,0.014194,0.004105,0.058849,0.007174
validation,4723,0,0.965202,0.018264,0.008096,0.002714,0.005724
validation,4728,0,0.416399,0.202425,0.071821,0.026855,0.2825
validation,4740,0,0.677573,0.0837,0.109393,0.023316,0.106018
validation,4746,0,0.673002,0.078933,0.057884,0.086937,0.103245
validation,4748,0,0.5637,0.141806,0.097271,0.026804,0.170419
validation,4757,0,0.411855,0.136167,0.021592,0.405177,0.02521
validation,4760,0,0.979255,0.006533,0.007451,0.004339,0.002423
validation,4778,0,0.98652,0.005026,0.002288,0.003768,0.002398
validation,4780,0,0.927141,0.017934,0.040124,0.007752,0.007049
validation,4783,0,0.8838,0.017668,0.093458,0.003754,0.00132
validation,4795,0,0.968355,0.009105,0.007321,0.003226,0.011992
validation,4808,0,0.938167,0.009896,0.010943,0.004315,0.036679
validation,4810,4,0.249521,0.377617,0.051774,0.034332,0.286756
validation,4820,0,0.68615,0.012615,0.006586,0.290512,0.004136
validation,4848,0,0.987091,0.00654,0.00276,0.001974,0.001636
validation,4850,0,0.818665,0.039685,0.043331,0.018812,0.079506
validation,4856,0,0.965199,0.007703,0.006659,0.005371,0.015068
validation,4877,0,0.966325,0.007132,0.01928,0.00201,0.005254
validation,4907,0,0.961531,0.0171,0.005098,0.003346,0.012926
validation,4910,0,0.987951,0.004898,0.004938,0.00129,0.000924
validation,4919,0,0.99002,0.006054,0.002728,0.000778,0.00042
validation,4930,0,0.989843,0.004742,0.002157,0.000724,0.002533
validation,4939,0,0.977642,0.011632,0.002695,0.003336,0.004696
validation,4948,0,0.775283,0.110419,0.074883,0.00451,0.034905
validation,4954,0,0.975556,0.018601,0.003033,0.001578,0.001233
validation,4957,0,0.946335,0.013975,0.032112,0.003131,0.004446
validation,4959,0,0.515349,0.018883,0.424478,0.013051,0.02824
validation,4967,0,0.01673,0.002726,0.001521,0.969805,0.009219
validation,4981,0,0.975911,0.008889,0.003624,0.001659,0.009917
validation,4987,0,0.375382,0.030017,0.031852,0.436004,0.126745
validation,4988,0,0.98813,0.00526,0.002128,0.001672,0.00281
validation,4993,0,0.798749,0.014344,0.014404,0.163181,0.009322
validation,4998,0,0.462142,0.019069,0.180628,0.001934,0.336227
validation,5010,0,0.995707,0.002072,0.000853,0.000854,0.000513
validation,5022,0,0.850219,0.071627,0.031177,0.015907,0.03107
validation,5025,0,0.992123,0.004371,0.002302,0.000678,0.000526
validation,5034,0,0.939999,0.016279,0.009566,0.006124,0.028032
validation,5038,0,0.932501,0.02682,0.011577,0.010571,0.018531
validation,5046,0,0.731671,0.01529,0.236977,0.015427,0.000634
validation,5054,0,0.969876,0.010117,0.015324,0.002217,0.002467
validation,5056,0,0.978705,0.00619,0.011123,0.002142,0.001841
validation,5078,0,0.210275,0.307953,0.342733,0.017555,0.121484
validation,5079,0,0.894073,0.007831,0.081013,0.002433,0.01465
validation,5087,0,0.918562,0.037707,0.020969,0.00477,0.017992
validation,5094,0,0.90924,0.015523,0.007836,0.032258,0.035143
validation,5116,0,0.745088,0.051943,0.028785,0.066179,0.108005
validation,5122,0,0.966632,0.013736,0.010115,0.001681,0.007836
validation,5131,0,0.948068,0.007759,0.038602,0.003613,0.001958
validation,5136,0,0.724962,0.09598,0.036994,0.076336,0.065728
validation,5137,0,0.758,0.160279,0.040939,0.007453,0.033329
validation,5142,0,0.44842,0.067532,0.067931,0.277589,0.138529
validation,5158,0,0.643165,0.143251,0.095578,0.030145,0.087861
validation,5164,0,0.974713,0.008354,0.006596,0.002658,0.007679
validation,5166,0,0.988443,0.005793,0.002473,0.000804,0.002487
validation,5173,0,0.999339,0.000529,4.1e-05,6.3e-05,2.8e-05
validation,5176,0,0.899322,0.02915,0.008134,0.003157,0.060237
validation,5182,0,0.95498,0.030539,0.00731,0.002771,0.0044
validation,5183,0,0.776246,0.023696,0.077168,0.107131,0.01576
validation,5193,0,0.955753,0.017467,0.011495,0.004937,0.010348
validation,5194,0,0.930983,0.017198,0.007442,0.007874,0.036502
validation,5203,0,0.991578,0.003773,0.00159,0.001127,0.001932
validation,5207,0,0.880532,0.044693,0.011093,0.005704,0.057977
validation,5214,0,0.983867,0.011404,0.002384,0.001232,0.001113
validation,5217,0,0.961649,0.016431,0.008598,0.002157,0.011164
validation,5224,0,0.419488,0.323811,0.097757,0.023507,0.135437
validation,5225,0,0.927078,0.014952,0.045794,0.004513,0.007664
validation,5227,0,0.877058,0.006475,0.108867,0.00178,0.00582
validation,5232,0,0.995678,0.002323,0.001159,0.000445,0.000395
validation,5250,0,0.842895,0.020898,0.126555,0.001891,0.007761
validation,5286,0,0.029611,0.002243,0.074702,0.891838,0.001606
validation,5290,0,0.720957,0.120338,0.077822,0.012564,0.068319
validation,5297,0,0.98546,0.004596,0.005522,0.001366,0.003056
validation,5298,0,0.86716,0.089372,0.028502,0.009792,0.005174
validation,5299,0,0.907841,0.030837,0.032658,0.006031,0.022632
validation,5304,0,0.973272,0.009142,0.006741,0.006084,0.00476
validation,5313,0,0.933469,0.021051,0.031833,0.004621,0.009026
validation,5316,0,0.811369,0.002655,0.000906,0.182729,0.002341
validation,5319,0,0.942308,0.039429,0.011976,0.003192,0.003095
validation,5328,0,0.705857,0.221306,0.029669,0.027566,0.015602
validation,5339,0,0.97796,0.010289,0.005221,0.001708,0.004822
validation,5341,0,0.013459,0.001188,0.001803,0.982042,0.001509
validation,5345,0,0.730561,0.051826,0.165882,0.004923,0.046807
validation,5348,0,0.966281,0.015403,0.007678,0.007239,0.003399
validation,5351,0,0.971803,0.008278,0.003402,0.001679,0.014839
validation,5362,0,0.971241,0.010836,0.008668,0.001184,0.008071
validation,5367,0,0.986631,0.006159,0.003766,0.001637,0.001807
validation,5376,0,0.995386,0.00205,0.001147,0.000754,0.000663
validation,5379,0,0.984838,0.005187,0.002383,0.002976,0.004616
validation,5382,0,0.995311,0.002732,0.000742,0.000454,0.000761
validation,5387,0,0.90219,0.034022,0.036597,0.006327,0.020864
validation,5394,0,0.973265,0.007733,0.014604,0.002904,0.001494
validation,5404,0,0.808729,0.052831,0.091706,0.010898,0.035837
validation,5405,0,0.983204,0.005835,0.007019,0.001085,0.002856
validation,5414,0,0.288006,0.173479,0.175287,0.182227,0.181001
validation,5415,0,0.915493,0.057196,0.011233,0.009153,0.006925
validation,5420,0,0.940744,0.025533,0.014216,0.011755,0.007752
validation,5432,0,0.82122,0.052931,0.044776,0.032698,0.048375
validation,5459,0,0.980488,0.010284,0.006017,0.001547,0.001663
validation,5461,0,0.98082,0.008149,0.00589,0.002205,0.002936
validation,5462,0,0.536915,0.04758,0.024404,0.006066,0.385035
validation,5467,0,0.952914,0.02049,0.012373,0.007767,0.006456
validation,5468,0,0.786402,0.057972,0.029655,0.037512,0.088458
validation,5479,0,0.080198,0.000467,0.000328,0.918917,8.9e-05
validation,5484,0,0.907453,0.019785,0.057866,0.009224,0.005673
validation,5493,0,0.868916,0.044962,0.038719,0.005625,0.041778
validation,5494,0,0.95324,0.009697,0.011736,0.004716,0.020612
validation,5496,0,0.981077,0.009448,0.006249,0.000893,0.002333
validation,5506,3,0.929441,0.02537,0.028971,0.009445,0.006773
validation,5521,0,0.310051,0.06351,0.173969,0.109722,0.342748
validation,5529,0,0.865506,0.065366,0.017671,0.040763,0.010694
validation,5531,0,0.652924,0.034519,0.223033,0.076935,0.012589
validation,5533,0,0.776525,0.028314,0.128787,0.017949,0.048426
validation,5534,0,0.274752,0.06086,0.038607,0.047874,0.577908
validation,5535,0,0.988404,0.007443,0.002266,0.00133,0.000558
validation,5539,0,0.972537,0.014668,0.004359,0.002232,0.006203
validation,5545,0,0.318622,0.028304,0.014285,0.569104,0.069685
validation,5550,1,0.808497,0.107634,0.035531,0.012123,0.036216
validation,5553,0,0.900918,0.006353,0.090337,0.001402,0.00099
validation,5555,0,0.971243,0.016957,0.006476,0.002291,0.003033
validation,5562,0,0.939031,0.027561,0.009136,0.003672,0.020599
validation,5565,0,0.957375,0.009323,0.027782,0.001489,0.004031
validation,5570,0,0.746807,0.020203,0.014992,0.195127,0.022871
validation,5573,0,0.969701,0.017095,0.005553,0.002537,0.005114
validation,5584,0,0.971022,0.008761,0.00996,0.008406,0.001851
validation,5592,4,0.407161,0.081997,0.09377,0.409628,0.007444
validation,5594,0,0.952891,0.018476,0.019101,0.003406,0.006126
validation,5595,0,0.979824,0.010842,0.005275,0.001176,0.002883
validation,5604,0,0.884052,0.041002,0.044378,0.007444,0.023123
validation,5608,0,0.994315,0.002506,0.001636,0.000803,0.00074
validation,5614,0,0.975417,0.011232,0.009115,0.001652,0.002584
validation,5618,0,0.882863,0.037155,0.053317,0.007906,0.018759
validation,5619,0,0.886841,0.087681,0.015153,0.005124,0.0052
validation,5620,0,0.098306,0.040244,0.825262,0.013369,0.022819
validation,5623,0,0.263643,0.037638,0.013667,0.011439,0.673612
validation,5633,0,0.986292,0.006274,0.005709,0.000554,0.001172
validation,5636,0,0.942056,0.009159,0.009305,0.019976,0.019504
validation,5637,0,0.936846,0.033903,0.009609,0.01408,0.005563
validation,5639,0,0.859338,0.067718,0.046989,0.005517,0.020437
validation,5643,0,0.890847,0.037089,0.050027,0.009995,0.012042
validation,5651,0,0.952256,0.01646,0.012172,0.003793,0.015319
validation,5652,0,0.823488,0.006936,0.167722,0.000619,0.001236
validation,5653,0,0.927154,0.04297,0.001397,0.002546,0.025933
validation,5669,0,0.934671,0.012618,0.02809,0.005111,0.019511
validation,5672,0,0.966229,0.009173,0.001829,0.00274,0.020029
validation,5681,0,0.318355,0.038748,0.029542,0.56553,0.047825
validation,5682,0,0.977299,0.008379,0.007207,0.001117,0.005997
validation,5683,0,0.992889,0.003429,0.001971,0.00101,0.000702
validation,5691,0,0.961425,0.022775,0.005847,0.004764,0.005189
validation,5696,0,0.973474,0.014107,0.005936,0.002633,0.00385
validation,5697,0,0.946532,0.027337,0.017225,0.003562,0.005344
validation,5699,0,0.859013,0.07565,0.024988,0.016068,0.024281
validation,5701,0,0.962497,0.015148,0.011857,0.00435,0.006148
validation,5708,0,0.863193,0.025495,0.051657,0.010371,0.049284
validation,5709,0,0.988612,0.006229,0.00305,0.000738,0.001371
validation,5716,0,0.88779,0.03615,0.025925,0.039363,0.010771
validation,5735,0,0.752294,0.011857,0.007124,0.006254,0.222472
validation,5738,0,0.988523,0.006662,0.002191,0.001264,0.001361
validation,5740,0,0.902039,0.02522,0.066379,0.002617,0.003745
validation,5741,0,0.723519,0.173119,0.061704,0.011235,0.030424
validation,5749,4,0.921265,0.029117,0.030645,0.007011,0.011962
validation,5765,0,0.344493,0.019042,0.044486,0.543555,0.048423
validation,5775,0,0.506652,0.003376,0.001793,0.001042,0.487136
validation,5778,0,0.969049,0.015984,0.005718,0.003862,0.005388
validation,5779,0,0.947391,0.014345,0.006021,0.021997,0.010246
validation,5784,0,0.842338,0.047909,0.021413,0.005414,0.082926
validation,5806,0,0.584033,0.036064,0.039354,0.332726,0.007823
validation,5807,0,0.277333,0.036196,0.05336,0.544907,0.088204
validation,5812,0,0.997346,0.002366,0.000166,7.2e-05,5.1e-05
validation,5813,0,4.9e-05,9e-06,0.000413,0.000208,0.999321
validation,5814,0,0.979606,0.008098,0.006513,0.002211,0.003573
validation,5817,0,0.697487,0.087416,0.113568,0.060725,0.040804
validation,5818,3,0.833373,0.076896,0.029912,0.038659,0.021159
validation,5819,0,0.947139,0.024866,0.009656,0.003507,0.014831
validation,5821,0,0.361184,0.062613,0.044937,0.507586,0.02368
validation,5828,0,0.000429,0.000104,4.8e-05,0.99934,7.9e-05
validation,5830,0,0.843781,0.052017,0.023317,0.044321,0.036564
validation,5831,0,0.627461,0.112968,0.200172,0.008223,0.051177
validation,5837,3,0.301543,0.212746,0.137662,0.054312,0.293737
validation,5862,0,0.915788,0.026119,0.035914,0.004556,0.017623
validation,5884,0,0.00091,9.1e-05,2.9e-05,0.99889,8.1e-05
validation,5886,0,0.920057,0.019094,0.026203,0.015482,0.019164
validation,5899,0,0.976713,0.010213,0.006204,0.001802,0.005068
validation,5908,0,0.77074,0.097939,0.058157,0.007064,0.0661
validation,5910,0,0.976053,0.012043,0.004595,0.001209,0.0061
validation,5915,0,0.898192,0.04302,0.012035,0.003872,0.042881
validation,5924,0,0.99471,0.003679,0.000954,0.000268,0.000389
validation,5930,0,0.964281,0.015034,0.009956,0.003133,0.007596
validation,5951,0,0.864229,0.071524,0.041024,0.01394,0.009284
validation,5953,0,0.99715,0.001201,0.000244,0.000183,0.001222
validation,5957,0,0.94787,0.028274,0.011443,0.003053,0.009359
validation,5958,0,0.950699,0.012843,0.013941,0.00452,0.017997
validation,5970,0,0.96157,0.0167,0.008421,0.009723,0.003586
validation,5991,0,0.950051,0.018714,0.014775,0.003637,0.012823
validation,5993,0,0.438587,0.234602,0.100556,0.048254,0.178001
validation,6006,0,0.919067,0.028528,0.019083,0.004949,0.028373
validation,6007,0,0.906397,0.046353,0.024861,0.006741,0.015647
validation,6011,0,0.992239,0.003707,0.000845,0.001276,0.001932
validation,6013,0,0.972829,0.011127,0.010245,0.00166,0.004139
validation,6021,0,0.972286,0.008832,0.011858,0.003971,0.003053
validation,6029,0,0.972918,0.014805,0.01066,0.000976,0.000641
validation,6035,0,0.970182,0.012925,0.01264,0.001003,0.00325
validation,6052,0,0.671359,0.133814,0.053532,0.093841,0.047454
validation,6054,0,0.858509,0.065311,0.041907,0.016281,0.017992
validation,6058,0,0.541919,0.10489,0.303445,0.021383,0.028362
validation,6061,0,0.747852,0.046333,0.040664,0.012628,0.152523
validation,6077,0,0.000166,0.000112,5.9e-05,0.999531,0.000132
validation,6080,0,0.766819,0.154228,0.023308,0.028139,0.027507
validation,6095,0,0.0,0.0,0.0,0.0,0.999999
validation,6102,0,0.989335,0.003758,0.001351,0.000506,0.005051
validation,6107,0,0.954971,0.01423,0.019235,0.004825,0.006738
validation,6119,0,0.176228,0.015313,0.00739,0.013644,0.787425
validation,6132,0,0.981834,0.007703,0.005181,0.004035,0.001246
validation,6136,0,0.97104,0.023172,0.003268,0.001361,0.001158
validation,6137,0,0.898079,0.036669,0.021639,0.017633,0.02598
validation,6138,0,0.594058,0.042612,0.089563,0.230685,0.043082
validation,6145,0,0.97141,0.025101,0.002166,0.000768,0.000555
validation,6152,0,0.983052,0.009079,0.00325,0.001032,0.003587
validation,6160,0,0.318068,0.057705,0.068565,0.515517,0.040145
validation,6165,0,0.59424,0.029532,0.26887,0.004359,0.103001
validation,6177,0,0.286692,0.081723,0.568462,0.018324,0.044799
validation,6183,0,0.448297,0.066587,0.017667,0.41493,0.05252
validation,6189,0,0.913919,0.024825,0.023314,0.00462,0.033322
validation,6203,0,0.583509,0.084058,0.190222,0.014943,0.127268
validation,6207,0,0.840885,0.096915,0.032844,0.016481,0.012874
validation,6222,0,0.935083,0.021638,0.029194,0.005193,0.008892
validation,6224,0,0.980844,0.008674,0.006456,0.000848,0.003178
validation,6231,0,0.707773,0.098607,0.037628,0.035136,0.120857
validation,6249,0,0.955099,0.023809,0.009137,0.004813,0.007143
validation,6251,0,0.65945,0.04963,0.229591,0.013658,0.047671
validation,6254,0,0.928876,0.020667,0.035122,0.00229,0.013045
validation,6259,0,0.922955,0.015102,0.029535,0.013234,0.019174
validation,6272,0,0.977703,0.011114,0.003982,0.002534,0.004668
validation,6274,0,0.839792,0.026654,0.043087,0.081328,0.009138
validation,6287,0,0.995372,0.00241,0.001174,0.000638,0.000406
validation,6289,0,0.991393,0.004526,0.002037,0.000841,0.001203
validation,6290,0,0.019665,0.000672,0.00094,0.978165,0.000559
validation,6296,0,0.77165,0.062016,0.059784,0.027697,0.078854
validation,6308,0,0.985233,0.005216,0.002796,0.001301,0.005454
validation,6316,0,0.774052,0.019043,0.168689,0.022034,0.016182
validation,6318,0,0.851816,0.05679,0.029746,0.02369,0.037958
validation,6349,0,0.874957,0.042682,0.033702,0.006599,0.042059
validation,6356,0,0.941316,0.02549,0.011296,0.015316,0.006583
validation,6361,0,0.934048,0.018384,0.01716,0.004437,0.025971
validation,6366,0,0.802408,0.08028,0.025664,0.046859,0.04479
validation,6373,0,0.937102,0.0288,0.01956,0.004258,0.01028
validation,6384,0,0.99695,0.001969,0.000632,0.000317,0.000132
validation,6388,0,0.892354,0.047504,0.035867,0.010525,0.01375
validation,6389,0,0.970198,0.01156,0.010166,0.002088,0.005988
validation,6391,0,0.966666,0.014384,0.008036,0.002449,0.008465
validation,6394,0,0.987255,0.005535,0.005551,0.000878,0.000781
validation,6398,0,0.587844,0.004665,0.025388,0.381135,0.000968
validation,6404,0,0.961916,0.024331,0.00772,0.00155,0.004484
validation,6409,0,0.977486,0.012905,0.005303,0.002475,0.001831
validation,6411,0,0.932956,0.017394,0.011825,0.009152,0.028672
validation,6414,0,0.997843,0.001617,0.000269,0.00014,0.000131
validation,6420,0,0.780396,0.086099,0.045009,0.019724,0.068773
validation,6424,0,0.916837,0.042695,0.013224,0.012338,0.014906
validation,6426,0,0.995097,0.002351,0.001207,0.000853,0.000493
validation,6450,0,0.986524,0.005555,0.005116,0.001231,0.001574
validation,6451,0,0.494531,0.243051,0.203987,0.031549,0.026882
validation,6467,0,0.968764,0.010754,0.004343,0.010753,0.005387
validation,6470,0,0.981116,0.008189,0.008021,0.001367,0.001307
validation,6471,0,0.973638,0.010183,0.010462,0.002606,0.003111
validation,6479,0,0.578576,0.105097,0.08493,0.035809,0.195589
validation,6489,0,0.894152,0.011094,0.025778,0.059544,0.009431
validation,6503,0,0.953443,0.032782,0.008,0.002409,0.003367
validation,6504,0,0.122278,0.001357,6.1e-05,0.875907,0.000397
validation,6515,0,0.981304,0.013442,0.002103,0.000889,0.002263
validation,6519,0,0.850382,0.125839,0.015339,0.005707,0.002734
validation,6520,0,0.968863,0.01397,0.006623,0.002622,0.007923
validation,6527,0,0.915431,0.027734,0.042764,0.006687,0.007384
validation,6529,0,0.923061,0.012914,0.012745,0.003332,0.047948
validation,6530,0,0.99559,0.003103,0.000802,0.000145,0.00036
validation,6538,0,0.773243,0.060984,0.022477,0.020095,0.1232
validation,6544,0,0.990999,0.004212,0.002185,0.000667,0.001937
validation,6546,0,0.915442,0.037271,0.03044,0.008497,0.008351
validation,6552,0,0.932804,0.023159,0.00906,0.007591,0.027386
validation,6554,4,0.955914,0.012457,0.009544,0.002259,0.019826
validation,6557,0,0.994368,0.002543,0.001208,0.000598,0.001284
validation,6559,0,0.781648,0.035101,0.023761,0.107331,0.05216
validation,6563,0,0.713252,0.055431,0.041921,0.010359,0.179037
validation,6564,0,0.931524,0.011487,0.024114,0.006289,0.026587
validation,6594,0,0.994078,0.003682,0.001399,0.000354,0.000486
validation,6612,0,0.958642,0.008722,0.004492,0.008917,0.019226
validation,6616,0,0.925735,0.042874,0.008631,0.010411,0.012348
validation,6622,0,0.97891,0.010425,0.003669,0.001942,0.005054
validation,6628,0,0.943369,0.012271,0.009983,0.009429,0.024948
validation,6638,0,0.997709,0.000876,0.000866,0.000239,0.00031
validation,6654,0,0.982673,0.007564,0.003765,0.002943,0.003056
validation,6657,0,0.930223,0.01625,0.038273,0.005865,0.00939
validation,6661,0,0.947002,0.0268,0.012741,0.003537,0.00992
validation,6664,0,0.741942,0.138112,0.058009,0.007342,0.054595
validation,6676,0,0.986234,0.006241,0.003433,0.002258,0.001834
validation,6683,0,0.465895,0.469197,0.045332,0.012089,0.007487
validation,6686,0,0.881789,0.023421,0.052707,0.00987,0.032212
validation,6695,0,0.972179,0.009802,0.010776,0.002664,0.004579
validation,6722,4,0.666482,0.051896,0.150903,0.088565,0.042154
validation,6730,0,0.996092,0.002136,0.000706,0.000707,0.000359
validation,6733,0,0.99017,0.005699,0.002089,0.001251,0.000791
validation,6734,0,0.983579,0.006287,0.00744,0.001297,0.001397
validation,6743,0,0.966464,0.014497,0.008693,0.00288,0.007466
validation,6756,0,0.822912,0.016167,0.029389,0.123995,0.007537
validation,6758,0,0.140744,0.119067,0.010951,0.006802,0.722436
validation,6762,0,0.964664,0.012094,0.014261,0.002439,0.006543
validation,6763,0,0.932276,0.024781,0.02321,0.00418,0.015552
validation,6764,0,0.655815,0.010993,0.310297,0.009918,0.012976
validation,6767,0,0.794093,0.049863,0.030747,0.008716,0.116582
validation,6768,0,0.926857,0.052191,0.013906,0.002591,0.004455
validation,6774,0,0.99475,0.001701,0.002049,0.00092,0.000579
validation,6777,0,0.264882,0.662738,0.026796,0.029987,0.015597
validation,6779,0,0.917976,0.057268,0.01186,0.007559,0.005337
validation,6782,0,0.836779,0.103463,0.034763,0.006405,0.01859
validation,6783,0,0.818592,0.026094,0.034687,0.032083,0.088545
validation,6786,0,0.989207,0.005669,0.00263,0.000875,0.00162
validation,6790,0,0.735891,0.12654,0.021728,0.062074,0.053766
validation,6807,2,0.56328,0.152415,0.189308,0.046617,0.048381
validation,6811,0,0.972859,0.008693,0.014502,0.001976,0.00197
validation,6814,0,0.80382,0.04534,0.118691,0.016847,0.015301
validation,6816,0,0.808796,0.016217,0.027881,0.128209,0.018897
validation,6827,0,0.956231,0.010904,0.008503,0.009872,0.01449
validation,6836,0,0.965109,0.026625,0.004935,0.001465,0.001866
validation,6839,0,0.971969,0.015104,0.004335,0.00675,0.001842
validation,6841,0,0.825343,0.048277,0.073516,0.033003,0.019862
validation,6849,0,0.936252,0.022918,0.011688,0.010561,0.018582
validation,6850,0,0.71932,0.256436,0.006982,0.005888,0.011375
validation,6853,0,0.892518,0.041151,0.027807,0.009439,0.029085
validation,6855,0,0.680947,0.039405,0.018936,0.232643,0.02807
validation,6862,0,0.996389,0.002583,0.00051,0.000292,0.000225
validation,6863,0,0.922921,0.019408,0.014592,0.005538,0.037541
validation,6872,0,0.980739,0.011878,0.003047,0.001475,0.002861
validation,6881,0,0.97231,0.01262,0.010824,0.002049,0.002196
validation,6895,0,0.921351,0.020373,0.0426,0.003971,0.011705
validation,6896,0,0.990609,0.006602,0.001231,0.000524,0.001034
validation,6898,0,0.536478,0.11344,0.067744,0.13853,0.143808
validation,6923,0,0.800361,0.049847,0.039209,0.096629,0.013954
validation,6930,4,0.931867,0.02488,0.013399,0.003694,0.02616
validation,6938,0,0.959853,0.016096,0.012852,0.004292,0.006907
validation,6951,0,0.973093,0.013587,0.007182,0.00244,0.003697
validation,6975,3,0.641946,0.016963,0.005634,0.13921,0.196247
validation,6983,0,0.698654,0.010246,0.26375,0.007828,0.019522
validation,6988,0,0.0,0.0,0.0,0.0,0.999999
validation,6993,0,0.847856,0.012595,0.046291,0.002749,0.090509
validation,6994,0,0.889955,0.027079,0.004823,0.002074,0.07607
validation,6997,0,0.936615,0.02884,0.015728,0.003871,0.014947
validation,7004,0,0.81866,0.145057,0.022063,0.006761,0.007458
validation,7015,0,0.929673,0.035852,0.012986,0.009594,0.011895
validation,7016,0,0.816,0.079621,0.027158,0.010229,0.066992
validation,7023,0,0.984576,0.013327,0.001287,0.000172,0.000638
validation,7025,0,0.970597,0.01605,0.006593,0.005474,0.001287
validation,7026,0,0.881105,0.040283,0.024666,0.022097,0.031849
validation,7031,0,0.994386,0.003198,0.000738,0.000953,0.000726
validation,7036,0,0.698329,0.02717,0.245316,0.019424,0.009761
validation,7054,0,0.930258,0.008574,0.040842,0.002153,0.018173
validation,7057,0,0.97403,0.013991,0.006745,0.002186,0.003047
validation,7063,0,0.980149,0.00748,0.007917,0.001898,0.002556
validation,7072,0,0.977394,0.011201,0.008595,0.001819,0.00099
validation,7075,0,0.940817,0.008806,0.003968,0.04235,0.004059
validation,7079,0,0.220612,0.008311,0.021529,0.001241,0.748307
validation,7080,0,0.988789,0.006347,0.002449,0.000929,0.001485
validation,7084,0,0.963512,0.009175,0.018531,0.003182,0.0056
validation,7093,0,0.984356,0.008715,0.002656,0.000936,0.003338
validation,7096,0,0.003573,0.000281,0.000101,0.995895,0.000151
validation,7102,0,0.995407,0.002282,0.000789,0.000806,0.000716
validation,7104,0,0.994917,0.003118,0.000827,0.000428,0.00071
validation,7107,0,0.867352,0.024065,0.013709,0.007626,0.087247
validation,7112,0,0.785997,0.083039,0.07958,0.011497,0.039886
validation,7114,0,0.941696,0.033346,0.014646,0.004493,0.00582
validation,7118,0,0.978064,0.008424,0.005278,0.001977,0.006257
validation,7151,0,0.966398,0.014182,0.014441,0.003065,0.001914
validation,7157,0,0.622437,0.083366,0.058984,0.063443,0.171769
validation,7163,0,0.986529,0.006091,0.003501,0.002423,0.001455
validation,7166,0,0.995491,0.003105,0.001018,0.000115,0.000271
validation,7171,0,0.471704,0.079326,0.031196,0.050043,0.367731
validation,7172,0,0.807431,0.130097,0.032135,0.013458,0.016878
validation,7182,0,0.989554,0.00599,0.001735,0.000772,0.001948
validation,7183,0,0.983767,0.00614,0.004019,0.001925,0.004149
validation,7189,0,0.205755,0.325722,0.142043,0.249092,0.077388
validation,7191,0,0.223079,0.031355,0.023281,0.693757,0.028529
validation,7200,0,0.986528,0.006181,0.001826,0.003192,0.002273
validation,7207,0,0.956235,0.015432,0.01213,0.008199,0.008004
validation,7210,0,0.977073,0.003332,0.000806,0.003874,0.014916
validation,7219,0,0.906062,0.009469,0.070823,0.003822,0.009824
validation,7224,0,0.907908,0.018647,0.033147,0.006624,0.033675
validation,7225,0,0.970402,0.003752,0.000833,0.024199,0.000815
validation,7236,0,0.98514,0.005765,0.0053,0.001983,0.001812
validation,7238,0,0.982352,0.01213,0.002631,0.002182,0.000706
validation,7239,0,0.987072,0.011274,0.001112,0.000133,0.000409
validation,7245,0,0.000912,0.000173,4.7e-05,0.998765,0.000103
validation,7254,0,0.943035,0.025581,0.016839,0.00554,0.009005
validation,7257,0,0.791805,0.081213,0.07173,0.024635,0.030617
validation,7262,0,0.047304,0.012732,0.007254,0.09421,0.8385
validation,7273,0,0.305419,0.008001,0.003904,0.681044,0.001632
validation,7280,0,0.705896,0.109352,0.137012,0.038487,0.009253
validation,7313,0,0.417679,0.007876,0.004923,0.000724,0.568798
validation,7321,0,0.513394,0.264034,0.008329,0.202461,0.011782
validation,7325,4,0.001301,0.000893,0.000376,0.996496,0.000935
validation,7326,0,0.978273,0.00749,0.009298,0.002474,0.002466
validation,7328,0,0.976278,0.00769,0.004633,0.004795,0.006605
validation,7329,0,0.971902,0.012094,0.011176,0.002317,0.002511
validation,7334,0,0.973032,0.01374,0.007033,0.001855,0.00434
validation,7345,0,0.862285,0.025022,0.050962,0.010982,0.050749
validation,7346,0,0.569358,0.071239,0.06525,0.047533,0.24662
validation,7359,0,0.982051,0.005372,0.006252,0.002211,0.004113
validation,7367,0,0.636994,0.106376,0.064446,0.016536,0.175647
validation,7369,0,0.944649,0.012671,0.007113,0.020456,0.015111
validation,7370,0,0.926323,0.017672,0.045901,0.003663,0.006442
validation,7388,0,0.957236,0.012325,0.013777,0.002346,0.014316
validation,7396,0,0.125213,0.053713,0.007011,0.006508,0.807555
validation,7403,0,0.988234,0.00606,0.003452,0.001078,0.001175
validation,7408,0,0.779062,0.109107,0.047843,0.010562,0.053425
validation,7410,0,0.081558,0.085223,0.043225,0.626588,0.163406
validation,7421,0,0.953207,0.010612,0.031769,0.001689,0.002723
validation,7431,0,0.959019,0.020502,0.009466,0.005728,0.005285
validation,7437,0,0.883634,0.008889,0.010348,0.074559,0.02257
validation,7441,0,0.948149,0.012172,0.03312,0.002234,0.004324
validation,7444,0,0.933281,0.022903,0.010566,0.011675,0.021575
validation,7450,0,0.382255,0.192752,0.099242,0.230794,0.094958
validation,7455,0,0.9919,0.003181,0.002832,0.000412,0.001675
validation,7476,0,0.987674,0.006188,0.004886,0.000621,0.000631
validation,7495,0,0.983457,0.010575,0.003292,0.001764,0.000911
validation,7510,0,0.965453,0.012906,0.007464,0.006061,0.008115
validation,7517,0,0.983313,0.008456,0.003319,0.002562,0.002351
validation,7521,0,0.784286,0.121713,0.026386,0.014715,0.052901
validation,7527,0,0.954923,0.016212,0.006908,0.005066,0.016891
validation,7531,0,0.902774,0.022573,0.004859,0.003605,0.066188
validation,7537,4,0.449817,0.10044,0.026692,0.114851,0.308201
validation,7545,0,0.925695,0.028644,0.018478,0.003263,0.02392
validation,7551,0,0.903351,0.037784,0.025472,0.007074,0.026319
validation,7555,0,0.792478,0.024513,0.00885,0.003531,0.170629
validation,7556,0,0.753703,0.097308,0.045829,0.0229,0.080259
validation,7575,0,0.984047,0.007159,0.005591,0.001043,0.00216
validation,7587,0,0.624223,0.005009,0.016481,0.352073,0.002213
validation,7611,0,0.826525,0.079666,0.046718,0.015118,0.031973
validation,7615,0,0.989732,0.0056,0.002477,0.000795,0.001397
validation,7617,0,0.971797,0.015113,0.004809,0.004784,0.003497
validation,7628,0,0.979701,0.01012,0.005504,0.001134,0.003542
validation,7632,0,0.957033,0.0148,0.020584,0.001125,0.006459
validation,7635,0,0.628334,0.317968,0.02662,0.012803,0.014274
validation,7640,0,0.961578,0.021911,0.00464,0.005665,0.006207
validation,7641,0,0.99775,0.001102,0.000693,0.000223,0.000232
validation,7646,0,0.57769,0.10765,0.117851,0.093582,0.103226
validation,7653,0,0.978157,0.009813,0.008582,0.001311,0.002137
validation,7654,0,0.781223,0.05739,0.104527,0.024994,0.031866
validation,7661,0,0.925633,0.0327,0.022864,0.013701,0.005102
validation,7664,0,0.983062,0.010779,0.003744,0.001165,0.00125
validation,7674,0,0.941241,0.027207,0.009675,0.009499,0.012378
validation,7677,0,0.992153,0.003652,0.003829,0.000181,0.000185
validation,7678,0,0.984586,0.005211,0.002623,0.004195,0.003385
validation,7683,0,0.830817,0.056043,0.024247,0.04946,0.039433
validation,7685,0,0.134265,0.082395,0.474587,0.105718,0.203035
validation,7692,0,0.282757,0.163717,0.159373,0.03401,0.360143
validation,7702,0,0.887377,0.02484,0.070898,0.005857,0.011028
validation,7706,0,0.961363,0.02225,0.008874,0.00418,0.003333
validation,7708,0,0.97065,0.009964,0.007777,0.004064,0.007546
validation,7720,0,0.906604,0.016765,0.054554,0.013424,0.008653
validation,7732,0,0.946328,0.018282,0.014528,0.013071,0.007792
validation,7737,0,0.961902,0.017254,0.00611,0.00214,0.012594
validation,7744,0,0.956222,0.020158,0.011643,0.00358,0.008397
validation,7754,0,0.942324,0.038949,0.009063,0.006991,0.002674
validation,7755,0,0.975259,0.01587,0.004595,0.001539,0.002737
validation,7769,0,0.947426,0.01409,0.021252,0.003921,0.01331
validation,7771,0,0.864741,0.033274,0.013677,0.081342,0.006966
validation,7772,0,0.864309,0.028292,0.021607,0.008289,0.077504
validation,7775,0,0.96187,0.009747,0.016771,0.005335,0.006278
validation,7780,0,0.897008,0.044332,0.028684,0.011493,0.018482
validation,7799,0,0.991909,0.003838,0.002597,0.00107,0.000586
validation,7809,0,0.959414,0.0216,0.012472,0.002057,0.004457
validation,7812,0,0.702911,0.130582,0.050491,0.016765,0.099252
validation,7814,0,0.906318,0.020255,0.010642,0.016561,0.046223
validation,7823,0,0.919919,0.022614,0.047759,0.003059,0.006649
validation,7836,0,0.864518,0.010459,0.005693,0.004244,0.115087
validation,7844,0,0.741477,0.104501,0.062466,0.035555,0.056001
validation,7850,0,0.946638,0.020728,0.023402,0.005876,0.003356
validation,7852,0,0.993769,0.003533,0.001525,0.000788,0.000385
validation,7873,0,0.956591,0.010023,0.007818,0.001376,0.024192
validation,7874,0,0.903302,0.039408,0.028056,0.014709,0.014525
validation,7876,0,0.032311,0.000717,0.002449,8.5e-05,0.964438
validation,7879,0,0.925092,0.028491,0.018483,0.012511,0.015423
validation,7880,0,0.990654,0.004957,0.002033,0.000657,0.001698
validation,7884,0,0.988226,0.004179,0.00443,0.001971,0.001194
validation,7896,0,0.796841,0.041367,0.052868,0.009361,0.099564
validation,7899,0,0.968548,0.019028,0.008341,0.001454,0.002629
validation,7909,0,0.9598,0.02538,0.007021,0.003113,0.004687
validation,7913,0,0.857865,0.0152,0.011457,0.002214,0.113265
validation,7919,0,0.957642,0.01534,0.011313,0.012618,0.003088
validation,7922,0,0.227077,0.083229,0.100509,0.557078,0.032106
validation,7928,0,0.990521,0.004793,0.002692,0.000933,0.001061
validation,7934,0,0.976241,0.005501,0.012394,0.003783,0.002081
validation,7946,0,0.980424,0.012558,0.00293,0.002301,0.001787
validation,7949,0,0.001572,0.000717,0.000567,0.996687,0.000456
validation,7955,0,0.983922,0.01002,0.001798,0.003747,0.000513
validation,7971,0,0.638984,0.036121,0.057234,0.245838,0.021822
validation,7979,0,0.878427,0.014296,0.057941,0.04456,0.004776
validation,7981,4,0.012588,0.003442,0.003827,0.966737,0.013406
validation,7983,0,0.929424,0.035248,0.014064,0.014226,0.007037
validation,7988,3,0.271019,0.39791,0.13816,0.052774,0.140137
validation,8008,0,0.942218,0.029687,0.016585,0.004775,0.006734
validation,8017,0,0.896304,0.061956,0.018321,0.00795,0.015469
validation,8023,0,0.94107,0.00809,0.045174,0.003654,0.002012
validation,8024,0,0.350053,0.191615,0.367824,0.060688,0.02982
validation,8027,0,0.9759,0.010046,0.007444,0.001916,0.004694
validation,8033,0,0.985311,0.007037,0.003007,0.001935,0.00271
validation,8035,0,0.993787,0.003342,0.002325,0.000155,0.000391
validation,8039,0,0.453244,0.094302,0.424594,0.016874,0.010987
validation,8041,0,0.959763,0.016036,0.006402,0.00426,0.013538
validation,8053,0,0.891481,0.009746,0.071206,0.004412,0.023155
validation,8056,0,0.86385,0.078769,0.038383,0.004661,0.014337
validation,8060,0,0.989181,0.006102,0.002092,0.002171,0.000454
validation,8061,3,0.804488,0.074335,0.044829,0.046092,0.030256
validation,8063,0,0.985838,0.007872,0.003747,0.001455,0.001088
validation,8065,0,0.964919,0.012461,0.009568,0.005134,0.007918
validation,8075,0,0.952489,0.013885,0.025517,0.003336,0.004773
validation,8086,0,0.858811,0.121777,0.012522,0.003941,0.002949
validation,8113,0,0.931517,0.020096,0.03214,0.006995,0.009252
validation,8114,0,0.948736,0.019683,0.012782,0.004933,0.013866
validation,8118,0,0.103219,0.381355,0.320827,0.04234,0.152259
validation,8120,0,0.984006,0.006056,0.005468,0.002113,0.002357
validation,8131,0,0.978495,0.007683,0.006643,0.001198,0.005981
validation,8138,0,0.973766,0.014266,0.003717,0.005973,0.002279
validation,8139,0,0.941866,0.039711,0.008524,0.004104,0.005795
validation,8144,0,0.690934,0.00284,0.001739,0.000676,0.303812
validation,8155,0,3e-06,1e-06,1e-06,0.001934,0.998061
validation,8158,0,0.925569,0.022121,0.01334,0.00251,0.036461
validation,8169,0,0.169323,0.040443,0.033096,0.744348,0.012789
validation,8179,0,0.982341,0.009825,0.004692,0.000926,0.002216
validation,8193,0,0.914819,0.01521,0.011064,0.008082,0.050825
validation,8197,0,0.957223,0.011924,0.005733,0.010084,0.015035
validation,8204,0,0.990828,0.00657,0.001168,0.000706,0.000728
validation,8205,0,0.841088,0.050228,0.023001,0.019513,0.06617
validation,8211,0,0.864879,0.088673,0.019079,0.01446,0.012908
validation,8227,0,0.931737,0.028787,0.007199,0.004001,0.028275
validation,8229,0,0.949496,0.01218,0.028834,0.005357,0.004133
validation,8230,0,0.986399,0.006244,0.002844,0.000877,0.003635
validation,8233,0,0.942631,0.025631,0.015618,0.003356,0.012764
validation,8235,0,0.839428,0.055821,0.070578,0.012332,0.021841
validation,8239,0,0.981153,0.006326,0.009621,0.000857,0.002043
validation,8241,0,0.368377,0.045735,0.52568,0.019084,0.041124
validation,8242,0,0.998124,0.001011,0.000255,0.000174,0.000437
validation,8266,0,0.49398,0.028984,0.037802,0.086515,0.35272
validation,8267,0,0.977443,0.011759,0.006054,0.00138,0.003364
validation,8270,0,0.987899,0.005255,0.00258,0.002801,0.001465
validation,8271,0,0.984427,0.007564,0.005584,0.000827,0.001599
validation,8272,0,0.985988,0.006677,0.003349,0.001237,0.002749
validation,8293,0,0.986066,0.004505,0.004519,0.003315,0.001595
validation,8294,0,0.566991,0.235955,0.114508,0.015516,0.067029
validation,8298,0,0.0,0.0,0.0,0.0,0.999999
validation,8311,0,0.91435,0.026237,0.037818,0.013848,0.007747
validation,8322,0,0.96027,0.010908,0.0194,0.003147,0.006275
validation,8333,0,0.80926,0.088671,0.038057,0.018854,0.045159
validation,8334,0,0.84179,0.024223,0.119228,0.005806,0.008952
validation,8342,0,0.925325,0.020296,0.038637,0.009972,0.00577
validation,8350,0,0.990673,0.003988,0.001807,0.001843,0.001688
validation,8359,0,0.919326,0.036157,0.016543,0.014522,0.013452
validation,8360,0,0.940538,0.050174,0.004835,0.002086,0.002368
validation,8361,0,0.868539,0.067588,0.017405,0.006644,0.039824
validation,8382,4,0.810199,0.049899,0.088201,0.016808,0.034893
validation,8383,0,0.801383,0.082953,0.046094,0.018049,0.05152
validation,8389,0,0.823891,0.114019,0.021003,0.01842,0.022667
validation,8391,0,0.936755,0.046436,0.010498,0.001987,0.004323
validation,8392,0,0.993825,0.003005,0.002148,0.000331,0.000691
validation,8398,0,0.918082,0.035746,0.004833,0.001524,0.039815
validation,8406,4,0.748711,0.086038,0.025696,0.126637,0.012918
validation,8410,0,0.994629,0.002679,0.001244,0.000835,0.000612
validation,8411,0,0.966756,0.014184,0.006754,0.005096,0.00721
validation,8414,0,0.980439,0.012694,0.002325,0.00377,0.000771
validation,8415,0,0.36692,0.123023,0.161103,0.128675,0.220279
validation,8420,0,0.916614,0.040138,0.014123,0.01608,0.013045
validation,8423,1,0.975724,0.009998,0.002953,0.002907,0.008417
validation,8431,0,0.99071,0.003693,0.004077,0.00062,0.0009
validation,8448,0,0.988164,0.005668,0.004039,0.000654,0.001475
validation,8453,0,0.982042,0.007486,0.006913,0.002031,0.001528
validation,8466,0,0.984126,0.00688,0.005431,0.002495,0.001068
validation,8471,0,0.447276,0.085304,0.06397,0.051234,0.352216
validation,8478,0,0.934898,0.033474,0.016919,0.003932,0.010777
validation,8480,0,0.990571,0.00687,0.001224,0.000599,0.000736
validation,8491,0,0.997371,0.00195,0.000522,4.2e-05,0.000115
validation,8510,0,0.95839,0.013741,0.008192,0.003321,0.016355
validation,8512,0,0.820147,0.047839,0.021134,0.040054,0.070827
validation,8513,0,0.963807,0.011104,0.012032,0.010023,0.003034
validation,8516,0,0.745835,0.109424,0.118109,0.011127,0.015505
validation,8546,0,0.808008,0.089738,0.055428,0.014024,0.032803
validation,8557,0,0.963819,0.013508,0.009947,0.005658,0.007068
validation,8558,0,0.619194,0.217985,0.080018,0.011449,0.071354
validation,8561,0,0.947956,0.02033,0.020978,0.0057,0.005037
validation,8562,0,0.914203,0.033436,0.014223,0.006127,0.032012
validation,8566,0,0.926169,0.023513,0.013191,0.005524,0.031603
validation,8568,0,0.785817,0.065568,0.02633,0.014585,0.1077
validation,8570,0,0.782563,0.09092,0.039558,0.037576,0.049383
validation,8587,0,0.843755,0.106635,0.039876,0.004983,0.00475
validation,8593,0,0.994921,0.003062,0.001017,0.000585,0.000415
validation,8594,0,0.97,0.018609,0.005918,0.001745,0.003729
validation,8604,0,0.004872,0.001269,0.004106,0.98672,0.003033
validation,8612,0,0.99072,0.003798,0.00275,0.00158,0.001152
validation,8616,0,0.091823,0.000635,0.000635,0.899411,0.007496
validation,8618,0,0.862593,0.020256,0.037626,0.004931,0.074594
validation,8623,0,0.98098,0.009638,0.002988,0.001774,0.004621
validation,8629,0,0.984967,0.006296,0.007478,0.001104,0.000155
validation,8651,0,0.961204,0.015505,0.013336,0.002842,0.007113
validation,8654,0,0.925929,0.024801,0.022624,0.009058,0.017589
validation,8657,0,0.111418,0.007875,0.002869,0.861551,0.016286
validation,8676,0,0.841873,0.064204,0.031598,0.014308,0.048018
validation,8677,0,0.939769,0.02027,0.030388,0.005568,0.004004
validation,8684,0,0.974417,0.009367,0.004904,0.003324,0.007988
validation,8699,0,0.649554,0.10727,0.097125,0.113237,0.032814
validation,8704,0,0.98642,0.006399,0.004651,0.002323,0.000207
validation,8707,0,0.951401,0.015291,0.021988,0.006029,0.00529
validation,8713,0,0.991221,0.003569,0.001986,0.000987,0.002236
validation,8719,0,0.841467,0.086454,0.022818,0.009458,0.039803
validation,8725,0,0.932471,0.017384,0.020346,0.014127,0.015672
validation,8738,0,0.976785,0.007258,0.012405,0.001124,0.002429
validation,8746,0,0.921387,0.038562,0.020471,0.007928,0.011652
validation,8752,0,0.891985,0.050401,0.044265,0.005201,0.008148
validation,8759,0,0.905602,0.058455,0.012326,0.006477,0.017141
validation,8766,0,0.613152,0.149319,0.062849,0.040587,0.134094
validation,8769,0,0.971453,0.008615,0.01322,0.002351,0.004361
validation,8770,0,0.763752,0.076616,0.086097,0.05704,0.016495
validation,8772,0,0.840008,0.030044,0.107009,0.003332,0.019608
validation,8774,0,0.719233,0.11259,0.077763,0.033242,0.057171
validation,8775,0,0.955601,0.019678,0.010339,0.010118,0.004264
validation,8780,0,0.933972,0.043658,0.011824,0.003759,0.006787
validation,8801,0,0.989057,0.005602,0.002276,0.001263,0.001802
validation,8803,0,0.958103,0.009653,0.007326,0.003341,0.021576
validation,8808,0,0.96648,0.016629,0.01086,0.001963,0.004067
validation,8814,0,0.759144,0.095361,0.085263,0.010753,0.049478
validation,8815,0,0.969221,0.022112,0.00548,0.00111,0.002077
validation,8817,0,0.001149,0.000258,0.001366,0.995149,0.002079
validation,8821,0,0.889604,0.035923,0.057227,0.003189,0.014058
validation,8825,0,0.830864,0.117949,0.032571,0.011715,0.006901
validation,8834,4,0.955056,0.016804,0.006881,0.00615,0.01511
validation,8843,0,0.745149,0.107289,0.070793,0.037158,0.039611
validation,8865,0,0.993613,0.002149,0.002196,0.000903,0.001139
validation,8871,0,0.954799,0.022262,0.012375,0.003224,0.007341
validation,8872,0,0.000181,6e-06,2e-06,5e-06,0.999806
validation,8875,0,0.025295,0.001826,0.001199,0.057675,0.914004
validation,8877,0,0.917262,0.024433,0.029622,0.010525,0.018159
validation,8893,0,0.203754,0.006788,0.00767,0.001558,0.78023
validation,8895,0,0.987211,0.005001,0.003288,0.002563,0.001936
validation,8896,0,0.997618,0.001157,0.00058,0.000386,0.000259
validation,8898,1,0.507932,0.031833,0.012637,0.005873,0.441726
validation,8900,0,0.961655,0.021344,0.005645,0.00219,0.009165
validation,8901,0,0.98236,0.007876,0.00503,0.002958,0.001775
validation,8907,0,0.985254,0.005171,0.004319,0.003298,0.001958
validation,8911,0,0.049824,0.005547,0.00208,0.001076,0.941474
validation,8912,0,0.752325,0.132482,0.037348,0.009731,0.068114
validation,8913,0,0.942551,0.022005,0.015612,0.007008,0.012824
validation,8929,0,0.929014,0.017415,0.012094,0.001813,0.039663
validation,8933,0,0.993143,0.003684,0.001468,0.000524,0.00118
validation,8938,0,0.965438,0.016491,0.008508,0.003356,0.006208
validation,8943,0,0.984795,0.004705,0.007842,0.000728,0.00193
validation,8945,0,0.924431,0.030044,0.033463,0.006218,0.005845
validation,8950,0,0.214303,0.057998,0.040313,0.028178,0.659208
validation,8952,0,0.956371,0.017629,0.005695,0.009376,0.010929
validation,8953,0,0.920273,0.032374,0.023795,0.008577,0.014981
validation,8956,0,0.96354,0.014441,0.007265,0.008824,0.00593
validation,8994,0,0.989707,0.005787,0.001675,0.000495,0.002336
validation,8995,0,0.990787,0.00344,0.003169,0.001324,0.00128
validation,9013,0,0.978042,0.010841,0.006321,0.001948,0.002848
validation,9019,0,0.995289,0.00197,0.002086,0.000345,0.00031
validation,9027,0,0.973416,0.007744,0.008758,0.004474,0.005607
validation,9030,0,0.965917,0.015077,0.005905,0.007365,0.005735
validation,9031,0,0.991125,0.004268,0.0023,0.001365,0.000942
validation,9042,0,0.80672,0.06277,0.050001,0.014211,0.066297
validation,9051,4,0.791668,0.066889,0.035416,0.081472,0.024555
validation,9053,0,0.980732,0.005286,0.007332,0.002701,0.003948
validation,9070,0,0.909405,0.031004,0.014148,0.014603,0.03084
validation,9076,0,0.938809,0.025373,0.026106,0.0047,0.005013
validation,9077,0,0.860463,0.021288,0.044196,0.010354,0.063699
validation,9079,0,0.314983,0.011678,0.01601,0.611282,0.046047
validation,9081,0,0.47031,0.038384,0.143022,0.294666,0.053619
validation,9085,0,0.983673,0.006417,0.005369,0.002029,0.002513
validation,9108,0,0.484908,0.006759,0.002057,0.000944,0.505332
validation,9120,0,0.954171,0.015553,0.011041,0.003326,0.01591
validation,9124,0,0.947049,0.021181,0.010493,0.005087,0.01619
validation,9125,0,0.547216,0.098476,0.205149,0.018961,0.130198
validation,9129,0,0.621442,0.025608,0.041958,0.28866,0.022333
validation,9133,0,0.902778,0.010864,0.075621,0.004223,0.006514
validation,9136,0,0.969558,0.017749,0.007221,0.002124,0.003347
validation,9145,0,0.997655,0.001345,0.000524,0.00018,0.000296
validation,9146,0,0.881974,0.037494,0.055309,0.015188,0.010034
validation,9150,0,0.001202,0.000151,8.9e-05,0.998521,3.7e-05
validation,9164,0,0.998778,0.000874,0.000192,5e-05,0.000106
validation,9176,0,0.971794,0.014317,0.003253,0.001694,0.00894
validation,9179,0,0.969921,0.007616,0.010976,0.008618,0.002869
validation,9186,0,0.775281,0.083026,0.076833,0.013251,0.051609
validation,9193,0,0.863703,0.040512,0.032356,0.011511,0.051917
validation,9194,0,0.863466,0.066556,0.028029,0.016755,0.025194
validation,9195,0,0.975708,0.009346,0.008062,0.003551,0.003334
validation,9196,0,0.889759,0.015324,0.009014,0.079959,0.005944
validation,9205,0,0.727149,0.205811,0.033776,0.019836,0.013429
validation,9215,0,0.940682,0.024423,0.007527,0.011731,0.015638
validation,9229,1,0.971471,0.008949,0.013901,0.002433,0.003246
validation,9240,0,0.978645,0.010738,0.006495,0.001785,0.002337
validation,9245,0,0.967544,0.016729,0.006444,0.001816,0.007467
validation,9255,0,0.99118,0.004593,0.001781,0.001599,0.000847
validation,9256,0,0.98086,0.007603,0.009168,0.001251,0.001118
validation,9258,0,0.95048,0.015124,0.025496,0.002339,0.006561
validation,9259,0,0.162185,0.001916,0.008276,0.005718,0.821904
validation,9267,0,0.897021,0.057859,0.018026,0.003578,0.023515
validation,9272,0,0.95128,0.016348,0.011447,0.001718,0.019207
validation,9281,0,0.610973,0.006293,0.005019,0.366675,0.01104
validation,9283,0,0.783352,0.025922,0.001936,0.182141,0.006649
validation,9301,0,0.843742,0.039569,0.043724,0.007115,0.06585
validation,9302,0,0.310612,0.003687,0.001637,0.001336,0.682727
validation,9306,0,0.980226,0.011044,0.005091,0.001219,0.00242
validation,9312,0,0.97757,0.007846,0.007404,0.001778,0.005402
validation,9340,0,0.858366,0.077365,0.016802,0.019606,0.027862
validation,9345,0,0.994834,0.003778,0.000838,0.000141,0.000409
validation,9346,0,0.982441,0.012109,0.002976,0.000865,0.001608
validation,9356,0,0.90091,0.026465,0.017578,0.01013,0.044917
validation,9359,0,0.851002,0.060634,0.051257,0.011032,0.026075
validation,9360,0,0.823071,0.124186,0.031046,0.010957,0.010739
validation,9366,0,0.941527,0.024806,0.010996,0.003118,0.019552
validation,9370,0,0.98715,0.005416,0.00321,0.00084,0.003384
validation,9409,0,0.78238,0.051974,0.027778,0.013841,0.124027
validation,9416,0,0.965054,0.01255,0.012596,0.002269,0.007531
validation,9419,0,0.976361,0.015462,0.003961,0.002351,0.001865
validation,9420,0,0.995548,0.002271,0.001292,0.000403,0.000487
validation,9423,0,0.913192,0.036066,0.023034,0.011407,0.016301
validation,9424,0,0.883655,0.045318,0.020789,0.005983,0.044254
validation,9436,0,0.858846,0.013748,0.004999,0.118102,0.004304
validation,9440,0,0.989818,0.005952,0.001791,0.001376,0.001063
validation,9446,0,0.974314,0.021022,0.002817,0.00078,0.001068
validation,9467,0,0.987324,0.006528,0.002077,0.001278,0.002794
validation,9472,0,0.891993,0.008909,0.093314,0.001758,0.004027
validation,9484,0,0.917642,0.041421,0.032656,0.002472,0.005809
validation,9486,0,0.983559,0.00946,0.003719,0.002101,0.001161
validation,9487,0,0.829679,0.009747,0.152266,0.002076,0.006232
validation,9507,0,0.997832,0.001445,0.000129,0.000142,0.000452
validation,9510,0,0.930542,0.023719,0.017534,0.013577,0.014628
validation,9511,0,0.952207,0.024648,0.009147,0.002386,0.011613
validation,9512,0,0.28772,0.006156,0.002804,0.001189,0.702132
validation,9518,0,0.995709,0.001308,0.000387,0.002125,0.00047
validation,9524,0,0.968228,0.007558,0.007799,0.00085,0.015565
validation,9540,0,0.940209,0.042539,0.005721,0.00542,0.00611
validation,9566,0,0.991281,0.003621,0.001384,0.001057,0.002657
validation,9575,0,0.931123,0.018572,0.031187,0.014442,0.004676
validation,9589,0,0.973714,0.012942,0.010243,0.002231,0.000871
validation,9591,0,0.880355,0.041799,0.042934,0.015655,0.019257
validation,9594,0,0.739789,0.043692,0.076799,0.006885,0.132835
validation,9606,0,0.952497,0.020904,0.009561,0.009032,0.008006
validation,9614,0,0.978567,0.005174,0.015591,0.000399,0.000268
validation,9633,0,0.964743,0.012486,0.006846,0.010057,0.005867
validation,9636,0,0.84422,0.03609,0.014499,0.024232,0.08096
validation,9654,0,0.748416,0.084061,0.047849,0.072942,0.046733
validation,9656,0,0.968359,0.007833,0.003866,0.014837,0.005105
validation,9675,0,0.62647,0.104118,0.178004,0.061138,0.03027
validation,9682,0,0.968006,0.014184,0.00536,0.001934,0.010517
validation,9702,0,0.963457,0.021163,0.008705,0.002021,0.004655
validation,9713,0,0.973457,0.010645,0.003394,0.003582,0.008922
validation,9717,0,0.907926,0.050971,0.018234,0.008855,0.014014
validation,9740,0,0.452329,0.126179,0.073379,0.042849,0.305265
validation,9745,0,0.785611,0.031598,0.121148,0.055732,0.005911
validation,9751,0,0.000801,1.9e-05,4e-05,2.1e-05,0.999118
validation,9752,0,0.984701,0.008107,0.004731,0.000902,0.001559
validation,9756,0,0.351919,0.014946,0.005244,0.002801,0.625089
validation,9765,0,0.977043,0.014948,0.003932,0.001739,0.002338
validation,9770,0,0.17349,0.011828,0.007772,0.013625,0.793285
validation,9771,0,0.65012,0.033937,0.029221,0.002827,0.283896
validation,9773,1,0.544808,0.071254,0.141273,0.132433,0.110232
validation,9776,0,0.995579,0.00258,0.001275,0.000385,0.00018
validation,9781,0,1e-06,0.0,0.0,0.0,0.999998
validation,9784,4,0.004454,0.055485,0.884511,0.002229,0.053321
validation,9837,0,0.524334,0.034255,0.016724,0.024067,0.400621
validation,9859,0,0.902281,0.050974,0.020295,0.002843,0.023607
validation,9865,0,0.133185,0.239771,0.109512,0.366419,0.151112
validation,9870,0,0.905078,0.044173,0.035744,0.008739,0.006266
validation,9880,0,0.984063,0.007507,0.003549,0.001773,0.003107
validation,9898,0,0.854074,0.024112,0.086737,0.006985,0.028093
validation,9905,0,0.383926,0.067361,0.153806,0.025627,0.369279
validation,9911,0,0.888514,0.024678,0.076824,0.006914,0.00307
validation,9924,0,0.955624,0.023772,0.013827,0.003119,0.003658
validation,9935,0,0.931536,0.022724,0.024089,0.006369,0.015281
validation,9941,0,0.97612,0.012896,0.005638,0.003103,0.002243
validation,9952,0,0.981425,0.005572,0.004285,0.004012,0.004705
validation,9966,0,0.94045,0.032016,0.011806,0.0048,0.010929
validation,9979,0,0.95909,0.004903,0.033748,0.000894,0.001365
validation,9980,0,0.976789,0.013449,0.003143,0.002576,0.004043
validation,9982,0,0.960789,0.012827,0.017288,0.006623,0.002473
validation,9985,0,0.000221,5e-05,2.8e-05,1.4e-05,0.999686
validation,9995,0,0.045572,0.015553,0.063239,0.42181,0.453826
validation,10003,0,0.004334,0.000458,0.000289,0.994333,0.000587
validation,10011,0,0.963453,0.015967,0.016312,0.001997,0.00227
validation,10021,0,0.000102,1.6e-05,1.1e-05,0.000162,0.99971
validation,10027,0,0.944978,0.036521,0.012413,0.002202,0.003886
validation,10030,0,0.706137,0.059472,0.211409,0.011394,0.011588
validation,10036,0,0.197823,0.121599,0.02807,0.499086,0.153421
validation,10037,0,0.537602,0.05555,0.089865,0.281554,0.035429
validation,10042,0,0.994622,0.003623,0.001103,0.0004,0.000253
validation,10043,0,0.098842,0.04286,0.042506,0.775074,0.040719
validation,10046,0,7.3e-05,1.4e-05,0.000128,4e-06,0.999781
validation,10048,0,0.522988,0.132946,0.142522,0.021851,0.179694
validation,10049,0,0.99332,0.004945,0.001045,0.000403,0.000287
validation,10053,0,0.972689,0.01554,0.005825,0.002566,0.00338
validation,10058,0,0.411188,0.181989,0.28055,0.012286,0.113986
validation,10059,0,0.910779,0.015416,0.00916,0.026898,0.037747
validation,10069,0,0.992548,0.004213,0.002279,0.000453,0.000507
validation,10071,0,0.99419,0.002037,0.002898,0.000407,0.000468
validation,10079,0,0.979277,0.009115,0.004033,0.003953,0.003622
validation,10081,0,0.928154,0.025762,0.013582,0.003055,0.029448
validation,10084,0,0.950614,0.02024,0.015706,0.006199,0.007242
validation,10091,0,1.3e-05,5e-06,6e-06,2e-06,0.999974
validation,10093,0,0.888895,0.016851,0.038471,0.030537,0.025246
validation,10101,0,0.897528,0.027416,0.054165,0.003077,0.017814
validation,10118,4,0.511149,0.034888,0.136524,0.014878,0.302561
validation,10128,0,0.975439,0.011057,0.003376,0.0071,0.003028
validation,10134,4,0.819019,0.075827,0.043649,0.005777,0.055728
validation,10136,0,0.890755,0.013993,0.088145,0.002664,0.004442
validation,10139,0,0.926853,0.028722,0.013066,0.006927,0.024432
validation,10142,0,0.693895,0.011585,0.00838,0.013946,0.272194
validation,10149,0,0.162357,0.73521,0.030209,0.017658,0.054565
validation,10151,0,0.957521,0.019978,0.014744,0.003834,0.003923
validation,10157,0,0.991565,0.004245,0.002044,0.000902,0.001244
validation,10164,0,0.983677,0.006373,0.006141,0.000898,0.002911
validation,10175,0,0.970041,0.003657,0.002444,0.000702,0.023155
validation,10187,0,0.844238,0.033993,0.043771,0.017406,0.060592
validation,10194,0,0.99921,0.000508,8.8e-05,0.000105,8.9e-05
validation,10198,0,0.00911,0.021534,0.950805,0.003158,0.015393
validation,10202,0,0.911453,0.012684,0.049922,0.005806,0.020134
validation,10208,0,0.978937,0.006456,0.004239,0.00858,0.001788
validation,10211,0,0.99726,0.001623,0.000533,0.000284,0.0003
validation,10220,0,0.885679,0.057151,0.030587,0.015013,0.01157
validation,10225,0,0.981903,0.011927,0.003807,0.00094,0.001423
validation,10226,0,0.974827,0.010675,0.006935,0.002839,0.004724
validation,10235,0,0.859474,0.04381,0.013001,0.006657,0.077058
validation,10238,0,0.971937,0.014579,0.009198,0.001329,0.002956
validation,10247,0,0.010358,0.004915,0.960358,0.002209,0.02216
validation,10252,0,0.936306,0.021101,0.015921,0.002552,0.02412
validation,10259,0,0.946243,0.020386,0.021682,0.003568,0.008121
validation,10263,0,0.473703,0.091946,0.192061,0.066976,0.175314
validation,10265,0,0.96453,0.013483,0.008118,0.002465,0.011404
validation,10269,0,0.312644,0.063206,0.06407,0.153306,0.406775
validation,10282,0,0.961299,0.01733,0.005395,0.001892,0.014084
validation,10287,0,0.722644,0.127779,0.079846,0.029718,0.040013
validation,10292,0,0.983876,0.003346,0.004009,0.000959,0.00781
validation,10294,0,0.970779,0.009937,0.004539,0.001885,0.012861
validation,10295,0,0.876373,0.030254,0.079072,0.006682,0.007619
validation,10307,0,5e-06,2e-06,4e-06,1e-06,0.999989
validation,10316,0,0.976987,0.009373,0.0079,0.002207,0.003533
validation,10318,0,0.7508,0.049577,0.059484,0.092742,0.047397
validation,10323,0,0.000757,0.000492,0.000445,5.6e-05,0.99825
validation,10325,0,0.899117,0.033129,0.031594,0.01783,0.018329
validation,10328,0,0.991363,0.006352,0.001049,0.000656,0.00058
validation,10338,0,0.001112,0.001096,0.00257,0.000406,0.994817
validation,10339,0,0.972031,0.009566,0.007532,0.008116,0.002755
validation,10342,0,0.321718,0.043861,0.056816,0.550869,0.026737
validation,10343,0,0.981207,0.010039,0.001478,0.003369,0.003907
validation,10344,0,0.169734,0.009898,0.006629,0.742049,0.07169
validation,10349,0,0.479106,0.012357,0.491243,0.006303,0.01099
validation,10353,0,2e-06,0.0,0.0,0.0,0.999998
validation,10367,0,0.998323,0.000753,0.000186,6.7e-05,0.00067
validation,10369,4,0.409615,0.040722,0.512581,0.021074,0.016007
validation,10373,0,0.969148,0.009303,0.01232,0.00198,0.00725
validation,10387,0,0.965766,0.015673,0.007618,0.002607,0.008336
validation,10388,0,0.628795,0.158608,0.094669,0.02664,0.091289
validation,10392,0,0.894288,0.004225,0.095518,0.004103,0.001865
validation,10412,0,0.031733,0.000175,8e-05,0.967975,3.6e-05
validation,10418,0,0.961463,0.021642,0.011426,0.002549,0.002919
validation,10419,0,0.836537,0.08948,0.038615,0.013725,0.021642
validation,10420,0,0.967283,0.011649,0.005227,0.008408,0.007434
validation,10425,0,0.757305,0.081827,0.037888,0.011484,0.111496
validation,10428,0,0.972487,0.009741,0.003818,0.001515,0.012439
validation,10440,0,0.957171,0.022467,0.006625,0.004937,0.0088
validation,10445,0,0.88516,0.01785,0.037631,0.011596,0.047763
validation,10447,0,0.968763,0.017075,0.007309,0.002199,0.004655
validation,10457,0,0.000533,4.6e-05,1.2e-05,0.151031,0.848378
validation,10477,0,0.510295,0.085798,0.13712,0.013651,0.253137
validation,10495,0,0.993281,0.002924,0.002721,0.000576,0.000498
validation,10497,4,0.190492,0.104021,0.044744,0.019734,0.64101
validation,10506,0,0.992937,0.005449,0.001092,8e-05,0.000441
validation,10509,0,0.057113,0.003819,0.01214,0.002713,0.924216
validation,10510,0,0.952917,0.030409,0.008965,0.003529,0.004181
validation,10523,0,0.461352,0.167028,0.152822,0.029287,0.189511
validation,10532,0,0.553675,0.230217,0.076729,0.04744,0.091938
validation,10533,0,0.994316,0.003539,0.00107,0.000333,0.000742
validation,10540,0,0.978006,0.019121,0.001071,0.000896,0.000906
validation,10544,0,0.928788,0.041304,0.019139,0.003577,0.007193
validation,10571,0,0.586823,0.056168,0.009401,0.006685,0.340922
validation,10577,0,0.996312,0.002744,0.000491,0.000275,0.000178
validation,10583,0,0.993292,0.003424,0.001528,0.000505,0.001252
validation,10588,0,0.126205,0.06825,0.029963,0.061836,0.713746
validation,10604,0,0.956058,0.022225,0.011208,0.005246,0.005263
validation,10607,0,0.962767,0.016061,0.009807,0.002823,0.008542
validation,10618,0,0.994508,0.002611,0.002134,0.000309,0.000437
validation,10635,1,0.645214,0.01935,0.245033,0.027647,0.062757
validation,10641,0,0.994657,0.002198,0.001864,0.000502,0.00078
validation,10654,0,0.935533,0.03007,0.010119,0.011758,0.012521
validation,10662,0,0.806851,0.004328,0.001929,0.186017,0.000875
validation,10664,0,0.930715,0.025612,0.02104,0.013657,0.008976
validation,10675,0,0.079794,0.105266,0.068603,0.690993,0.055344
validation,10695,0,0.361877,0.033409,0.549704,0.013742,0.041267
validation,10712,0,0.780787,0.078991,0.031466,0.054967,0.053789
validation,10714,0,0.87408,0.022062,0.08433,0.005174,0.014352
validation,10722,0,0.97701,0.018016,0.00305,0.001305,0.000618
validation,10730,0,0.561007,0.078378,0.284579,0.024412,0.051624
validation,10734,0,0.955717,0.019413,0.007066,0.008519,0.009286
validation,10749,0,0.527148,0.051844,0.022707,0.224527,0.173775
validation,10750,0,0.94381,0.037619,0.006964,0.008208,0.003399
validation,10751,0,0.943716,0.017563,0.035143,0.001621,0.001957
validation,10753,0,0.970999,0.011051,0.012206,0.003753,0.001991
validation,10758,0,0.919444,0.025306,0.034962,0.013092,0.007197
validation,10764,0,0.064015,0.349812,0.028344,0.376128,0.1817
validation,10767,0,0.947448,0.0269,0.015433,0.003737,0.006481
validation,10777,1,0.886215,0.052309,0.03083,0.005088,0.025558
validation,10783,0,0.963465,0.009446,0.018357,0.00616,0.002572
validation,10785,0,0.959407,0.032015,0.004133,0.002399,0.002046
validation,10795,0,0.906504,0.044772,0.023663,0.006439,0.018622
validation,10796,0,0.987977,0.003488,0.002252,0.000737,0.005546
validation,10799,0,0.470956,0.052806,0.419072,0.012311,0.044856
validation,10806,0,0.936556,0.046919,0.012082,0.003398,0.001045
validation,10815,0,0.957083,0.013215,0.009633,0.004368,0.015701
validation,10817,0,0.908619,0.029424,0.025074,0.023999,0.012885
validation,10819,0,0.966707,0.010347,0.010781,0.004877,0.007287
validation,10823,0,0.662221,0.235036,0.024035,0.058642,0.020067
validation,10827,0,0.793768,0.048074,0.101107,0.012392,0.044659
validation,10834,0,0.982311,0.004186,0.005769,0.00711,0.000624
validation,10849,0,0.938454,0.02619,0.005772,0.003053,0.026531
validation,10853,0,0.96466,0.017057,0.012833,0.001674,0.003776
validation,10860,0,0.964209,0.026421,0.002896,0.002297,0.004177
validation,10874,0,0.93293,0.032581,0.008759,0.010134,0.015596
validation,10891,0,0.994538,0.003012,0.001323,0.000646,0.000481
validation,10892,0,0.010589,0.005482,0.010793,0.001606,0.97153
validation,10896,0,0.981291,0.010356,0.00331,0.001877,0.003167
validation,10897,0,0.564108,0.084894,0.19793,0.051264,0.101804
validation,10912,0,0.992423,0.002777,0.001812,0.001824,0.001165
validation,10916,0,0.995028,0.003101,0.001026,0.000273,0.000571
validation,10921,0,0.547297,0.046656,0.025729,0.010082,0.370237
validation,10924,0,0.948372,0.024393,0.015469,0.002524,0.009241
validation,10929,0,0.040392,0.05204,0.053124,0.447721,0.406723
validation,10942,0,0.551838,0.201156,0.104264,0.023086,0.119656
validation,10943,0,0.957984,0.017469,0.018437,0.002352,0.003758
validation,10946,0,0.897696,0.057973,0.017658,0.013106,0.013567
validation,10949,0,0.138623,0.02596,0.772398,0.009945,0.053074
validation,10952,0,0.742881,0.086529,0.089424,0.02989,0.051276
validation,10959,0,0.540073,0.032477,0.36276,0.037666,0.027024
validation,10963,0,0.844056,0.03932,0.031902,0.056229,0.028493
validation,10967,0,0.546133,0.152272,0.077806,0.027192,0.196597
validation,10978,0,0.003139,0.000344,0.000157,0.000126,0.996234
validation,11004,0,0.483049,0.195281,0.284928,0.001276,0.035467
validation,11016,0,0.986581,0.004789,0.002698,0.00162,0.004312
validation,11038,0,0.919519,0.02925,0.01718,0.005737,0.028315
validation,11041,0,0.455664,0.035524,0.025306,0.423004,0.060501
validation,11045,0,0.995549,0.001864,0.001325,0.000643,0.000618
validation,11047,0,0.896583,0.03061,0.042412,0.008281,0.022114
validation,11048,0,0.933155,0.040128,0.007828,0.009487,0.009402
validation,11072,0,0.83353,0.051566,0.033774,0.012486,0.068644
validation,11074,0,0.490966,0.204542,0.153787,0.042801,0.107905
validation,11080,0,0.433244,0.05428,0.132345,0.32814,0.051991
validation,11085,0,0.708438,0.192323,0.024148,0.029645,0.045447
validation,11086,0,0.486763,0.012042,0.01609,0.24191,0.243196
validation,11095,0,0.993413,0.002744,0.002457,0.000719,0.000668
validation,11098,0,0.63984,0.019324,0.275001,0.009248,0.056587
validation,11109,0,0.915722,0.023372,0.019056,0.003328,0.038522
validation,11113,0,0.009621,0.000239,0.000212,8.6e-05,0.989842
validation,11116,0,0.477983,0.161429,0.071417,0.078724,0.210447
validation,11122,0,0.664307,0.225684,0.026517,0.038713,0.044778
validation,11136,0,0.926781,0.040443,0.016362,0.005958,0.010456
validation,11138,0,0.523806,0.414546,0.013772,0.036958,0.010919
validation,11148,0,0.981802,0.009269,0.006528,0.001458,0.000942
validation,11162,0,0.488475,0.024314,0.469264,0.007305,0.010641
validation,11175,0,4.6e-05,7e-06,5e-06,1e-05,0.999932
validation,11177,4,0.652038,0.03379,0.024056,0.011921,0.278196
validation,11180,0,0.992788,0.004497,0.00134,0.000626,0.000748
validation,11183,0,0.934629,0.011903,0.014535,0.021794,0.017141
validation,11187,0,0.789216,0.030415,0.168358,0.006382,0.005628
validation,11195,0,0.989869,0.005735,0.002312,0.001216,0.000868
validation,11214,0,0.263351,0.060217,0.077523,0.369872,0.229036
validation,11218,0,0.93437,0.022932,0.012036,0.024754,0.005908
validation,11224,0,0.996025,0.001221,0.001702,0.000681,0.000371
validation,11225,0,0.821445,0.163017,0.007547,0.004479,0.003513
validation,11237,0,0.931628,0.021801,0.007175,0.002544,0.036851
validation,11238,0,0.992304,0.004653,0.000881,0.001654,0.000508
validation,11247,0,0.810343,0.049564,0.063568,0.012545,0.06398
validation,11252,0,0.914279,0.033821,0.031282,0.005608,0.015011
validation,11263,0,0.976295,0.012015,0.007603,0.001119,0.002968
validation,11265,0,0.921064,0.033113,0.019605,0.003171,0.023048
validation,11267,0,0.990643,0.007157,0.001329,0.000367,0.000503
validation,11271,0,0.993974,0.004156,0.001013,0.000319,0.000538
validation,11274,0,0.941681,0.027809,0.008882,0.003418,0.01821
validation,11280,0,0.822528,0.059721,0.04246,0.015737,0.059553
validation,11281,0,0.953742,0.01918,0.008645,0.004694,0.013739
validation,11282,0,0.513301,0.117859,0.025076,0.004912,0.338851
validation,11287,0,0.809534,0.022488,0.030604,0.050035,0.087339
validation,11294,0,0.973725,0.015561,0.003264,0.002525,0.004925
validation,11310,0,0.628939,0.066128,0.031679,0.011411,0.261843
validation,11315,4,0.072776,0.010981,0.007167,0.01751,0.891565
validation,11325,0,0.688077,0.011618,0.286351,0.006406,0.007548
validation,11327,0,0.342064,0.039501,0.011124,0.004954,0.602357
validation,11330,0,0.776304,0.021,0.193004,0.003468,0.006225
validation,11335,0,0.912147,0.036782,0.014572,0.022275,0.014224
validation,11336,0,0.979973,0.012079,0.003011,0.001356,0.003581
validation,11342,0,0.760796,0.07805,0.087464,0.03463,0.039062
validation,11345,0,0.923597,0.01275,0.007583,0.005129,0.050941
validation,11357,0,0.975136,0.011447,0.006738,0.001084,0.005595
validation,11358,0,0.966492,0.020353,0.00532,0.005356,0.002479
validation,11362,0,0.956314,0.022686,0.009456,0.004923,0.006622
validation,11364,0,0.983874,0.005969,0.00539,0.001214,0.003552
validation,11365,0,0.906912,0.044253,0.018214,0.0139,0.016722
validation,11371,0,0.988216,0.006166,0.002218,0.001557,0.001844
validation,11373,0,0.996557,0.000956,0.001863,0.000314,0.000311
validation,11383,0,0.270277,0.085906,0.480038,0.023674,0.140105
validation,11385,0,0.651806,0.030939,0.035982,0.150859,0.130414
validation,11388,0,0.009278,0.007577,0.555214,0.001226,0.426705
validation,11392,0,0.075129,0.035468,0.007791,0.288643,0.592969
validation,11396,0,0.563386,0.059003,0.286619,0.086909,0.004083
validation,11397,0,0.737943,0.023249,0.019016,0.206711,0.013081
validation,11408,0,0.851136,0.029833,0.027198,0.00492,0.086913
validation,11430,1,0.626086,0.01645,0.005404,0.002541,0.349518
validation,11435,0,0.982919,0.006429,0.007498,0.002487,0.000667
validation,11449,0,0.400616,0.051961,0.398067,0.142698,0.006658
validation,11450,0,0.945983,0.021147,0.018002,0.004231,0.010637
validation,11454,0,0.270615,0.063497,0.045177,0.039959,0.580752
validation,11459,0,0.375502,0.05031,0.054466,0.422234,0.097487
validation,11461,0,0.502557,0.15444,0.096819,0.106858,0.139327
validation,11462,0,0.968354,0.017734,0.004199,0.003306,0.006407
validation,11474,0,0.890749,0.038848,0.047048,0.003652,0.019704
validation,11485,0,0.690702,0.269305,0.014343,0.004032,0.021617
validation,11490,4,0.918577,0.036427,0.017384,0.007698,0.019915
validation,11491,0,0.972476,0.009681,0.014288,0.001498,0.002058
validation,11499,0,0.462632,0.189054,0.143062,0.060926,0.144325
validation,11512,0,0.982361,0.009587,0.004579,0.00195,0.001523
validation,11522,0,0.791467,0.03917,0.072959,0.010447,0.085957
validation,11547,0,0.990409,0.003945,0.004035,0.000678,0.000932
validation,11549,0,0.23687,0.00465,0.002527,0.754445,0.001507
validation,11552,0,0.979505,0.011043,0.003229,0.002141,0.004081
validation,11554,0,0.956792,0.016989,0.00861,0.002769,0.01484
validation,11574,0,0.988682,0.0053,0.002403,0.002002,0.001614
validation,11579,0,0.199139,0.744525,0.016491,0.018377,0.021468
validation,11583,0,0.847389,0.036699,0.035427,0.012699,0.067786
validation,11585,0,0.0,0.0,0.0,0.0,1.0
validation,11589,0,0.983334,0.009511,0.00414,0.001368,0.001646
validation,11592,0,0.970367,0.007121,0.019669,0.001564,0.001279
validation,11596,0,0.972428,0.010778,0.014251,0.001244,0.0013
validation,11597,0,0.895592,0.07891,0.011509,0.007166,0.006824
validation,11598,0,0.97009,0.017214,0.006744,0.003665,0.002288
validation,11606,0,0.982198,0.007054,0.00229,0.001314,0.007144
validation,11612,0,0.83088,0.097223,0.029706,0.011823,0.030368
validation,11618,0,0.642089,0.310884,0.011055,0.003381,0.032591
validation,11622,0,0.063709,0.059669,0.770703,0.015997,0.089922
validation,11626,0,0.194957,0.300653,0.114787,0.041933,0.347671
validation,11628,0,0.096012,0.023355,0.44692,0.10364,0.330073
validation,11635,0,0.962707,0.018541,0.008174,0.001934,0.008645
validation,11636,0,0.930342,0.01727,0.022251,0.010518,0.01962
validation,11651,0,0.315895,0.081041,0.115536,0.010943,0.476586
validation,11656,0,0.895555,0.016654,0.014899,0.060571,0.012321
validation,11661,0,0.182339,0.027623,0.012519,0.06671,0.710808
validation,11663,0,0.993536,0.003073,0.001368,0.000898,0.001124
validation,11689,0,0.996458,0.001587,0.001038,0.00056,0.000357
validation,11690,0,0.738863,0.016418,0.226787,0.007501,0.010431
validation,11692,0,0.044107,0.001452,0.002066,0.000526,0.95185
validation,11695,0,0.985428,0.009772,0.002758,0.000525,0.001517
validation,11699,0,0.028973,0.008875,0.254862,0.008851,0.698439
validation,11704,0,0.993632,0.003486,0.001462,0.00059,0.000829
validation,11705,0,0.966643,0.016349,0.003537,0.007221,0.006251
validation,11722,0,0.864487,0.053406,0.014908,0.022201,0.044998
validation,11723,0,0.25331,0.020325,0.039987,0.54084,0.145539
validation,11726,0,0.041299,0.764842,0.016607,0.064031,0.113221
validation,11729,0,0.992147,0.003362,0.002261,0.001468,0.000761
validation,11736,0,0.870704,0.060256,0.043949,0.005,0.020091
validation,11739,0,0.971682,0.011695,0.005683,0.007449,0.003492
validation,11741,0,0.642443,0.016531,0.010077,0.001758,0.32919
validation,11743,0,0.667334,0.040044,0.024702,0.234016,0.033904
validation,11751,0,0.948059,0.032728,0.009456,0.003937,0.00582
validation,11755,0,0.935973,0.027505,0.013306,0.004538,0.018678
validation,11761,0,0.97817,0.007439,0.003154,0.003025,0.008211
validation,11766,0,0.777099,0.080054,0.029025,0.040328,0.073494
validation,11770,0,2.8e-05,6e-06,4e-06,5e-06,0.999957
validation,11772,0,0.966125,0.020961,0.006118,0.003247,0.00355
validation,11778,0,0.896638,0.044106,0.022901,0.007486,0.028869
validation,11780,0,0.985394,0.007491,0.004009,0.001143,0.001963
validation,11782,0,0.083635,0.028715,0.781521,0.021634,0.084495
validation,11784,0,0.998115,0.000971,0.000412,0.000285,0.000216
validation,11787,0,0.933446,0.031822,0.014653,0.006598,0.01348
validation,11789,0,0.657083,0.053895,0.162205,0.030226,0.096591
validation,11801,0,0.450952,0.116326,0.062599,0.280394,0.089729
validation,11814,0,0.76747,0.059779,0.051398,0.02557,0.095783
validation,11819,0,0.995092,0.003502,0.000799,0.000214,0.000393
validation,11821,0,0.838849,0.069024,0.036572,0.021789,0.033766
validation,11825,0,0.984453,0.008107,0.005615,0.001138,0.000686
validation,11826,0,0.947088,0.019925,0.009579,0.00218,0.021228
validation,11837,0,0.968666,0.013823,0.009177,0.004438,0.003897
validation,11840,0,0.828386,0.1085,0.036902,0.014844,0.011367
validation,11847,0,0.993076,0.003493,0.00241,0.000444,0.000576
validation,11854,0,0.96337,0.007124,0.002929,0.0037,0.022877
validation,11865,0,0.996433,0.001182,0.001442,0.000374,0.000568
validation,11869,0,0.886693,0.036435,0.029598,0.016623,0.030651
validation,11872,0,0.953493,0.028976,0.008117,0.003737,0.005677
validation,11873,0,0.965372,0.022453,0.004903,0.005514,0.001758
validation,11878,0,0.997416,0.000967,0.000974,0.000343,0.0003
validation,11889,0,0.817785,0.113996,0.034158,0.011633,0.022428
validation,11891,0,0.999258,0.000346,0.000168,8.3e-05,0.000144
validation,11892,0,0.923735,0.03129,0.015597,0.010762,0.018616
validation,11896,0,0.968841,0.00275,0.004008,0.002282,0.022119
validation,11903,0,0.927597,0.044693,0.018657,0.002307,0.006746
validation,11904,0,0.557094,0.003753,0.003938,0.058474,0.376741
validation,11908,0,0.905658,0.009304,0.076463,0.004797,0.003778
validation,11909,0,0.983919,0.007957,0.006286,0.000897,0.000942
validation,11910,0,0.639565,0.059473,0.229873,0.017541,0.053547
validation,11917,0,0.978963,0.005026,0.00286,0.008026,0.005126
validation,11919,0,0.724603,0.134055,0.036573,0.036407,0.068363
validation,11924,0,0.916007,0.066676,0.006235,0.00259,0.008491
validation,11941,0,2.9e-05,3e-06,2e-06,2e-06,0.999964
validation,11942,0,0.317626,0.180361,0.053274,0.256481,0.192258
validation,11947,0,0.993419,0.004137,0.001529,0.000432,0.000483
validation,11961,0,0.93329,0.017415,0.009574,0.004977,0.034742
validation,11965,0,0.723218,0.107182,0.044551,0.060836,0.064214
validation,11967,0,0.970744,0.014725,0.00622,0.00175,0.006561
validation,11970,0,0.962791,0.017618,0.010349,0.002524,0.006718
validation,11974,0,0.501401,0.076646,0.084545,0.069551,0.267858
validation,11976,0,0.994882,0.001646,0.001576,0.000385,0.001511
validation,11995,0,0.608048,0.004427,0.067022,0.001512,0.318991
validation,12002,0,0.949711,0.02203,0.014482,0.003946,0.009832
validation,12007,0,0.908354,0.026553,0.048585,0.002757,0.013751
validation,12020,0,0.959443,0.023113,0.006335,0.001194,0.009915
validation,12024,0,0.983755,0.005735,0.003945,0.003782,0.002783
validation,12033,0,0.986028,0.007211,0.004647,0.001135,0.000979
validation,12037,0,0.0,1.3e-05,0.0,1e-06,0.999985
validation,12039,0,0.267586,0.013586,0.162877,0.001076,0.554875
validation,12043,0,0.014082,0.031725,0.083402,0.069193,0.801598
validation,12044,0,0.969956,0.007159,0.005274,0.002081,0.015531
validation,12055,0,0.444456,0.271369,0.09811,0.056886,0.129179
validation,12060,0,0.16397,0.154417,0.014606,0.020261,0.646746
validation,12062,0,0.782919,0.02738,0.018921,0.119602,0.051179
validation,12069,0,0.375268,0.179779,0.091394,0.129272,0.224286
validation,12070,0,0.039819,0.035224,0.006588,0.002061,0.916308
validation,12087,0,0.469768,0.090729,0.034883,0.36925,0.035369
validation,12089,0,0.361626,0.080832,0.081334,0.425563,0.050645
validation,12090,0,0.957964,0.037406,0.00239,0.000759,0.00148
validation,12111,0,0.56518,0.121568,0.067034,0.033518,0.212701
validation,12114,0,0.912186,0.049308,0.007753,0.004334,0.026419
validation,12115,0,0.982522,0.007717,0.003317,0.00209,0.004355
validation,12116,0,0.887411,0.021223,0.066442,0.004898,0.020025
validation,12126,0,0.79001,0.082014,0.022649,0.060201,0.045125
validation,12129,0,0.180382,0.022495,0.156577,0.603271,0.037274
validation,12140,0,0.97981,0.004992,0.002961,0.009593,0.002644
validation,12145,0,0.057245,0.023283,0.110695,0.035429,0.773349
validation,12150,0,0.254146,0.006433,0.00357,0.001044,0.734808
validation,12152,0,0.982473,0.0071,0.004053,0.002115,0.004259
validation,12154,0,0.891426,0.025573,0.019465,0.012507,0.051029
validation,12159,0,0.042592,0.00403,0.001636,0.018501,0.93324
validation,12168,0,0.400978,0.025335,0.017528,0.004768,0.551392
validation,12191,0,0.987191,0.005882,0.004458,0.00088,0.00159
validation,12197,0,0.938192,0.043588,0.00578,0.003501,0.00894
validation,12200,0,0.97954,0.013099,0.003988,0.00249,0.000882
validation,12201,0,0.466318,0.019551,0.024057,0.004919,0.485155
validation,12203,0,0.952816,0.023861,0.018644,0.001723,0.002957
validation,12208,0,0.033924,0.017522,0.004911,0.064375,0.879268
validation,12211,0,0.963437,0.016801,0.00542,0.008063,0.006278
validation,12212,1,0.905152,0.041128,0.024096,0.006295,0.02333
validation,12228,0,0.515141,0.360673,0.050326,0.021997,0.051862
validation,12231,0,0.774787,0.194021,0.010513,0.003355,0.017323
validation,12243,0,0.896549,0.055273,0.030772,0.004825,0.012581
validation,12255,0,0.938989,0.019345,0.015566,0.022132,0.003967
validation,12262,0,0.978105,0.006747,0.011997,0.000788,0.002364
validation,12272,0,0.931831,0.029305,0.021288,0.00916,0.008417
validation,12274,0,0.584143,0.190356,0.20067,0.006589,0.018242
validation,12275,0,0.259805,0.201801,0.089168,0.162028,0.287198
validation,12282,0,0.794705,0.006538,0.192745,0.003581,0.00243
validation,12289,0,0.963371,0.020421,0.009222,0.002851,0.004135
validation,12291,0,0.221667,0.637658,0.018112,0.003525,0.119039
validation,12294,0,0.807308,0.042584,0.118674,0.004483,0.026952
validation,12296,0,0.949336,0.024881,0.010264,0.003758,0.01176
validation,12302,0,0.944037,0.01045,0.025839,0.013373,0.006301
validation,12314,0,0.007495,0.005486,0.005301,0.002306,0.979412
validation,12319,0,0.966236,0.018157,0.006509,0.003444,0.005654
validation,12325,0,0.994004,0.00289,0.001255,0.001278,0.000573
validation,12329,0,0.97879,0.007602,0.00831,0.0014,0.003898
validation,12330,0,0.997496,0.001078,0.000941,0.000293,0.000192
validation,12336,0,0.692046,0.011992,0.003792,0.003198,0.288971
validation,12337,0,0.861615,0.043632,0.020412,0.052358,0.021983
validation,12341,0,0.988056,0.006756,0.001617,0.000645,0.002926
validation,12344,0,0.904283,0.074584,0.010525,0.004437,0.00617
validation,12347,0,0.992968,0.005172,0.000527,0.000161,0.001171
validation,12359,0,0.72206,0.092709,0.03681,0.049635,0.098785
validation,12368,0,0.958995,0.002544,0.000586,0.035586,0.002288
validation,12373,0,0.907274,0.035425,0.015232,0.026557,0.015512
validation,12378,0,0.893531,0.045075,0.02548,0.011599,0.024314
validation,12382,0,0.988454,0.005432,0.00138,0.001962,0.002772
validation,12389,0,0.998758,0.00072,0.000268,0.000101,0.000153
validation,12399,0,0.942625,0.019697,0.024346,0.004228,0.009105
validation,12409,0,0.964393,0.017512,0.0117,0.003227,0.003168
validation,12415,0,0.857879,0.064299,0.01246,0.031811,0.033551
validation,12437,0,0.972488,0.009441,0.013171,0.001124,0.003776
validation,12440,0,0.978615,0.011793,0.006808,0.001742,0.001043
validation,12443,0,0.946939,0.014834,0.020627,0.00347,0.01413
validation,12449,0,0.972578,0.01136,0.006632,0.007631,0.001799
validation,12462,0,0.029907,0.04662,0.767304,0.010523,0.145647
validation,12464,0,0.017646,0.001091,0.00079,0.979979,0.000494
validation,12468,0,0.434918,0.021591,0.010006,0.007598,0.525886
validation,12469,0,0.971782,0.020692,0.003563,0.002067,0.001895
validation,12470,0,0.833311,0.101785,0.043697,0.003803,0.017403
validation,12482,0,0.895068,0.039866,0.03479,0.01507,0.015207
validation,12489,0,0.968391,0.010643,0.008712,0.003855,0.0084
validation,12490,0,0.972962,0.007127,0.014817,0.002767,0.002327
validation,12496,0,0.9871,0.005291,0.004327,0.001795,0.001487
validation,12501,0,0.969961,0.011212,0.006287,0.001912,0.010628
validation,12504,0,0.418193,0.310252,0.105194,0.064725,0.101636
validation,12505,0,0.973352,0.015846,0.005201,0.002173,0.003428
validation,12507,0,0.492556,0.238442,0.095027,0.056522,0.117452
validation,12509,0,0.962007,0.012173,0.011163,0.003897,0.010759
validation,12511,0,0.962448,0.024789,0.003216,0.005314,0.004233
validation,12517,0,0.96499,0.020121,0.00783,0.003526,0.003532
validation,12518,0,0.780686,0.065286,0.018598,0.108415,0.027016
validation,12525,0,0.832315,0.049934,0.029887,0.050093,0.037772
validation,12528,0,0.943183,0.023912,0.00585,0.002362,0.024692
validation,12533,0,0.884616,0.030543,0.035148,0.006866,0.042827
validation,12537,0,0.853895,0.06752,0.031634,0.011557,0.035394
validation,12541,0,0.881723,0.033517,0.053827,0.009368,0.021565
validation,12542,0,0.954233,0.019009,0.011017,0.008306,0.007435
validation,12548,0,0.834963,0.076352,0.018448,0.023356,0.046881
validation,12554,0,0.389884,0.02976,0.021525,0.473156,0.085676
validation,12562,0,0.972489,0.008269,0.015579,0.000811,0.002853
validation,12566,0,0.662586,0.095562,0.092753,0.069001,0.080098
validation,12581,0,0.989842,0.003164,0.001773,0.001929,0.003291
validation,12588,0,0.883988,0.054987,0.035642,0.01146,0.013922
validation,12592,0,0.040745,0.899097,0.018087,0.010192,0.031879
validation,12602,0,0.968375,0.017301,0.005726,0.002504,0.006094
validation,12603,0,0.58683,0.053676,0.108772,0.217424,0.033298
validation,12631,0,0.994543,0.002433,0.002058,0.000511,0.000456
validation,12639,0,0.962791,0.021749,0.007466,0.002705,0.005289
validation,12644,0,0.993007,0.002954,0.002323,0.000947,0.000769
validation,12645,0,0.908526,0.028818,0.021097,0.006103,0.035456
validation,12663,0,0.037773,0.012968,0.055538,0.008962,0.884759
validation,12665,0,0.879461,0.036609,0.040938,0.009768,0.033224
validation,12672,0,0.961411,0.014678,0.018766,0.002323,0.002822
validation,12674,0,0.990626,0.003794,0.002513,0.000821,0.002246
validation,12675,0,0.963123,0.017686,0.009573,0.001579,0.008038
validation,12676,0,0.781708,0.13024,0.034647,0.01111,0.042295
validation,12679,0,0.774184,0.080528,0.039996,0.030267,0.075025
validation,12680,4,0.000109,1.5e-05,0.000175,3.6e-05,0.999665
validation,12693,0,0.723308,0.19121,0.018558,0.005719,0.061206
validation,12695,0,0.952513,0.027454,0.012815,0.002152,0.005065
validation,12696,0,0.016467,0.017324,0.006521,0.000577,0.95911
validation,12702,0,0.918885,0.024484,0.028005,0.003756,0.02487
validation,12705,0,0.97907,0.008512,0.006534,0.001432,0.004452
validation,12710,0,0.869574,0.017112,0.026406,0.035271,0.051637
validation,12717,0,0.0888,0.094567,0.022642,0.009263,0.784728
validation,12727,0,0.980764,0.009275,0.005289,0.003356,0.001316
validation,12728,0,0.899992,0.030171,0.042635,0.012531,0.014671
validation,12754,0,0.839349,0.033338,0.063117,0.014936,0.04926
validation,12759,0,0.997895,0.000756,0.000622,0.000408,0.000318
validation,12761,0,0.915744,0.017388,0.051063,0.003643,0.012162
validation,12777,0,0.997615,0.001181,0.000641,0.000317,0.000247
validation,12782,0,0.69949,0.040995,0.238877,0.004951,0.015687
validation,12794,0,0.937685,0.018165,0.014607,0.005009,0.024534
validation,12816,0,0.954738,0.01745,0.011389,0.003599,0.012824
validation,12818,0,0.58894,0.028147,0.011858,0.003214,0.367841
validation,12831,0,0.934045,0.031695,0.007952,0.004591,0.021716
validation,12833,0,0.844721,0.00668,0.144158,0.00144,0.003001
validation,12853,0,0.929421,0.029836,0.008698,0.01686,0.015185
validation,12857,0,0.967268,0.015643,0.004857,0.005655,0.006578
validation,12865,0,0.943266,0.023567,0.011227,0.008313,0.013628
validation,12866,0,0.981368,0.010023,0.004463,0.00259,0.001557
validation,12873,0,0.891193,0.025211,0.024628,0.01197,0.046998
validation,12875,0,0.965983,0.017199,0.007843,0.006239,0.002735
validation,12880,0,0.950091,0.02312,0.003939,0.004725,0.018125
validation,12894,0,0.990351,0.005953,0.001449,0.000721,0.001527
validation,12895,0,0.996014,0.002037,0.000808,0.000545,0.000595
validation,12900,0,0.98094,0.009381,0.006317,0.001246,0.002115
validation,12902,4,0.534668,0.171723,0.034607,0.22546,0.033541
validation,12905,0,0.987009,0.008721,0.002169,0.000826,0.001275
validation,12919,0,0.931548,0.018248,0.022053,0.015244,0.012908
validation,12925,0,0.277599,0.67876,0.026892,0.010225,0.006524
validation,12926,0,0.104429,0.007233,0.012021,0.002208,0.874108
validation,12929,0,0.973101,0.008186,0.010991,0.00218,0.005543
validation,12930,0,0.95537,0.013631,0.012188,0.003211,0.015601
validation,12933,0,0.955566,0.003031,0.039203,0.000597,0.001603
validation,12934,0,0.985506,0.006369,0.002617,0.001957,0.003551
validation,12937,0,0.787857,0.05202,0.047785,0.012145,0.100194
validation,12943,0,0.582123,0.167207,0.035483,0.059045,0.156142
validation,12948,0,0.910636,0.013431,0.060873,0.002576,0.012484
validation,12950,0,0.96396,0.015777,0.017998,0.001185,0.001081
validation,12952,0,0.959503,0.014291,0.006414,0.005842,0.01395
validation,12956,0,0.946065,0.023845,0.016806,0.005525,0.00776
validation,12959,0,0.97392,0.016507,0.005907,0.002319,0.001347
validation,12984,0,0.974128,0.011414,0.004376,0.001418,0.008664
validation,12985,4,1e-06,0.0,0.0,1e-06,0.999998
validation,12992,0,0.967816,0.012825,0.003197,0.00156,0.014601
validation,13010,0,0.980206,0.011033,0.00328,0.001157,0.004324
validation,13016,0,0.933975,0.025015,0.013756,0.005762,0.021492
validation,13018,0,0.780282,0.065727,0.042948,0.013386,0.097658
validation,13025,0,0.96804,0.016324,0.003632,0.003384,0.00862
validation,13034,0,0.945427,0.013661,0.010386,0.003056,0.027469
validation,13035,0,0.984665,0.011776,0.001928,0.00038,0.001251
validation,13037,0,0.936317,0.034662,0.012914,0.005121,0.010986
validation,13045,0,0.986071,0.005923,0.003196,0.003118,0.001692
validation,13048,0,0.979407,0.010845,0.004535,0.003149,0.002063
validation,13054,0,0.902074,0.044789,0.016893,0.013542,0.022701
validation,13055,0,0.963564,0.011231,0.005762,0.002544,0.016899
validation,13060,0,0.857926,0.067336,0.032877,0.003459,0.038402
validation,13066,0,0.975665,0.011544,0.006286,0.001953,0.004552
validation,13077,0,0.930609,0.040841,0.012291,0.005048,0.011211
validation,13079,0,0.896754,0.008072,0.090205,0.00185,0.003119
validation,13083,0,0.485992,0.374449,0.056558,0.045721,0.03728
validation,13088,0,0.88029,0.033409,0.018912,0.014036,0.053353
validation,13092,0,0.191247,0.004914,0.084644,0.001102,0.718093
validation,13105,0,0.960062,0.011608,0.013171,0.004006,0.011153
validation,13117,0,0.014793,0.006527,0.012961,0.041024,0.924695
validation,13128,0,0.712301,0.061921,0.025006,0.173194,0.027578
validation,13132,0,0.910683,0.030081,0.011292,0.008788,0.039157
validation,13144,0,0.920911,0.052879,0.01188,0.00374,0.01059
validation,13147,0,0.011091,0.003398,0.003946,0.001189,0.980376
validation,13152,0,0.872754,0.084801,0.031933,0.00358,0.006932
validation,13160,0,0.309667,0.161704,0.071983,0.032628,0.424018
validation,13162,0,0.049663,0.016183,0.809346,0.004885,0.119924
validation,13172,0,0.941915,0.040529,0.006208,0.001702,0.009646
validation,13174,0,0.77111,0.016008,0.200646,0.005718,0.006518
validation,13184,0,0.982317,0.008442,0.005509,0.001462,0.00227
validation,13191,0,0.969941,0.010553,0.006344,0.002692,0.01047
validation,13192,0,0.198746,0.020953,0.006895,0.010977,0.762429
validation,13193,0,0.953993,0.025057,0.006365,0.005169,0.009416
validation,13205,0,0.483565,0.012552,0.009918,0.034983,0.458981
validation,13207,0,0.985382,0.005561,0.002632,0.005262,0.001164
validation,13222,0,0.859476,0.031433,0.016083,0.071673,0.021335
validation,13230,0,0.841397,0.070957,0.042914,0.025294,0.019439
validation,13233,0,0.560652,0.01852,0.018191,0.001519,0.401118
validation,13238,0,0.97152,0.015174,0.006682,0.004402,0.002222
validation,13239,0,0.52902,0.09424,0.079023,0.214089,0.083627
validation,13244,0,0.973345,0.011274,0.003345,0.001409,0.010628
validation,13250,0,0.978853,0.010007,0.003895,0.004961,0.002284
validation,13252,0,0.313949,0.013934,0.648578,0.001496,0.022043
validation,13254,0,0.784494,0.067215,0.091219,0.003224,0.053848
validation,13263,0,0.817588,0.065798,0.027103,0.068859,0.020652
validation,13266,0,0.945478,0.019264,0.005645,0.005942,0.023672
validation,13273,0,0.735908,0.079625,0.115631,0.014719,0.054118
validation,13276,0,0.558591,0.023756,0.345005,0.011669,0.060979
validation,13287,0,0.996428,0.001625,0.000993,0.000546,0.000407
validation,13298,0,0.96729,0.013435,0.006456,0.006486,0.006334
validation,13308,0,0.780255,0.064893,0.034292,0.027774,0.092787
validation,13314,0,0.972212,0.012774,0.004229,0.003736,0.007049
validation,13316,0,0.231831,0.015267,0.583591,0.006188,0.163122
validation,13322,0,0.821931,0.107764,0.026176,0.011487,0.032642
validation,13323,0,0.417637,0.115749,0.15916,0.017785,0.289669
validation,13331,0,0.94608,0.01522,0.01819,0.005043,0.015466
validation,13341,0,0.99775,0.00151,0.00016,0.000534,4.6e-05
validation,13351,0,0.927328,0.02748,0.002618,0.008795,0.03378
validation,13356,0,0.329247,0.015818,0.630596,0.011868,0.012471
validation,13369,0,0.722036,0.070302,0.03662,0.057076,0.113966
validation,13375,0,0.740824,0.127256,0.048097,0.030853,0.052969
validation,13385,0,0.929649,0.03838,0.009944,0.00329,0.018737
validation,13392,0,0.975325,0.008459,0.012393,0.001506,0.002318
validation,13394,0,0.863552,0.014349,0.020006,0.007642,0.094452
validation,13401,0,0.048856,0.044477,0.068188,0.21374,0.62474
validation,13408,0,0.957976,0.014027,0.011479,0.002211,0.014308
validation,13417,0,0.913124,0.054009,0.012972,0.015761,0.004135
validation,13423,0,0.033547,0.00857,0.004159,0.942885,0.01084
validation,13429,0,0.917396,0.064384,0.004921,0.001832,0.011467
validation,13431,0,0.879246,0.053213,0.017378,0.026739,0.023425
validation,13432,0,0.941288,0.035368,0.006741,0.004563,0.01204
validation,13438,0,0.928623,0.021697,0.036716,0.001602,0.011363
validation,13448,0,0.818234,0.064674,0.060523,0.010762,0.045808
validation,13453,0,0.840721,0.017074,0.019719,0.004674,0.117812
validation,13476,0,0.404328,0.174517,0.103521,0.048664,0.268969
validation,13485,0,0.443793,0.028133,0.01458,0.455419,0.058075
validation,13486,0,0.912628,0.054166,0.023837,0.003759,0.005611
validation,13496,0,0.939949,0.016583,0.011704,0.002739,0.029025
validation,13502,0,0.968215,0.011734,0.010877,0.00183,0.007344
validation,13506,0,0.97692,0.00866,0.007453,0.000771,0.006196
validation,13507,0,0.956857,0.00279,0.039257,0.00059,0.000506
validation,13512,0,0.908234,0.034124,0.012106,0.014804,0.030732
validation,13514,0,0.280649,0.087276,0.127546,0.488682,0.015847
validation,13516,0,0.379564,0.014591,0.025294,0.356409,0.224142
validation,13519,0,0.716706,0.105164,0.033925,0.085524,0.05868
validation,13526,0,0.953853,0.019877,0.018816,0.002131,0.005323
validation,13529,4,0.429948,0.276627,0.054277,0.141847,0.097301
validation,13537,0,0.880645,0.04048,0.023745,0.046652,0.008478
validation,13547,0,0.969662,0.015295,0.008663,0.003136,0.003244
validation,13550,0,0.984224,0.005324,0.004085,0.001119,0.005248
validation,13554,0,0.979923,0.009867,0.003244,0.002714,0.004252
validation,13565,0,0.965701,0.014166,0.010446,0.004853,0.004833
validation,13567,0,0.152767,0.018428,0.017083,0.758994,0.052728
validation,13570,0,0.991165,0.003467,0.003,0.001557,0.000812
validation,13579,0,0.972694,0.011414,0.006986,0.002824,0.006082
validation,13581,0,0.007817,0.002285,0.001393,0.000235,0.98827
validation,13584,0,0.940784,0.022381,0.007319,0.005078,0.024438
validation,13586,0,0.9496,0.01466,0.031734,0.002092,0.001913
validation,13592,0,0.983582,0.008236,0.004392,0.000764,0.003027
validation,13604,0,0.699311,0.106718,0.095301,0.021595,0.077076
validation,13606,0,0.978097,0.009461,0.005893,0.002362,0.004187
validation,13611,0,0.802972,0.055107,0.024471,0.10031,0.017141
validation,13621,0,0.995354,0.002929,0.000642,0.000657,0.000418
validation,13632,0,0.95582,0.015885,0.005018,0.000487,0.022789
validation,13634,0,0.877644,0.05428,0.04186,0.010779,0.015437
validation,13647,0,0.610251,0.018592,0.009188,0.002039,0.35993
validation,13655,0,0.939682,0.024707,0.012875,0.010088,0.012647
validation,13659,0,0.90975,0.03282,0.031961,0.009402,0.016067
validation,13660,0,0.978097,0.011878,0.006962,0.001076,0.001987
validation,13667,0,0.969236,0.012474,0.00513,0.006711,0.006449
validation,13680,0,0.98355,0.008885,0.00428,0.001618,0.001666
validation,13698,0,0.848011,0.07171,0.033425,0.009898,0.036955
validation,13714,0,0.90584,0.057737,0.010952,0.008904,0.016567
validation,13715,0,0.984839,0.007359,0.002429,0.00253,0.002843
validation,13724,0,0.982416,0.006619,0.00275,0.0025,0.005715
validation,13735,0,0.974735,0.010555,0.008403,0.000873,0.005434
validation,13740,0,0.992828,0.00368,0.001803,0.000514,0.001175
validation,13750,0,0.907435,0.034391,0.017509,0.030182,0.010483
validation,13760,0,0.798586,0.08424,0.097377,0.007873,0.011923
validation,13766,0,0.096219,0.057743,0.077971,0.337616,0.430451
validation,13767,0,0.996031,0.001811,0.000743,0.000441,0.000973
validation,13772,0,0.948175,0.024762,0.016814,0.002445,0.007804
validation,13778,0,0.976258,0.01505,0.004162,0.000934,0.003596
validation,13792,0,0.987997,0.005389,0.00304,0.000737,0.002837
validation,13809,0,0.463285,0.320681,0.110513,0.027936,0.077584
validation,13823,0,0.883135,0.012378,0.093062,0.005539,0.005886
validation,13824,0,0.877264,0.026192,0.036885,0.047391,0.012269
validation,13826,0,0.980614,0.006911,0.005214,0.003327,0.003934
validation,13829,0,0.686932,0.099906,0.173371,0.00569,0.0341
validation,13832,0,0.210448,0.017324,0.019302,0.593159,0.159767
validation,13834,0,0.785577,0.011634,0.183726,0.001168,0.017895
validation,13835,0,0.017214,0.276539,0.092893,0.563794,0.049561
validation,13844,0,0.936048,0.032074,0.011134,0.003745,0.016998
validation,13845,0,0.300675,0.012993,0.247511,0.111299,0.327522
validation,13849,0,0.942249,0.010788,0.02378,0.006312,0.016871
validation,13850,0,0.639528,0.151303,0.051705,0.060667,0.096796
validation,13852,0,0.87047,0.06299,0.019123,0.036246,0.011171
validation,13854,0,0.135285,0.031754,0.028211,0.796578,0.008172
validation,13855,0,0.436817,0.28446,0.092393,0.110863,0.075468
validation,13861,0,0.98137,0.006081,0.009266,0.001195,0.002088
validation,13863,0,0.981052,0.007262,0.006766,0.002286,0.002635
validation,13874,0,0.958611,0.019473,0.006776,0.00369,0.011451
validation,13877,0,0.967671,0.012432,0.016365,0.001832,0.0017
validation,13886,0,0.873171,0.087783,0.010831,0.006035,0.02218
validation,13925,0,0.989058,0.005266,0.001211,0.000263,0.004201
validation,13938,0,0.455642,0.033946,0.270077,0.066783,0.173553
validation,13941,0,0.962244,0.02452,0.005358,0.001046,0.006832
validation,13959,0,0.9184,0.033697,0.025396,0.009862,0.012644
validation,13965,0,0.83857,0.027149,0.013418,0.115447,0.005416
validation,13968,0,0.885177,0.04681,0.025336,0.007642,0.035036
validation,13970,0,0.884733,0.022219,0.082316,0.002856,0.007877
validation,13976,0,0.986199,0.004571,0.006011,0.001575,0.001644
validation,13977,0,1.3e-05,1e-06,0.0,9e-05,0.999896
validation,13989,0,0.98582,0.008982,0.002402,0.001621,0.001175
validation,13996,0,0.989299,0.006781,0.001645,0.000767,0.001508
validation,14001,0,0.008238,0.002933,0.0145,0.000186,0.974142
validation,14009,0,0.98832,0.005168,0.001741,0.000609,0.004162
validation,14018,0,0.962073,0.01293,0.010958,0.001627,0.012412
validation,14033,0,0.990624,0.003855,0.003567,0.000401,0.001553
validation,14035,0,0.929209,0.037019,0.016707,0.003204,0.013862
validation,14036,0,0.957584,0.01709,0.013311,0.002881,0.009134
validation,14043,0,0.989508,0.007017,0.002793,0.000205,0.000477
validation,14048,0,0.97401,0.017216,0.004301,0.001572,0.0029
validation,14115,0,0.988293,0.003149,0.006851,0.000833,0.000873
validation,14138,0,0.853535,0.108635,0.022883,0.008063,0.006884
validation,14144,0,0.957638,0.035355,0.002722,0.003564,0.000721
validation,14149,0,0.554029,0.076498,0.11133,0.036001,0.222142
validation,14153,0,0.986744,0.007933,0.001932,0.000544,0.002847
validation,14154,0,0.786466,0.034577,0.074742,0.012478,0.091736
validation,14159,0,0.981806,0.012916,0.002509,0.000759,0.00201
validation,14173,0,0.516099,0.129567,0.030426,0.019021,0.304886
validation,14176,0,0.265633,0.151838,0.4067,0.008561,0.167268
validation,14180,0,0.321524,0.118908,0.435617,0.065321,0.05863
validation,14187,0,0.827439,0.032819,0.097862,0.030497,0.011383
validation,14195,0,0.177492,0.454507,0.068225,0.140578,0.159198
validation,14196,0,0.780294,0.202426,0.012729,0.002791,0.00176
validation,14197,0,0.054642,0.171081,0.128889,0.509704,0.135685
validation,14208,0,0.680619,0.143621,0.044512,0.020149,0.111098
validation,14211,0,0.006982,0.007234,0.002935,0.00312,0.979729
validation,14212,0,0.375083,0.194299,0.266344,0.044019,0.120255
validation,14216,0,0.030374,0.004811,0.002311,0.000514,0.961989
validation,14217,0,0.918902,0.026917,0.007204,0.005158,0.04182
validation,14219,0,0.960669,0.019761,0.01315,0.004123,0.002296
validation,14220,0,0.985582,0.00865,0.004405,0.000756,0.000608
validation,14230,0,0.815121,0.033703,0.045445,0.002786,0.102944
validation,14233,0,0.945397,0.04869,0.003768,0.000651,0.001494
validation,14242,0,0.985695,0.006347,0.004192,0.001644,0.002122
validation,14270,0,0.176124,0.008153,0.007468,0.001131,0.807125
validation,14271,0,0.998096,0.00127,0.000313,0.000161,0.000159
validation,14272,0,0.984133,0.006872,0.008449,0.000322,0.000224
validation,14276,0,0.948013,0.021219,0.007444,0.016006,0.007317
validation,14277,0,0.866873,0.049353,0.0622,0.007865,0.013708
validation,14278,0,0.677679,0.011592,0.026293,0.020013,0.264423
validation,14279,0,0.962679,0.008543,0.00447,0.021457,0.002851
validation,14280,0,0.995008,0.001531,0.003072,0.000189,0.0002
validation,14287,0,0.935165,0.006294,0.055348,0.000925,0.002267
validation,14304,0,0.652347,0.013849,0.319459,0.001714,0.012632
validation,14307,0,0.875732,0.089504,0.01751,0.006976,0.010277
validation,14324,0,0.949534,0.036197,0.006206,0.003822,0.004241
validation,14335,0,0.45273,0.340381,0.146005,0.035227,0.025657
validation,14340,0,0.948184,0.025301,0.014647,0.003931,0.007937
validation,14346,0,0.877706,0.044244,0.066456,0.005563,0.006031
validation,14351,0,0.943518,0.035781,0.009318,0.003632,0.007751
validation,14353,0,0.927695,0.038165,0.019222,0.005925,0.008994
validation,14354,4,0.786111,0.059378,0.089781,0.02641,0.03832
validation,14373,0,0.0,0.0,0.0,0.000118,0.999882
validation,14378,0,0.957334,0.016202,0.008809,0.010847,0.006809
validation,14382,0,0.934173,0.01773,0.025871,0.009199,0.013027
validation,14386,0,0.54052,0.041089,0.397216,0.007386,0.013788
validation,14390,0,0.990383,0.005138,0.002786,0.001094,0.000598
validation,14392,0,0.60319,0.068388,0.266785,0.023314,0.038324
validation,14396,0,0.962771,0.012302,0.012538,0.004846,0.007544
validation,14402,0,0.951256,0.010553,0.012087,0.012157,0.013947
validation,14408,0,0.571125,0.010451,0.362805,0.020016,0.035604
validation,14409,0,0.000567,0.004135,0.001036,0.992918,0.001344
validation,14436,0,0.939819,0.034976,0.014056,0.005457,0.005692
validation,14448,0,0.502967,0.041672,0.037434,0.044441,0.373486
validation,14449,0,0.990266,0.004877,0.003849,0.000658,0.00035
validation,14452,0,0.96226,0.01395,0.017636,0.00297,0.003184
validation,14458,0,0.557682,0.20274,0.124824,0.024242,0.090511
validation,14462,0,0.199755,0.005988,0.01997,0.01675,0.757536
validation,14474,0,0.232891,0.056135,0.045556,0.614458,0.05096
validation,14481,0,0.200901,0.112645,0.541712,0.024937,0.119805
validation,14486,0,0.924869,0.011085,0.059017,0.000739,0.00429
validation,14490,0,0.990955,0.004722,0.002629,0.000554,0.00114
validation,14492,0,0.996231,0.0025,0.000784,0.000238,0.000247
validation,14493,0,0.794104,0.052605,0.055286,0.077843,0.020162
validation,14496,0,0.99021,0.00589,0.002455,0.000747,0.000698
validation,14502,0,0.972152,0.012234,0.011279,0.001434,0.002901
validation,14507,0,0.601759,0.037357,0.013458,0.006967,0.340459
validation,14508,0,0.582401,0.050477,0.129398,0.014382,0.223341
validation,14509,0,0.993039,0.003067,0.002955,0.000483,0.000456
validation,14516,0,0.964134,0.014893,0.014132,0.003337,0.003503
validation,14517,0,0.89386,0.038957,0.017389,0.013721,0.036073
validation,14521,0,0.942775,0.028226,0.01303,0.010149,0.00582
validation,14536,0,0.944469,0.020027,0.029614,0.001489,0.004401
validation,14542,0,0.974593,0.006585,0.002324,0.001717,0.014782
validation,14543,0,0.659014,0.013043,0.249217,0.006958,0.071768
validation,14545,0,0.185998,0.015496,0.003646,0.001909,0.79295
validation,14549,0,0.841418,0.042313,0.047557,0.038002,0.030709
validation,14557,0,0.955214,0.021288,0.005925,0.002734,0.014838
validation,14577,0,0.940361,0.039759,0.009823,0.004997,0.005059
validation,14582,0,0.687425,0.131343,0.085462,0.033072,0.062699
validation,14589,0,0.786337,0.105825,0.050426,0.044812,0.012601
validation,14602,0,0.81473,0.093706,0.041923,0.024718,0.024923
validation,14604,0,0.878905,0.056015,0.030156,0.014936,0.019988
validation,14626,2,0.941791,0.020113,0.01391,0.004034,0.020152
validation,14629,0,0.972207,0.017986,0.005475,0.001071,0.003262
validation,14634,0,0.621,0.075707,0.197764,0.068856,0.036673
validation,14635,0,0.857567,0.025155,0.010652,0.085911,0.020716
validation,14654,0,0.992019,0.004473,0.001772,0.000546,0.00119
validation,14655,0,0.943944,0.028682,0.011596,0.005042,0.010736
validation,14661,0,0.76997,0.045865,0.067434,0.086271,0.030461
validation,14666,0,0.966318,0.016882,0.010737,0.001448,0.004614
validation,14670,0,0.960114,0.022426,0.004909,0.002301,0.01025
validation,14685,0,0.877836,0.002703,0.001583,0.11696,0.000917
validation,14690,0,0.848496,0.015179,0.007284,0.123813,0.005228
validation,14701,0,0.488897,0.028253,0.010769,0.005407,0.466674
validation,14705,0,0.628622,0.035969,0.025276,0.256227,0.053906
validation,14720,0,0.935904,0.013555,0.027894,0.009956,0.012691
validation,14721,0,0.976434,0.009284,0.009447,0.002312,0.002523
validation,14725,0,0.149373,0.248632,0.051033,0.371286,0.179675
validation,14726,0,0.994621,0.001808,0.001529,0.001088,0.000954
validation,14732,0,0.922525,0.041939,0.022115,0.002095,0.011327
validation,14733,0,0.575701,0.090715,0.042265,0.006635,0.284685
validation,14735,0,0.928948,0.029258,0.029428,0.004967,0.007399
validation,14750,0,0.156111,0.144047,0.338887,0.146748,0.214207
validation,14768,0,0.000474,2.6e-05,1.5e-05,3.7e-05,0.999448
validation,14779,0,0.865185,0.084059,0.022853,0.008922,0.018981
validation,14780,0,0.908479,0.018505,0.047653,0.005304,0.020058
validation,14795,0,0.97849,0.007025,0.005671,0.001834,0.00698
validation,14802,0,0.695656,0.129266,0.079811,0.01514,0.080128
validation,14807,0,0.982489,0.007172,0.004616,0.001472,0.004252
validation,14825,0,0.889784,0.039784,0.013816,0.023311,0.033304
validation,14830,0,0.928921,0.02479,0.017887,0.010786,0.017616
validation,14833,0,0.503846,0.154447,0.166383,0.048681,0.126643
validation,14846,0,0.213757,0.007694,0.01889,0.001513,0.758146
validation,14847,0,0.791121,0.065395,0.056517,0.013595,0.073373
validation,14849,0,0.859836,0.062918,0.01881,0.042218,0.016218
validation,14872,0,0.911526,0.040298,0.032841,0.004457,0.010879
validation,14873,0,0.958524,0.008714,0.010175,0.001601,0.020986
validation,14882,0,0.884963,0.046219,0.045107,0.013877,0.009835
validation,14884,0,0.029453,0.001477,0.001087,0.000673,0.96731
validation,14888,0,0.907749,0.015881,0.068874,0.001379,0.006116
validation,14889,0,0.014786,0.000568,0.000303,0.826991,0.157352
validation,14890,0,0.956261,0.024622,0.008283,0.005526,0.005308
validation,14906,0,0.656778,0.12269,0.03718,0.128963,0.054389
validation,14909,0,0.878291,0.039696,0.033366,0.010853,0.037795
validation,14910,0,0.818799,0.074357,0.062778,0.029598,0.014468
validation,14918,0,0.928713,0.022866,0.019865,0.012904,0.015651
validation,14928,0,0.005531,0.023963,0.002203,0.967945,0.000359
validation,14947,0,0.738103,0.071432,0.111319,0.043424,0.035722
validation,14949,0,0.753169,0.153634,0.035273,0.01793,0.039995
validation,14951,0,0.766398,0.039002,0.070656,0.014652,0.109293
validation,14957,0,0.337824,0.160463,0.382813,0.037782,0.081118
validation,14959,0,0.982628,0.008023,0.004031,0.002501,0.002817
validation,14970,0,0.869941,0.014157,0.041313,0.003923,0.070667
validation,14971,0,0.884005,0.033046,0.024415,0.005541,0.052994
validation,14975,0,0.936516,0.028477,0.020574,0.009065,0.005368
validation,14985,0,0.945722,0.014219,0.015159,0.010375,0.014525
validation,14987,0,0.910681,0.034993,0.01798,0.005553,0.030793
validation,14993,0,0.987488,0.00531,0.001959,0.000906,0.004337
validation,15021,4,0.642274,0.236064,0.048894,0.061967,0.010801
validation,15031,0,0.699133,0.004809,0.002623,0.29265,0.000784
validation,15032,0,0.935605,0.024752,0.02756,0.002871,0.009213
validation,15036,0,0.928676,0.034323,0.020049,0.004706,0.012246
validation,15042,0,0.932208,0.019689,0.037582,0.002684,0.007837
validation,15057,0,0.870096,0.053357,0.040202,0.010939,0.025406
validation,15060,0,0.820787,0.101576,0.022006,0.012496,0.043134
validation,15079,0,0.183241,0.030552,0.688528,0.008782,0.088897
validation,15081,0,0.960698,0.009316,0.005976,0.004385,0.019626
validation,15082,0,0.302222,0.198709,0.088173,0.139468,0.271427
validation,15089,0,0.793957,0.048014,0.122558,0.028666,0.006806
validation,15090,0,0.770373,0.038688,0.083441,0.038161,0.069336
validation,15098,0,0.785459,0.057334,0.05035,0.045044,0.061813
validation,15108,0,0.983674,0.008563,0.004452,0.001667,0.001644
validation,15112,0,0.82546,0.075662,0.04935,0.021474,0.028054
validation,15122,0,0.992806,0.005597,0.001159,0.000208,0.000231
validation,15139,0,0.936926,0.021963,0.025554,0.009993,0.005564
validation,15140,0,0.978767,0.012952,0.004155,0.001634,0.002491
validation,15141,0,0.989713,0.005828,0.002582,0.00067,0.001208
validation,15148,0,0.996515,0.002421,0.000854,5.1e-05,0.000159
validation,15149,0,0.896784,0.005686,0.093543,0.001013,0.002974
validation,15150,0,0.616153,0.316223,0.051869,0.004864,0.010891
validation,15158,0,0.934775,0.029505,0.022339,0.004968,0.008413
validation,15173,0,0.977497,0.008569,0.004462,0.003824,0.005648
validation,15182,0,0.990998,0.00515,0.002567,0.000645,0.000639
validation,15188,0,0.938114,0.045034,0.007495,0.004682,0.004676
validation,15240,0,0.992497,0.004287,0.002212,0.000333,0.000671
validation,15241,0,0.95235,0.019696,0.011902,0.004858,0.011194
validation,15249,0,0.896539,0.01786,0.071915,0.004319,0.009368
validation,15252,0,0.695847,0.049622,0.021563,0.102216,0.130752
validation,15256,0,0.838266,0.041628,0.064153,0.02951,0.026443
validation,15258,0,0.811051,0.05004,0.053479,0.023495,0.061936
validation,15262,2,0.863319,0.051028,0.050596,0.015078,0.019979
validation,15265,0,0.893192,0.021615,0.05484,0.01051,0.019842
validation,15274,0,0.871418,0.058841,0.019566,0.010385,0.039788
validation,15285,0,0.967244,0.013913,0.009349,0.001693,0.007801
validation,15288,0,0.978299,0.008869,0.00547,0.003358,0.004003
validation,15304,0,0.970108,0.017951,0.00603,0.002042,0.003869
validation,15323,0,0.987516,0.008187,0.002577,0.000818,0.000903
validation,15326,0,0.940556,0.017316,0.010047,0.009532,0.022549
validation,15333,0,0.962299,0.018585,0.004966,0.002742,0.011407
validation,15341,0,0.995927,0.002064,0.001358,0.000302,0.000349
validation,15355,0,0.592431,0.109594,0.136525,0.053057,0.108392
validation,15372,0,0.994709,0.004348,0.000377,0.00041,0.000157
validation,15387,0,0.850669,0.040473,0.025334,0.014918,0.068607
validation,15398,0,0.992336,0.003623,0.002433,0.000365,0.001243
validation,15399,0,0.910048,0.047,0.010295,0.024482,0.008175
validation,15405,0,0.916528,0.042662,0.019934,0.004137,0.016739
validation,15423,0,0.928413,0.022359,0.015092,0.006926,0.02721
validation,15429,0,0.795852,0.033866,0.117749,0.019973,0.032561
validation,15439,0,0.919514,0.016242,0.019781,0.003958,0.040505
validation,15450,0,0.351189,0.019707,0.041063,0.301519,0.286522
validation,15456,0,0.851792,0.038584,0.018028,0.067644,0.023952
validation,15457,0,0.975075,0.006831,0.007067,0.007615,0.003411
validation,15463,0,0.991278,0.00498,0.002034,0.000982,0.000725
validation,15474,0,0.706715,0.124249,0.032517,0.099937,0.036581
validation,15476,0,0.504067,0.352203,0.041799,0.018946,0.082985
validation,15481,0,0.887582,0.053304,0.023439,0.011831,0.023844
validation,15492,0,0.959309,0.021336,0.009857,0.003787,0.005711
validation,15501,0,0.927352,0.0416,0.006154,0.010161,0.014732
validation,15503,0,0.892953,0.030916,0.022136,0.012202,0.041792
validation,15507,0,0.821159,0.043283,0.060042,0.017437,0.058078
validation,15514,0,0.987937,0.007387,0.002229,0.001063,0.001385
validation,15516,0,0.979816,0.006143,0.010459,0.001825,0.001757
validation,15518,0,0.949732,0.026041,0.013749,0.006914,0.003564
validation,15521,0,0.985925,0.005826,0.002488,0.003374,0.002387
validation,15523,0,0.974804,0.009031,0.013046,0.001712,0.001406
validation,15534,0,0.139196,0.111849,0.7054,0.014633,0.028923
validation,15553,0,0.983111,0.008725,0.007297,0.000407,0.00046
validation,15563,0,0.852958,0.056227,0.037589,0.027203,0.026024
validation,15565,0,0.969682,0.012712,0.007957,0.002324,0.007324
validation,15568,0,0.588283,0.29615,0.052686,0.010849,0.052032
validation,15575,0,0.960157,0.014602,0.012257,0.005822,0.007162
validation,15577,0,0.964977,0.021656,0.006261,0.002599,0.004507
validation,15581,0,0.956733,0.01503,0.010546,0.010519,0.007173
validation,15591,0,0.85943,0.033038,0.060601,0.013511,0.03342
validation,15594,0,0.925375,0.017337,0.024725,0.004549,0.028014
validation,15607,0,0.881899,0.038819,0.012541,0.023706,0.043035
validation,15616,0,0.523488,0.243084,0.08385,0.080246,0.069333
validation,15628,0,0.85551,0.059936,0.049776,0.004008,0.030769
validation,15634,0,0.930818,0.016767,0.020329,0.008694,0.023391
validation,15635,0,0.873575,0.046768,0.029619,0.006334,0.043703
validation,15646,0,0.952157,0.016106,0.016995,0.004345,0.010397
validation,15655,0,0.973486,0.010374,0.003414,0.002628,0.010098
validation,15658,0,0.940942,0.021461,0.006018,0.00236,0.029219
validation,15660,0,0.834023,0.030528,0.034376,0.015882,0.085191
validation,15674,0,0.976616,0.005322,0.006741,0.002149,0.009172
validation,15675,0,0.948594,0.015002,0.007585,0.01888,0.009939
validation,15685,0,0.035973,0.269492,0.009284,0.011656,0.673595
validation,15688,0,0.975049,0.005269,0.006742,0.003714,0.009226
validation,15693,0,0.905143,0.031416,0.020415,0.02024,0.022786
validation,15696,0,0.776914,0.029563,0.012091,0.002829,0.178602
validation,15699,0,0.978489,0.0046,0.01225,0.001359,0.003302
validation,15701,0,0.975281,0.005867,0.009613,0.004167,0.005073
validation,15705,0,0.385709,0.077781,0.458814,0.067818,0.009878
validation,15714,0,0.928812,0.029503,0.0092,0.005696,0.026788
validation,15731,0,0.924398,0.027366,0.019828,0.009688,0.01872
validation,15733,0,0.97087,0.01371,0.00789,0.00528,0.00225
validation,15745,0,0.876252,0.079576,0.017471,0.0164,0.010301
validation,15746,0,0.9321,0.011138,0.036765,0.003376,0.016622
validation,15764,0,0.825784,0.032306,0.035487,0.011644,0.094779
validation,15770,0,0.69784,0.020088,0.034805,0.004508,0.24276
validation,15772,0,0.854488,0.035726,0.021333,0.028745,0.059708
validation,15774,0,0.659853,0.070889,0.102401,0.041457,0.1254
validation,15775,0,0.945842,0.027357,0.013058,0.005968,0.007774
validation,15781,0,0.994536,0.003167,0.001558,0.00033,0.00041
validation,15786,0,0.954162,0.014514,0.008657,0.00262,0.020049
validation,15793,0,0.692771,0.131085,0.089093,0.025976,0.061075
validation,15807,0,0.788149,0.03005,0.045043,0.007353,0.129406
validation,15810,0,0.773716,0.048257,0.046885,0.008699,0.122443
validation,15820,0,0.937075,0.018358,0.015446,0.009514,0.019607
validation,15830,0,0.932854,0.048236,0.0132,0.002414,0.003296
validation,15842,0,0.9688,0.020844,0.006578,0.001354,0.002424
validation,15852,0,0.937504,0.026017,0.014648,0.008896,0.012936
validation,15857,0,0.700385,0.048693,0.012229,0.007632,0.231061
validation,15858,0,0.888441,0.046467,0.022785,0.013106,0.029201
validation,15862,0,0.972627,0.017991,0.00367,0.001509,0.004202
validation,15868,0,0.96177,0.020794,0.009385,0.001913,0.006139
validation,15888,0,0.96423,0.014867,0.011117,0.003654,0.006132
validation,15891,0,0.995696,0.002907,0.000997,0.000223,0.000177
validation,15896,0,0.981215,0.00595,0.005562,0.003662,0.00361
validation,15902,0,0.967688,0.010804,0.003969,0.006203,0.011335
validation,15907,0,0.81868,0.109838,0.045807,0.010849,0.014827
validation,15920,0,0.950524,0.016182,0.017233,0.007357,0.008704
validation,15925,0,0.929336,0.035259,0.018628,0.005172,0.011605
validation,15930,0,0.633062,0.096815,0.088153,0.119452,0.062518
validation,15936,0,0.989374,0.005814,0.001546,0.001731,0.001535
validation,15947,0,0.892744,0.038787,0.03858,0.016546,0.013344
validation,15956,0,0.566476,0.123384,0.221637,0.03623,0.052273
validation,15975,0,0.971178,0.011672,0.007352,0.001807,0.007992
validation,15977,0,0.856634,0.10477,0.021544,0.009514,0.007538
validation,15985,0,0.983221,0.013505,0.001043,0.000544,0.001688
validation,15988,0,0.847698,0.061365,0.064972,0.01492,0.011046
validation,15989,0,0.57709,0.091069,0.043139,0.211211,0.077491
validation,15991,0,0.974416,0.005177,0.002636,0.001125,0.016646
validation,15995,0,0.784346,0.027322,0.024207,0.009001,0.155123
validation,16011,0,0.951303,0.024833,0.007387,0.009432,0.007045
validation,16024,0,0.978029,0.012218,0.005587,0.001284,0.002882
validation,16025,0,0.764724,0.046165,0.136392,0.035452,0.017267
validation,16028,0,0.880352,0.028282,0.024641,0.055941,0.010783
validation,16048,0,0.955777,0.018348,0.007804,0.003715,0.014356
validation,16075,0,0.986821,0.005003,0.005689,0.001024,0.001462
validation,16076,0,0.988986,0.00468,0.004259,9.8e-05,0.001977
validation,16078,0,0.964793,0.005665,0.026281,0.001017,0.002244
validation,16085,0,0.926403,0.026605,0.013213,0.019502,0.014278
validation,16096,0,0.761083,0.127092,0.024443,0.02229,0.065092
validation,16110,0,0.997831,0.001829,0.000181,5.7e-05,0.000102
validation,16113,0,0.35396,0.208466,0.193549,0.028189,0.215837
validation,16118,0,0.993185,0.004227,0.001041,0.000722,0.000824
validation,16119,0,0.996429,0.002474,0.000883,5.4e-05,0.00016
validation,16121,0,0.813701,0.034748,0.066042,0.008525,0.076985
validation,16133,4,0.831445,0.061337,0.044882,0.038425,0.023911
validation,16143,0,0.986232,0.007679,0.003941,0.000761,0.001386
validation,16170,0,0.003369,0.000201,0.000115,0.996087,0.000228
validation,16173,0,0.923125,0.032813,0.030818,0.00517,0.008075
validation,16175,0,0.734873,0.056157,0.155768,0.017403,0.0358
validation,16176,0,0.583812,0.105594,0.180945,0.053218,0.07643
validation,16182,0,0.87836,0.031879,0.065691,0.003727,0.020343
validation,16183,0,0.813333,0.010021,0.116378,0.00206,0.058208
validation,16186,4,0.694392,0.078956,0.126233,0.042429,0.057991
validation,16190,0,0.927497,0.025468,0.016996,0.007258,0.02278
validation,16197,0,0.940751,0.018818,0.023147,0.00602,0.011264
validation,16199,0,0.423664,0.074256,0.293272,0.146971,0.061837
validation,16206,0,0.350594,0.161814,0.312293,0.058884,0.116414
validation,16217,0,0.822544,0.04537,0.03912,0.031787,0.061179
validation,16220,3,0.968111,0.012646,0.011592,0.002294,0.005356
validation,16226,0,0.964931,0.009351,0.004071,0.013621,0.008027
validation,16228,0,0.879453,0.051833,0.056695,0.006129,0.00589
validation,16234,0,0.678629,0.019383,0.208004,0.068693,0.025291
validation,16252,0,0.945084,0.009294,0.008429,0.001062,0.036131
validation,16253,0,0.546635,0.256715,0.062181,0.003321,0.131147
validation,16258,0,0.962421,0.024647,0.006108,0.001855,0.004969
validation,16276,0,0.312952,0.233805,0.386491,0.050303,0.016449
validation,16282,0,0.240956,0.502716,0.115993,0.013104,0.127232
validation,16286,0,0.909136,0.030598,0.011182,0.032479,0.016605
validation,16290,0,0.636935,0.0812,0.050927,0.055206,0.175732
validation,16293,0,0.949384,0.01919,0.025108,0.00335,0.002967
validation,16302,0,0.979649,0.005852,0.00481,0.001596,0.008092
validation,16303,0,0.513584,0.149807,0.1652,0.039454,0.131954
validation,16305,0,0.404211,0.103233,0.108404,0.027729,0.356423
validation,16307,2,0.960575,0.009499,0.013145,0.002482,0.014298
validation,16308,0,0.988496,0.005244,0.003498,0.000655,0.002107
validation,16318,0,0.781,0.026316,0.123301,0.004762,0.064621
validation,16325,0,0.852129,0.022073,0.077744,0.013528,0.034526
validation,16341,0,0.96247,0.01584,0.014759,0.002447,0.004485
validation,16346,0,0.984426,0.00551,0.008366,0.000543,0.001155
validation,16347,0,0.872949,0.055599,0.046146,0.009665,0.015641
validation,16353,0,0.315719,0.177997,0.416798,0.054951,0.034535
validation,16355,0,0.993491,0.003879,0.001487,0.000396,0.000747
validation,16364,0,0.953329,0.015779,0.013538,0.003699,0.013655
validation,16365,0,0.929093,0.024933,0.009478,0.007422,0.029074
validation,16368,0,0.857121,0.013284,0.00918,0.075866,0.044549
validation,16369,0,0.961171,0.014165,0.007488,0.003523,0.013653
validation,16375,0,0.953361,0.011757,0.00802,0.006867,0.019994
validation,16385,0,0.958272,0.013339,0.009463,0.00844,0.010486
validation,16386,0,0.981753,0.005986,0.006671,0.001834,0.003755
validation,16387,0,0.952284,0.011237,0.0097,0.004762,0.022016
validation,16391,0,0.903548,0.080716,0.004262,0.002439,0.009035
validation,16395,0,0.742516,0.075305,0.025525,0.031287,0.125367
validation,16396,0,0.951159,0.01288,0.011483,0.003301,0.021177
validation,16412,4,2.1e-05,1.5e-05,7e-06,0.997628,0.002329
validation,16421,0,0.866679,0.023539,0.014332,0.005879,0.089572
validation,16422,0,0.987563,0.0052,0.003911,0.001113,0.002214
validation,16426,0,0.933266,0.037464,0.007732,0.004383,0.017155
validation,16440,0,0.868967,0.019718,0.011239,0.004737,0.095339
validation,16441,0,0.009813,0.006905,0.001319,0.000701,0.981263
validation,16444,0,0.972419,0.013009,0.005311,0.002117,0.007145
validation,16455,0,0.634452,0.005242,0.004896,0.351936,0.003473
validation,16457,4,0.813976,0.02541,0.022046,0.102109,0.036459
validation,16460,0,0.960108,0.029954,0.005058,0.001296,0.003584
validation,16461,0,0.878711,0.060768,0.026997,0.005585,0.027939
validation,16466,0,0.051255,0.002208,0.00122,0.000413,0.944904
validation,16484,0,0.942392,0.009322,0.016914,0.001758,0.029614
validation,16492,0,0.000663,2.1e-05,5.3e-05,1.5e-05,0.999247
validation,16496,0,0.963355,0.012453,0.014102,0.005045,0.005045
validation,16498,0,0.833391,0.018894,0.009052,0.090761,0.047902
validation,16503,0,0.950212,0.041495,0.00279,0.001545,0.003957
validation,16504,3,0.831522,0.015613,0.04008,0.059054,0.053731
validation,16517,0,0.798605,0.028528,0.137826,0.011272,0.023769
validation,16521,0,0.368432,0.090948,0.044802,0.406317,0.089502
validation,16524,0,0.910451,0.020086,0.013771,0.032348,0.023344
validation,16532,0,0.499671,0.161483,0.06232,0.016735,0.259791
validation,16535,0,0.81534,0.014727,0.007674,0.137722,0.024537
validation,16541,0,0.932433,0.041954,0.00724,0.005427,0.012946
validation,16554,0,0.200788,0.009248,0.785839,0.000552,0.003574
validation,16556,0,0.052274,0.008714,0.922872,0.010185,0.005954
validation,16557,0,0.467285,0.149567,0.152872,0.00862,0.221656
validation,16575,0,0.998352,0.001063,0.000338,7.7e-05,0.00017
validation,16581,0,0.760057,0.083962,0.041539,0.013138,0.101304
validation,16596,0,0.979378,0.006111,0.012095,0.000983,0.001433
validation,16600,0,0.799078,0.045556,0.132496,0.008414,0.014457
validation,16601,0,0.9238,0.021823,0.030279,0.016862,0.007236
validation,16633,0,0.954703,0.021417,0.00987,0.009044,0.004966
validation,16635,0,0.641054,0.064828,0.139227,0.040182,0.114709
validation,16638,0,0.734561,0.054147,0.036504,0.088288,0.086499
validation,16647,0,0.88286,0.038532,0.020233,0.017802,0.040574
validation,16648,0,0.967148,0.014136,0.01115,0.004657,0.002909
validation,16654,0,0.889718,0.016681,0.080675,0.00411,0.008815
validation,16664,0,0.887902,0.017206,0.07378,0.012837,0.008275
validation,16669,0,0.545738,0.260744,0.148196,0.011474,0.033847
validation,16687,0,0.956487,0.009163,0.00824,0.003843,0.022267
validation,16691,2,0.897256,0.024193,0.030874,0.004854,0.042823
validation,16697,0,0.98007,0.008963,0.006582,0.001479,0.002906
validation,16708,0,0.717684,0.046571,0.052865,0.026327,0.156553
validation,16710,0,0.622322,0.013928,0.061503,0.292255,0.009992
validation,16715,0,0.961459,0.017536,0.012537,0.003881,0.004587
validation,16724,0,0.917736,0.025922,0.038451,0.010739,0.007152
validation,16725,0,0.959014,0.019806,0.013653,0.002698,0.004829
validation,16734,0,0.952039,0.016143,0.006126,0.003335,0.022357
validation,16735,0,0.972999,0.013945,0.007662,0.002679,0.002716
validation,16756,0,0.985148,0.006975,0.005115,0.001352,0.00141
validation,16759,0,0.925304,0.020924,0.016408,0.004725,0.032639
validation,16760,0,0.826228,0.077959,0.046055,0.033282,0.016475
validation,16763,0,0.849708,0.018007,0.009553,0.10155,0.021182
validation,16768,0,0.600578,0.012553,0.38308,0.001169,0.00262
validation,16776,0,0.835354,0.037872,0.018137,0.007295,0.101343
validation,16781,0,0.860209,0.01432,0.010468,0.001792,0.11321
validation,16784,0,0.950677,0.01197,0.029723,0.003765,0.003864
validation,16795,0,0.741078,0.096195,0.01608,0.057125,0.089522
validation,16799,0,0.024701,0.001258,0.000477,0.001736,0.971829
validation,16802,0,0.964293,0.016896,0.007785,0.0037,0.007327
validation,16803,0,0.584501,0.065075,0.019863,0.014437,0.316124
validation,16807,0,0.219427,0.107873,0.024667,0.425946,0.222086
validation,16816,0,0.928813,0.027511,0.012267,0.023298,0.008111
validation,16817,0,0.991931,0.004881,0.001839,0.00047,0.00088
validation,16823,0,0.025114,0.001239,0.001073,0.000217,0.972357
validation,16824,0,0.9789,0.00795,0.005635,0.003111,0.004404
validation,16829,0,0.888882,0.020819,0.01095,0.067855,0.011495
validation,16830,0,0.971093,0.004146,0.015185,0.006941,0.002636
validation,16832,0,0.96865,0.014277,0.007985,0.00223,0.006858
validation,16836,0,0.910347,0.033006,0.028224,0.008604,0.019818
validation,16837,0,0.805706,0.079935,0.049892,0.016079,0.048389
validation,16844,0,0.726018,0.057552,0.162885,0.013227,0.040317
validation,16845,0,0.988229,0.004798,0.004524,0.001353,0.001096
validation,16848,0,0.976687,0.010608,0.008822,0.002167,0.001717
validation,16849,0,0.970295,0.011791,0.006368,0.004982,0.006564
validation,16853,0,0.97755,0.013119,0.004423,0.001371,0.003538
validation,16855,0,0.841777,0.045185,0.057642,0.005144,0.050253
validation,16864,0,0.788407,0.047049,0.043678,0.062991,0.057875
validation,16919,0,0.959767,0.029102,0.00575,0.001838,0.003542
validation,16924,0,0.994674,0.002988,0.001411,0.00036,0.000567
validation,16935,0,0.584355,0.178628,0.170488,0.022954,0.043576
validation,16951,0,0.845601,0.013721,0.046098,0.003604,0.090976
validation,16963,0,0.840796,0.016207,0.008659,0.00226,0.132079
validation,16964,0,0.82538,0.02289,0.048631,0.004747,0.098352
validation,16965,0,0.948172,0.019694,0.019397,0.003616,0.009122
validation,16966,0,0.982628,0.005211,0.001473,0.003171,0.007516
validation,16973,0,0.96248,0.014658,0.008539,0.009847,0.004477
validation,16975,0,0.96581,0.01212,0.005996,0.001758,0.014316
validation,16988,0,0.435024,0.093617,0.232243,0.021224,0.217891
validation,16995,4,0.988776,0.004701,0.002147,0.001969,0.002406
validation,16997,0,0.948595,0.030934,0.010514,0.00492,0.005037
validation,17011,0,0.90201,0.054893,0.031949,0.007994,0.003153
validation,17017,0,0.002003,0.001551,0.00069,0.993775,0.001982
validation,17037,0,0.608101,0.03371,0.011941,0.237111,0.109137
validation,17046,0,0.949924,0.015558,0.012106,0.002985,0.019427
validation,17063,0,0.988611,0.005984,0.002644,0.00084,0.001921
validation,17070,0,0.970657,0.02021,0.003943,0.002461,0.002728
validation,17075,0,0.945412,0.01316,0.010765,0.0227,0.007963
validation,17078,0,0.012295,0.000553,0.009544,0.977313,0.000295
validation,17080,0,0.011706,0.000533,0.000997,0.985733,0.001031
validation,17081,0,0.910128,0.037804,0.018078,0.006628,0.027362
validation,17097,0,0.922169,0.026488,0.015928,0.005861,0.029554
validation,17104,0,0.777567,0.021687,0.021657,0.016976,0.162113
validation,17114,0,0.980199,0.008677,0.002952,0.001305,0.006866
validation,17126,0,0.030817,0.000782,0.001573,0.966078,0.00075
validation,17130,0,0.975466,0.007974,0.003266,0.009078,0.004216
validation,17143,0,0.240578,0.253703,0.175855,0.109333,0.22053
validation,17161,0,0.695904,0.047516,0.160369,0.014932,0.081278
validation,17165,0,0.869641,0.067456,0.03498,0.010457,0.017466
validation,17167,0,0.861392,0.042726,0.038511,0.033855,0.023516
validation,17171,0,0.98201,0.008179,0.004061,0.001346,0.004404
validation,17184,0,0.924369,0.028735,0.031119,0.005427,0.010349
validation,17185,0,0.868658,0.022321,0.083098,0.010775,0.015147
validation,17213,0,0.993802,0.001668,0.003805,0.000304,0.00042
validation,17214,0,0.928059,0.029411,0.021358,0.003487,0.017685
validation,17215,0,0.965142,0.010131,0.019544,0.001068,0.004115
validation,17225,0,0.817424,0.017518,0.008892,0.14465,0.011515
validation,17229,0,0.962247,0.010718,0.005526,0.003485,0.018024
validation,17230,0,0.915142,0.0166,0.05538,0.007157,0.005721
validation,17242,0,0.981872,0.011168,0.004809,0.000621,0.00153
validation,17258,0,0.993431,0.002719,0.002478,0.000739,0.000633
validation,17262,0,0.970795,0.010694,0.008865,0.006546,0.003099
validation,17265,0,0.960797,0.016486,0.014761,0.00285,0.005105
validation,17271,0,0.947465,0.014375,0.024541,0.004128,0.009491
validation,17274,0,0.081815,0.000802,0.000752,0.016359,0.900272
validation,17275,0,0.936973,0.031458,0.011976,0.002131,0.017462
validation,17279,0,0.60189,0.249806,0.043859,0.016224,0.088222
validation,17284,0,0.989133,0.005359,0.003561,0.000932,0.001015
validation,17287,0,0.961636,0.024691,0.008619,0.002056,0.002998
validation,17293,0,0.824025,0.045388,0.071159,0.01435,0.045078
validation,17299,0,0.929255,0.021949,0.030903,0.008092,0.009802
validation,17304,0,0.9834,0.007681,0.00585,0.000919,0.002149
validation,17315,0,0.966302,0.01075,0.008646,0.006789,0.007512
validation,17323,0,0.861959,0.026641,0.034368,0.0351,0.041933
validation,17326,0,0.968377,0.014782,0.009091,0.001546,0.006205
validation,17330,0,0.893025,0.022041,0.019939,0.012256,0.052739
validation,17332,0,0.984697,0.005743,0.004928,0.002274,0.002358
validation,17334,0,0.988401,0.007297,0.002259,0.000621,0.001422
validation,17339,0,0.655806,0.084579,0.197912,0.021864,0.03984
validation,17340,1,0.762272,0.071364,0.056893,0.07093,0.03854
validation,17353,0,0.554775,0.057859,0.031609,0.131628,0.224128
validation,17357,0,0.972418,0.00996,0.011366,0.001426,0.00483
validation,17362,0,0.884251,0.016351,0.035704,0.003556,0.060137
validation,17369,0,0.921596,0.020144,0.019633,0.00347,0.035158
validation,17380,0,0.972545,0.013986,0.006736,0.003489,0.003244
validation,17398,0,0.935655,0.008547,0.008015,0.018458,0.029325
validation,17402,0,0.729648,0.024088,0.220503,0.009475,0.016286
validation,17404,0,0.996597,0.002133,0.000697,0.000426,0.000147
validation,17420,0,0.969647,0.011827,0.005407,0.002009,0.011109
validation,17422,0,0.901418,0.027569,0.029654,0.022789,0.01857
validation,17430,0,0.941381,0.035095,0.017969,0.002774,0.00278
validation,17432,0,0.788602,0.092575,0.049648,0.039934,0.029241
validation,17433,0,0.224138,0.156294,0.394351,0.081201,0.144015
validation,17436,0,0.966344,0.013564,0.008524,0.007169,0.004399
validation,17442,0,0.962667,0.0129,0.006427,0.002443,0.015563
validation,17444,4,0.977629,0.013675,0.004655,0.001615,0.002425
validation,17455,0,0.998071,0.000965,0.000713,0.00012,0.000132
validation,17459,0,0.981094,0.009452,0.004246,0.001529,0.003678
validation,17460,0,0.976712,0.008201,0.010236,0.001854,0.002997
validation,17463,0,0.909526,0.044316,0.017804,0.006131,0.022223
validation,17485,0,0.980558,0.010492,0.003368,0.00147,0.004111
validation,17487,0,0.970933,0.011732,0.004658,0.001948,0.010729
validation,17490,0,0.952157,0.024539,0.006615,0.005725,0.010963
validation,17492,0,0.965072,0.015877,0.007701,0.004117,0.007233
validation,17493,0,0.958525,0.032927,0.003389,0.000707,0.004453
validation,17498,0,0.824656,0.015312,0.017619,0.004248,0.138166
validation,17503,0,0.966989,0.01591,0.008825,0.003887,0.004389
validation,17505,0,0.876867,0.014699,0.097261,0.004528,0.006645
validation,17506,0,0.64374,0.026953,0.030736,0.017205,0.281365
validation,17520,0,0.972523,0.007861,0.008792,0.001444,0.009381
validation,17522,0,0.948396,0.015716,0.023463,0.008103,0.004322
validation,17538,0,0.985819,0.007044,0.00463,0.001314,0.001193
validation,17539,0,0.920404,0.021443,0.02443,0.009573,0.024149
validation,17541,0,0.947638,0.016321,0.012792,0.00661,0.016639
validation,17558,0,0.80926,0.066719,0.032663,0.074633,0.016725
validation,17560,0,0.944408,0.015066,0.014037,0.011549,0.01494
validation,17566,0,0.914954,0.039506,0.024523,0.012003,0.009014
validation,17574,0,0.781363,0.046036,0.055898,0.041016,0.075688
validation,17577,0,0.973703,0.008091,0.010133,0.002184,0.00589
validation,17594,0,0.231418,0.004666,0.003897,0.00287,0.757149
validation,17597,0,0.112881,0.004769,0.001572,0.000627,0.880151
validation,17602,0,0.948008,0.022857,0.019209,0.003968,0.005958
validation,17611,0,0.939661,0.02432,0.007902,0.018952,0.009165
validation,17612,0,0.972782,0.009023,0.006303,0.003032,0.00886
validation,17623,0,0.95372,0.017393,0.017506,0.006477,0.004904
validation,17628,0,0.964183,0.008981,0.011672,0.009685,0.005479
validation,17630,0,0.606533,0.01061,0.020927,0.346496,0.015434
validation,17631,0,0.970873,0.013349,0.00758,0.002278,0.005919
validation,17636,0,0.67073,0.017873,0.001547,0.308261,0.001589
validation,17637,0,0.718814,0.077664,0.080761,0.069983,0.052778
validation,17640,0,0.762925,0.020983,0.153145,0.01134,0.051607
validation,17653,0,0.929147,0.015288,0.030795,0.002735,0.022035
validation,17665,0,0.829135,0.016736,0.127312,0.009973,0.016844
validation,17695,0,0.995442,0.002468,0.00097,0.000602,0.000517
validation,17697,0,0.94493,0.018524,0.010835,0.005561,0.02015
validation,17698,0,0.945057,0.011907,0.025075,0.00314,0.014821
validation,17699,0,0.909678,0.03536,0.029708,0.008657,0.016597
validation,17728,0,0.854092,0.050022,0.041259,0.029328,0.025299
validation,17729,0,0.000162,4.7e-05,3.1e-05,0.999605,0.000154
validation,17745,0,0.686825,0.040252,0.159948,0.080708,0.032268
validation,17765,0,0.905051,0.045562,0.009061,0.006418,0.033908
validation,17767,0,0.312899,0.01333,0.01122,0.439752,0.222799
validation,17768,0,0.975445,0.010869,0.007828,0.002578,0.00328
validation,17777,0,0.994684,0.002413,0.001271,0.001168,0.000465
validation,17786,0,0.993122,0.004507,0.001838,0.000252,0.000282
validation,17799,0,0.845914,0.032453,0.074256,0.005626,0.04175
validation,17803,0,0.973312,0.009648,0.009095,0.004628,0.003317
validation,17804,0,0.940276,0.014945,0.025478,0.001802,0.017499
validation,17821,0,0.236897,0.168003,0.000988,0.591453,0.00266
validation,17829,0,0.011655,0.001989,0.00288,0.00147,0.982005
validation,17832,0,0.626002,0.102275,0.059988,0.024712,0.187023
validation,17844,0,0.758699,0.082466,0.048723,0.016284,0.093828
validation,17848,0,0.951519,0.018897,0.013099,0.00393,0.012555
validation,17849,0,0.96083,0.014615,0.008774,0.003957,0.011824
validation,17857,0,0.967942,0.011839,0.005629,0.002468,0.012122
validation,17859,0,0.68345,0.035462,0.15593,0.050728,0.07443
validation,17870,0,0.877025,0.092365,0.016092,0.001714,0.012805
validation,17873,0,0.967601,0.013097,0.005705,0.005141,0.008456
validation,17886,0,0.672478,0.040592,0.032936,0.009859,0.244136
validation,17888,0,0.35237,0.013687,0.004826,0.610563,0.018554
validation,17891,0,0.969395,0.004107,0.021539,0.001753,0.003207
validation,17895,0,0.970131,0.00712,0.010971,0.00202,0.009759
validation,17897,0,0.557816,0.008941,0.417544,0.008548,0.007151
validation,17903,0,0.980043,0.007938,0.005765,0.001476,0.004778
validation,17904,0,0.90941,0.045038,0.019712,0.005577,0.020263
validation,17909,0,0.994712,0.004728,0.000248,7.2e-05,0.00024
validation,17918,0,0.438688,0.039255,0.036956,0.016751,0.46835
validation,17931,0,0.000922,0.00088,0.000237,0.878454,0.119506
validation,17947,0,0.473614,0.476209,0.026433,0.003153,0.020592
validation,17962,0,0.889256,0.020753,0.003943,0.083071,0.002976
validation,17970,0,0.966422,0.021139,0.007531,0.001593,0.003315
validation,17979,0,0.146879,0.003651,0.002264,0.049677,0.797527
validation,17995,0,0.975493,0.00983,0.009487,0.002703,0.002486
validation,18000,0,0.877077,0.016444,0.07212,0.005107,0.029252
validation,18012,0,0.816896,0.055843,0.052875,0.037399,0.036987
validation,18013,0,0.94535,0.014788,0.012201,0.004403,0.023258
validation,18019,0,0.939499,0.026659,0.017803,0.002312,0.013727
validation,18026,1,0.63469,0.106632,0.112338,0.029154,0.117186
validation,18028,0,0.961143,0.009832,0.015852,0.002992,0.010181
validation,18029,0,0.967372,0.009249,0.006945,0.010874,0.00556
validation,18039,0,0.960464,0.025901,0.008097,0.002756,0.002781
validation,18042,0,0.827205,0.024305,0.057312,0.0046,0.086578
validation,18056,0,0.905982,0.042432,0.022885,0.009557,0.019143
validation,18068,0,0.959237,0.012246,0.015699,0.003728,0.00909
validation,18072,0,0.935555,0.030959,0.016503,0.004886,0.012098
validation,18077,0,0.972364,0.015997,0.005362,0.003129,0.003147
validation,18082,0,0.982196,0.008546,0.004951,0.003051,0.001257
validation,18103,0,0.695804,0.099771,0.131399,0.038111,0.034915
validation,18104,0,0.944414,0.012434,0.022019,0.016339,0.004795
validation,18119,0,0.961965,0.023069,0.00575,0.003177,0.006039
validation,18138,0,0.919831,0.03948,0.019926,0.0044,0.016363
validation,18143,0,0.682899,0.065429,0.018937,0.004852,0.227882
validation,18153,0,0.871793,0.048191,0.036968,0.007756,0.035291
validation,18185,0,0.000628,0.000211,0.000142,0.998964,5.6e-05
validation,18191,0,0.873464,0.040441,0.015005,0.056612,0.014478
validation,18197,0,0.708959,0.025811,0.095188,0.005535,0.164506
validation,18201,0,0.971562,0.013698,0.006774,0.002576,0.005389
validation,18208,0,0.901758,0.019583,0.02676,0.014172,0.037727
validation,18224,0,0.962221,0.014079,0.007248,0.006752,0.009699
validation,18227,0,0.988164,0.007047,0.003241,0.000914,0.000635
validation,18229,0,0.856429,0.041069,0.017829,0.0198,0.064873
validation,18230,0,0.781534,0.204297,0.004482,0.007385,0.002301
validation,18238,0,0.905815,0.039525,0.014457,0.009972,0.03023
validation,18239,0,0.01277,0.002138,0.000815,0.00273,0.981547
validation,18257,0,0.998082,0.000766,0.000472,0.000594,8.6e-05
validation,18259,0,0.973554,0.012058,0.005822,0.00524,0.003326
validation,18263,0,0.00846,0.002227,0.003619,0.968929,0.016765
validation,18266,0,0.986402,0.005478,0.003962,0.001507,0.002651
validation,18267,0,0.934306,0.011002,0.049151,0.001598,0.003943
validation,18269,0,0.834685,0.055927,0.061365,0.0166,0.031422
validation,18301,0,0.751437,0.039327,0.009244,0.009312,0.19068
validation,18308,0,0.948744,0.008104,0.014081,0.006595,0.022476
validation,18313,0,0.960717,0.009767,0.012982,0.001799,0.014734
validation,18318,0,0.980991,0.008665,0.003498,0.002038,0.004809
validation,18336,0,0.659289,0.002963,0.001929,0.001057,0.334762
validation,18340,0,0.495966,0.203524,0.108228,0.112421,0.079861
validation,18348,0,0.416123,0.163347,0.09212,0.019701,0.308708
validation,18353,0,0.795084,0.094541,0.020878,0.018591,0.070906
validation,18362,0,0.896751,0.032318,0.023243,0.004589,0.043098
validation,18381,0,0.708411,0.142183,0.064182,0.018916,0.066308
validation,18386,0,0.749749,0.024192,0.018949,0.191405,0.015704
validation,18390,0,0.915313,0.023903,0.018317,0.026047,0.016421
validation,18391,0,0.807418,0.024657,0.026605,0.11618,0.025139
validation,18404,0,0.916086,0.031383,0.033089,0.008659,0.010782
validation,18420,0,0.816234,0.031913,0.041909,0.008522,0.101423
validation,18424,0,0.995279,0.003775,0.000607,9.2e-05,0.000246
validation,18429,0,0.000277,4.4e-05,5.9e-05,0.032617,0.967002
validation,18438,0,0.961352,0.014301,0.008281,0.002996,0.013071
validation,18439,0,0.956024,0.019637,0.010568,0.003422,0.010349
validation,18447,0,0.91281,0.012595,0.066465,0.003744,0.004385
validation,18449,0,0.864193,0.016889,0.104147,0.006976,0.007794
validation,18468,0,0.978699,0.009742,0.007032,0.001651,0.002876
validation,18469,0,0.142485,0.002983,0.002746,0.00084,0.850946
validation,18471,0,0.987854,0.005182,0.004108,0.001341,0.001515
validation,18472,0,0.631651,0.048774,0.291493,0.005803,0.022279
validation,18507,0,0.938869,0.022633,0.018552,0.005225,0.014722
validation,18513,0,0.650855,0.039022,0.027727,0.010846,0.271549
validation,18516,0,0.811687,0.009477,0.09813,0.002666,0.07804
validation,18522,0,0.488464,0.028599,0.434762,0.003807,0.044368
validation,18523,0,0.935901,0.042545,0.008514,0.007269,0.005771
validation,18533,0,0.725759,0.193561,0.03203,0.028067,0.020583
validation,18535,0,0.800544,0.04097,0.074527,0.010896,0.073063
validation,18537,0,0.968996,0.020256,0.00491,0.001517,0.004321
validation,18541,0,0.95412,0.02813,0.003201,0.004248,0.010301
validation,18575,0,0.906922,0.025947,0.022825,0.003684,0.040621
validation,18579,0,0.848376,0.078438,0.022098,0.04013,0.010959
validation,18586,0,0.963102,0.008012,0.00783,0.00388,0.017176
validation,18596,0,0.959927,0.011002,0.005945,0.002257,0.020869
validation,18598,0,0.571473,0.091686,0.12842,0.061571,0.14685
validation,18618,0,0.844496,0.061059,0.03048,0.005038,0.058927
validation,18621,0,0.868929,0.022212,0.029114,0.030255,0.04949
validation,18623,0,0.874355,0.054074,0.004197,0.063258,0.004117
validation,18624,0,0.942494,0.024349,0.018598,0.003348,0.011211
validation,18628,0,0.882633,0.043833,0.042601,0.011872,0.019061
validation,18640,0,0.750345,0.084682,0.077006,0.015254,0.072712
validation,18641,0,0.977732,0.008996,0.008408,0.001122,0.003742
validation,18642,0,0.955481,0.013768,0.022027,0.003374,0.00535
validation,18643,0,0.967192,0.017062,0.006599,0.003367,0.005779
validation,18645,0,0.745827,0.083759,0.107634,0.017587,0.045194
validation,18650,0,0.910646,0.022012,0.039232,0.007882,0.020227
validation,18657,0,0.828929,0.110277,0.025918,0.01676,0.018116
validation,18658,0,0.466799,0.006166,0.00684,0.006168,0.514026
validation,18665,0,0.876071,0.032595,0.069206,0.009393,0.012734
validation,18675,0,0.949643,0.018723,0.020387,0.004092,0.007155
validation,18683,0,0.204753,0.384721,0.141501,0.077689,0.191336
validation,18701,0,0.980975,0.009137,0.00386,0.00387,0.002157
validation,18702,0,0.105921,0.007076,0.003828,0.001087,0.882089
validation,18710,0,0.854495,0.084404,0.041813,0.004794,0.014493
validation,18714,0,0.65926,0.02846,0.140223,0.080284,0.091772
validation,18719,0,0.972894,0.014079,0.008041,0.003345,0.001641
validation,18722,0,0.992992,0.006061,0.000381,0.000143,0.000423
validation,18723,0,0.681418,0.136799,0.043046,0.060375,0.078361
validation,18733,0,0.884017,0.023097,0.014211,0.018681,0.059994
validation,18737,0,0.799229,0.038978,0.041925,0.023203,0.096665
validation,18741,0,0.930017,0.019142,0.022298,0.013669,0.014875
validation,18743,0,0.553083,0.016443,0.141971,0.003345,0.285158
validation,18745,0,0.938353,0.028351,0.010844,0.00735,0.015102
validation,18746,0,0.244573,0.104436,0.081873,0.183322,0.385797
validation,18754,0,0.969007,0.009859,0.010074,0.002814,0.008246
validation,18773,0,0.113247,0.005503,0.009755,0.001662,0.869833
validation,18780,0,0.972319,0.011324,0.007649,0.002127,0.00658
validation,18785,0,0.952418,0.017329,0.010073,0.008222,0.011958
validation,18798,0,0.920613,0.043618,0.015457,0.007364,0.012948
validation,18807,0,0.669477,0.045159,0.057347,0.201708,0.026309
validation,18832,0,1.3e-05,3e-06,2e-06,1e-06,0.999981
validation,18834,0,0.879816,0.042021,0.013272,0.013275,0.051616
validation,18835,0,0.995509,0.003846,0.000198,9.2e-05,0.000355
validation,18837,0,0.991766,0.004702,0.002128,0.000751,0.000653
validation,18838,0,0.81979,0.070545,0.0759,0.006872,0.026893
validation,18844,0,0.874679,0.053347,0.036609,0.003043,0.032322
validation,18845,0,0.347345,0.036952,0.527786,0.019684,0.068233
validation,18847,0,0.809681,0.031971,0.027286,0.08673,0.044333
validation,18855,0,0.995179,0.002279,0.001415,0.000754,0.000373
validation,18862,0,0.629908,0.09242,0.203831,0.063785,0.010056
validation,18869,0,0.984416,0.008249,0.004692,0.000759,0.001885
validation,18877,0,0.981853,0.005921,0.009976,0.001504,0.000745
validation,18879,0,0.763549,0.017439,0.018444,0.18854,0.012028
validation,18895,0,0.958787,0.012416,0.010724,0.003601,0.014472
validation,18902,0,0.918863,0.03237,0.012917,0.014059,0.021791
validation,18914,0,0.975496,0.011727,0.007708,0.002058,0.00301
validation,18916,4,0.984027,0.006745,0.002102,0.004161,0.002965
validation,18921,0,0.792672,0.014464,0.008362,0.182577,0.001926
validation,18924,0,0.916324,0.026446,0.030655,0.01594,0.010634
validation,18930,0,0.505793,0.070637,0.078276,0.016155,0.32914
validation,18932,0,0.828855,0.023224,0.113914,0.023439,0.010569
validation,18937,0,0.85231,0.055209,0.055694,0.015416,0.02137
validation,18953,0,0.982954,0.011718,0.002955,0.001136,0.001236
validation,18954,0,0.924801,0.023724,0.040529,0.002198,0.008749
validation,18955,0,0.983853,0.007758,0.003189,0.001451,0.003749
validation,18965,0,0.974954,0.013642,0.006067,0.001854,0.003484
validation,18967,0,0.829731,0.063665,0.026602,0.005166,0.074836
validation,18971,0,0.774644,0.046588,0.093135,0.00839,0.077243
validation,18980,0,0.945806,0.016607,0.014365,0.008307,0.014915
validation,18990,0,0.979251,0.004679,0.013159,0.001674,0.001238
validation,18993,0,0.001524,0.0002,9.6e-05,0.998108,7.2e-05
validation,19003,0,0.259936,0.071946,0.013939,0.009119,0.64506
validation,19008,0,0.000279,1.7e-05,1.5e-05,7e-06,0.999683
validation,19019,0,0.911334,0.008373,0.003916,0.07111,0.005267
validation,19020,0,0.918097,0.03214,0.030239,0.004985,0.014538
validation,19035,0,0.995078,0.003495,0.00085,7.3e-05,0.000505
validation,19036,0,0.848886,0.020215,0.013922,0.008834,0.108144
validation,19040,0,0.965992,0.012574,0.008908,0.005209,0.007317
validation,19048,0,0.971215,0.010305,0.007108,0.004482,0.006889
validation,19054,0,0.22197,0.009116,0.001763,0.001624,0.765527
validation,19063,0,0.906943,0.013586,0.072626,0.001528,0.005317
validation,19073,0,0.954809,0.019943,0.009158,0.004386,0.011705
validation,19087,2,0.73014,0.042215,0.154827,0.008952,0.063866
validation,19107,0,0.995092,0.002678,0.000766,0.000593,0.000872
validation,19112,0,0.967677,0.017052,0.008647,0.001901,0.004724
validation,19113,0,0.626159,0.10538,0.08035,0.035866,0.152245
validation,19146,0,0.271686,0.583652,0.050314,0.009201,0.085147
validation,19147,0,0.985748,0.009914,0.003628,0.0003,0.00041
validation,19166,0,0.887266,0.038325,0.013003,0.039094,0.022312
validation,19178,0,0.839143,0.04292,0.029246,0.063175,0.025516
validation,19189,0,0.835648,0.027316,0.060318,0.011747,0.064969
validation,19192,0,0.508251,0.028302,0.401019,0.031096,0.031332
validation,19193,0,0.991459,0.004537,0.002783,0.000647,0.000575
validation,19201,0,0.752207,0.064922,0.040065,0.005218,0.137588
validation,19217,0,0.365032,0.19478,0.303978,0.055933,0.080277
validation,19224,0,0.953076,0.028471,0.006622,0.005683,0.006148
validation,19234,0,0.929211,0.018926,0.030277,0.009025,0.012562
validation,19258,0,0.99652,0.001579,0.000756,0.000722,0.000422
validation,19259,0,0.952189,0.024695,0.009202,0.001349,0.012564
validation,19275,0,0.909288,0.050319,0.012018,0.01066,0.017715
validation,19282,0,0.802734,0.032213,0.021245,0.024175,0.119633
validation,19308,0,0.974948,0.009934,0.009755,0.003183,0.00218
validation,19311,0,0.901744,0.04378,0.018285,0.013531,0.02266
validation,19314,0,0.987354,0.006394,0.004094,0.001228,0.000931
validation,19315,0,0.004188,0.001317,0.000667,0.000295,0.993533
validation,19329,0,0.862535,0.020508,0.096477,0.006137,0.014343
validation,19352,0,0.993406,0.003114,0.001979,0.000828,0.000674
validation,19375,0,0.99185,0.00521,0.001886,0.000274,0.00078
validation,19379,0,0.15765,0.516753,0.207707,0.065498,0.052392
validation,19389,0,0.956225,0.011195,0.020667,0.00706,0.004852
validation,19391,4,0.059989,0.250873,0.031948,0.033655,0.623536
validation,19393,0,0.967348,0.011948,0.003753,0.003501,0.013449
validation,19397,0,0.008014,0.003865,0.002046,0.985536,0.000539
validation,19406,0,0.668659,0.121378,0.014381,0.020055,0.175526
validation,19413,0,0.93477,0.037752,0.017774,0.002758,0.006946
validation,19417,0,0.983393,0.00711,0.005833,0.001521,0.002144
validation,19418,0,0.784556,0.038104,0.066626,0.009406,0.101308
validation,19435,0,0.680142,0.056272,0.09054,0.006967,0.166079
validation,19436,0,0.548514,0.126645,0.190478,0.069232,0.065131
validation,19441,0,0.962714,0.014535,0.004595,0.005443,0.012713
validation,19449,0,0.800619,0.033515,0.007939,0.002372,0.155554
validation,19451,0,0.830102,0.033176,0.037622,0.007586,0.091514
validation,19460,0,0.70688,0.06448,0.171953,0.014793,0.041894
validation,19467,0,0.71126,0.061814,0.043844,0.010274,0.172809
validation,19473,0,0.837529,0.129966,0.01941,0.004816,0.008279
validation,19477,4,0.789042,0.109962,0.079316,0.004989,0.016691
validation,19485,0,0.102716,0.008614,0.009176,0.003755,0.875738
validation,19486,0,0.965582,0.012494,0.008481,0.009812,0.003631
validation,19488,0,0.952421,0.01832,0.015847,0.007308,0.006103
validation,19491,0,0.91414,0.018676,0.019155,0.003125,0.044904
validation,19503,0,0.342911,0.203045,0.249016,0.049263,0.155765
validation,19510,0,0.013677,0.002738,0.00206,0.000467,0.981059
validation,19521,0,0.992771,0.006832,0.000126,7.7e-05,0.000194
validation,19524,0,0.929489,0.018078,0.023181,0.004154,0.025097
validation,19534,0,0.973957,0.013095,0.006524,0.001422,0.005002
validation,19535,0,0.992071,0.004775,0.002059,0.000616,0.00048
validation,19540,0,0.754135,0.042798,0.1716,0.007978,0.023489
validation,19541,0,0.624966,0.056056,0.062597,0.011974,0.244407
validation,19555,4,0.512299,0.155815,0.105172,0.120504,0.10621
validation,19558,0,0.976697,0.007214,0.00914,0.00253,0.00442
validation,19564,0,0.978124,0.008169,0.007119,0.00178,0.004808
validation,19587,0,0.891813,0.009528,0.004076,0.090286,0.004296
validation,19589,0,0.773255,0.028927,0.01985,0.142839,0.03513
validation,19600,0,0.267778,0.028152,0.60728,0.021831,0.07496
validation,19602,0,0.946803,0.018684,0.016681,0.004285,0.013547
validation,19611,0,0.986162,0.008337,0.002397,0.00232,0.000784
validation,19615,0,0.98665,0.00689,0.002871,0.001091,0.002498
validation,19616,2,0.953135,0.014911,0.008551,0.007926,0.015476
validation,19620,0,0.855124,0.024957,0.075554,0.018779,0.025585
validation,19623,0,0.770975,0.049268,0.153483,0.011022,0.015252
validation,19626,0,0.966386,0.025911,0.005408,0.001366,0.00093
validation,19633,0,0.965559,0.012844,0.01272,0.003816,0.005061
validation,19635,0,0.536941,0.109943,0.115794,0.026014,0.211309
validation,19650,0,0.901585,0.044571,0.014815,0.008345,0.030683
validation,19660,0,0.928369,0.026856,0.007125,0.010411,0.02724
validation,19672,0,0.929099,0.018446,0.019283,0.006965,0.026207
validation,19676,0,0.930374,0.023774,0.013748,0.00276,0.029344
validation,19680,0,0.638146,0.004452,0.00636,0.345501,0.00554
validation,19682,0,0.916583,0.029935,0.026673,0.006517,0.020292
validation,19684,0,0.969798,0.015395,0.010459,0.002115,0.002233
validation,19686,0,0.955104,0.019763,0.018708,0.002333,0.004092
validation,19691,0,0.884886,0.032513,0.026693,0.02351,0.032397
validation,19703,0,0.550647,0.154703,0.055953,0.215053,0.023644
validation,19709,0,0.761861,0.027419,0.142672,0.056009,0.012038
validation,19719,0,0.93396,0.025739,0.019385,0.01025,0.010666
validation,19729,0,0.723675,0.026202,0.213497,0.028853,0.007774
validation,19735,0,0.978692,0.008163,0.002278,0.001374,0.009493
validation,19747,0,0.893348,0.018569,0.03891,0.038113,0.01106
validation,19751,0,0.971655,0.00893,0.007858,0.005021,0.006537
validation,19754,0,0.843984,0.03895,0.031424,0.028695,0.056947
validation,19756,0,0.894044,0.022845,0.056391,0.016372,0.010348
validation,19768,0,0.750505,0.021369,0.219024,0.00269,0.006412
validation,19773,0,0.773589,0.072884,0.050633,0.061858,0.041036
validation,19783,0,0.998268,0.001225,9.3e-05,0.000237,0.000177
validation,19786,0,0.972895,0.012299,0.00452,0.003603,0.006683
validation,19789,0,0.93338,0.029959,0.010109,0.018408,0.008144
validation,19792,0,0.774193,0.121421,0.051814,0.01261,0.039961
validation,19796,0,0.980813,0.00616,0.009851,0.00231,0.000865
validation,19797,0,0.973625,0.0112,0.006309,0.002194,0.006671
validation,19798,0,0.98307,0.009795,0.004328,0.001418,0.001389
validation,19800,0,0.971451,0.013696,0.003084,0.004182,0.007586
validation,19803,0,0.477701,0.076617,0.191436,0.223527,0.030718
validation,19807,0,0.532583,0.133278,0.038434,0.008197,0.287509
validation,19832,0,0.930532,0.016663,0.030042,0.01342,0.009343
validation,19841,0,0.994453,0.004237,0.000398,0.000147,0.000766
validation,19846,0,0.441075,0.055458,0.350934,0.016724,0.135809
validation,19848,0,0.968032,0.010656,0.014222,0.002676,0.004414
validation,19856,0,0.901328,0.024477,0.021392,0.004644,0.04816
validation,19857,0,0.951868,0.026367,0.007054,0.008816,0.005895
validation,19858,0,0.931862,0.023048,0.020763,0.011331,0.012995
validation,19874,0,0.51214,0.042114,0.029021,0.39163,0.025095
validation,19878,0,0.410744,0.131102,0.068638,0.07886,0.310657
validation,19887,0,0.902284,0.033904,0.025654,0.009068,0.029091
validation,19888,0,5e-06,0.0,0.0,1e-06,0.999993
validation,19899,0,0.83004,0.049964,0.056914,0.014375,0.048707
validation,19903,0,0.986724,0.006724,0.003097,0.001463,0.001992
validation,19910,0,0.892397,0.010825,0.070891,0.011509,0.014378
validation,19912,0,0.888279,0.019375,0.025042,0.012301,0.055003
validation,19917,0,0.95052,0.028146,0.00928,0.001833,0.010221
validation,19924,0,0.766782,0.110136,0.090699,0.01248,0.019903
validation,19926,0,0.986966,0.008714,0.001541,0.002071,0.000708
validation,19930,0,0.732906,0.067911,0.012356,0.003752,0.183076
validation,19936,0,0.990402,0.005095,0.002153,0.000939,0.001411
validation,19939,0,0.942309,0.026076,0.012976,0.006538,0.012101
validation,19959,0,0.948932,0.016746,0.019553,0.01015,0.004619
validation,19961,0,0.819783,0.017686,0.138693,0.008189,0.01565
validation,19962,0,0.966354,0.017601,0.009433,0.003133,0.00348
validation,19970,0,0.959632,0.015493,0.013869,0.006804,0.004201
validation,19972,0,0.648903,0.208,0.112461,0.014657,0.015979
validation,19973,0,0.989015,0.007458,0.002149,0.000693,0.000685
validation,19983,0,0.964205,0.02089,0.009123,0.001973,0.003808
validation,20001,0,0.783669,0.07749,0.066249,0.017005,0.055587
validation,20020,0,0.740689,0.082308,0.041747,0.021008,0.114248
validation,20023,0,0.587919,0.315438,0.027093,0.007169,0.06238
validation,20048,0,0.972525,0.01268,0.003732,0.001243,0.00982
validation,20059,0,0.980379,0.007455,0.008263,0.002047,0.001856
validation,20062,0,0.792838,0.00603,0.002792,0.002152,0.196187
validation,20065,0,0.987751,0.008538,0.002101,0.000296,0.001312
validation,20066,0,0.95943,0.02566,0.005443,0.004091,0.005376
validation,20073,0,0.881993,0.062906,0.019269,0.010656,0.025176
validation,20082,0,0.980398,0.008082,0.004755,0.002601,0.004163
validation,20085,0,0.949636,0.017501,0.016284,0.005047,0.011532
validation,20091,0,0.902961,0.035019,0.022793,0.022469,0.016758
validation,20095,0,0.048684,0.007197,0.935257,0.002915,0.005947
validation,20098,0,0.975916,0.010989,0.006545,0.003397,0.003154
validation,20110,0,0.505523,0.039257,0.025788,0.017917,0.411515
validation,20111,0,0.415123,0.071012,0.403928,0.020864,0.089073
validation,20119,0,0.921299,0.039637,0.013138,0.003046,0.022881
validation,20124,0,0.934852,0.024297,0.018384,0.003095,0.019372
validation,20131,0,0.9125,0.016049,0.063983,0.004885,0.002583
validation,20140,0,0.648182,0.088367,0.235857,0.016887,0.010706
validation,20151,0,0.934589,0.01658,0.006652,0.002303,0.039876
validation,20157,0,0.966759,0.016761,0.006544,0.002303,0.007633
validation,20159,0,0.1411,0.129452,0.70765,0.011422,0.010376
validation,20165,0,0.988345,0.005644,0.003106,0.001268,0.001637
validation,20166,0,0.658616,0.124078,0.053676,0.012717,0.150912
validation,20167,0,0.759365,0.020094,0.186332,0.003971,0.030239
validation,20168,0,0.99424,0.003756,0.000902,0.000394,0.000708
validation,20170,0,0.949146,0.014965,0.017678,0.005,0.013212
validation,20181,0,0.97708,0.010166,0.008298,0.001472,0.002983
validation,20189,0,0.918767,0.019526,0.038284,0.003885,0.019538
validation,20193,0,0.888566,0.014959,0.010905,0.060372,0.025198
validation,20195,0,0.966491,0.016917,0.007902,0.003947,0.004742
validation,20206,0,0.956384,0.020411,0.015943,0.003725,0.003537
validation,20214,0,0.9935,0.003031,0.001441,0.00043,0.001599
validation,20224,0,0.001292,7e-06,3e-06,1e-06,0.998698
validation,20227,0,0.645725,0.039924,0.231075,0.031282,0.051994
validation,20237,0,0.948584,0.014403,0.004557,0.001652,0.030804
validation,20245,0,0.838908,0.063381,0.058665,0.005673,0.033373
validation,20252,0,0.948795,0.020271,0.008497,0.019876,0.002562
validation,20261,0,0.654177,0.035238,0.018085,0.254412,0.038089
validation,20275,0,0.969616,0.00843,0.016422,0.002898,0.002634
validation,20281,0,0.924442,0.032982,0.010336,0.016084,0.016157
validation,20304,0,0.971314,0.008616,0.018414,0.000859,0.000796
validation,20313,0,0.000239,0.002264,0.000104,0.993457,0.003936
validation,20316,0,0.882222,0.013735,0.07196,0.009558,0.022525
validation,20319,0,0.232102,0.423687,0.113353,0.168108,0.062749
validation,20328,0,0.986571,0.004901,0.004883,0.000989,0.002655
validation,20331,0,0.990323,0.004039,0.003527,0.000917,0.001194
validation,20332,0,0.9901,0.005183,0.002489,0.000939,0.001289
validation,20338,0,0.994109,0.00399,0.000822,9.5e-05,0.000984
validation,20340,0,0.000167,1.2e-05,2.6e-05,8e-06,0.999786
validation,20342,0,0.706549,0.013967,0.046327,0.020951,0.212207
validation,20347,0,0.967671,0.014458,0.008922,0.002072,0.006876
validation,20353,0,0.558159,0.145849,0.211007,0.025809,0.059175
validation,20354,0,0.675533,0.013473,0.297704,0.004956,0.008333
validation,20356,0,0.926741,0.032239,0.018264,0.003941,0.018816
validation,20371,0,0.968076,0.012673,0.010221,0.003779,0.005251
validation,20384,0,0.719799,0.02306,0.249569,0.002548,0.005023
validation,20385,0,0.974017,0.017038,0.004881,0.001502,0.002561
validation,20387,0,0.621127,0.084258,0.017058,0.234903,0.042655
validation,20406,0,0.963802,0.014085,0.010299,0.010071,0.001743
validation,20407,0,0.993339,0.004055,0.001734,0.000111,0.000761
validation,20409,0,0.986524,0.006072,0.005137,0.000873,0.001394
validation,20410,0,0.799616,0.143054,0.01111,0.009244,0.036976
validation,20419,0,0.883228,0.0369,0.056366,0.006209,0.017297
validation,20426,0,0.924857,0.030892,0.020458,0.011393,0.012399
validation,20438,0,0.974649,0.011997,0.0092,0.003683,0.00047
validation,20442,0,0.817628,0.088197,0.017178,0.009676,0.067322
validation,20452,0,0.943151,0.010798,0.035998,0.001609,0.008443
validation,20459,0,0.968329,0.012769,0.015205,0.00141,0.002287
validation,20467,0,0.972297,0.016916,0.002768,0.002313,0.005706
validation,20469,0,0.997093,0.001659,0.000579,0.000188,0.000481
validation,20472,0,0.916034,0.034743,0.011144,0.018127,0.019951
validation,20474,0,0.908123,0.030814,0.022019,0.006452,0.032592
validation,20486,0,0.985243,0.004127,0.007552,0.001965,0.001114
validation,20490,0,0.940174,0.028482,0.019617,0.007274,0.004452
validation,20494,0,0.978207,0.007166,0.007107,0.001112,0.006408
validation,20509,0,0.913606,0.022254,0.044607,0.009644,0.00989
validation,20519,0,0.939647,0.032937,0.016181,0.00653,0.004704
validation,20522,0,0.894254,0.0296,0.045755,0.004591,0.025799
validation,20528,0,0.97584,0.007736,0.01389,0.000948,0.001587
validation,20529,0,0.938572,0.02009,0.015161,0.005036,0.021141
validation,20535,0,0.987284,0.008866,0.002619,0.00046,0.00077
validation,20539,0,0.739656,0.007679,0.027604,0.001197,0.223865
validation,20543,0,0.988837,0.005185,0.00243,0.001773,0.001775
validation,20555,0,0.441998,0.022268,0.302004,0.186491,0.047239
validation,20556,0,0.945165,0.021484,0.01479,0.003505,0.015055
validation,20561,0,0.649783,0.242876,0.038675,0.0516,0.017066
validation,20584,0,0.955305,0.011184,0.01013,0.00576,0.01762
validation,20605,0,0.878993,0.03221,0.070019,0.005883,0.012895
validation,20609,0,0.983197,0.007008,0.003416,0.004247,0.002131
validation,20620,0,0.993261,0.003043,0.001694,0.001043,0.000958
validation,20621,0,0.958249,0.01504,0.014382,0.004372,0.007957
validation,20622,0,0.770775,0.066686,0.011905,0.035841,0.114794
validation,20627,0,0.837006,0.036147,0.072189,0.017453,0.037205
validation,20630,0,0.981064,0.009827,0.003161,0.001239,0.004709
validation,20632,0,0.986767,0.005417,0.003063,0.003565,0.001187
validation,20637,0,0.907253,0.027548,0.024562,0.008807,0.031831
validation,20644,0,0.995098,0.002107,0.001087,0.001065,0.000643
validation,20654,0,0.071651,0.002594,0.001967,0.923354,0.000434
validation,20666,0,0.974929,0.012869,0.007355,0.002326,0.002521
validation,20670,0,0.986219,0.007271,0.005242,0.000741,0.000527
validation,20681,0,0.928878,0.017419,0.014172,0.003646,0.035886
validation,20687,0,0.971793,0.008075,0.014748,0.003114,0.002271
validation,20691,0,0.994701,0.002728,0.001334,0.000918,0.000319
validation,20692,0,0.816813,0.08107,0.035136,0.014244,0.052737
validation,20707,0,0.979705,0.009741,0.006165,0.001638,0.002751
validation,20708,0,0.064118,0.201891,0.051631,0.020649,0.661711
validation,20709,0,0.763446,0.058293,0.132775,0.02517,0.020317
validation,20714,0,0.956695,0.012993,0.023193,0.004353,0.002766
validation,20726,0,0.781577,0.047104,0.158369,0.003647,0.009304
validation,20748,0,0.98339,0.007309,0.0038,0.0024,0.003101
validation,20749,0,0.953117,0.024759,0.009585,0.002911,0.009628
validation,20753,0,0.68706,0.209997,0.086711,0.009996,0.006236
validation,20759,0,0.795512,0.05915,0.1194,0.018383,0.007555
validation,20762,0,0.716723,0.066721,0.073543,0.016084,0.126929
validation,20766,0,0.999921,6.4e-05,5e-06,3e-06,7e-06
validation,20769,0,0.847111,0.038612,0.09398,0.007321,0.012977
validation,20771,0,0.122518,0.002366,0.004935,0.022939,0.847242
validation,20777,0,0.831962,0.02609,0.069345,0.010439,0.062165
validation,20782,0,0.979866,0.010419,0.004732,0.002884,0.002098
validation,20793,0,0.897853,0.087481,0.009125,0.001753,0.003788
validation,20795,3,0.586576,0.015474,0.012096,0.006367,0.379488
validation,20799,0,0.963462,0.013075,0.009827,0.002429,0.011207
validation,20805,0,0.701046,0.121174,0.062613,0.026649,0.088518
validation,20806,0,0.70382,0.049616,0.052949,0.174271,0.019344
validation,20810,0,0.647338,0.055614,0.231447,0.030648,0.034952
validation,20811,0,0.942495,0.029644,0.0184,0.003679,0.005781
validation,20814,0,0.951434,0.019825,0.013925,0.007603,0.007213
validation,20817,0,0.427827,0.18367,0.157962,0.062258,0.168283
validation,20820,0,0.97351,0.009213,0.00467,0.007216,0.00539
validation,20821,0,0.937442,0.026084,0.014586,0.003243,0.018644
validation,20831,0,0.950632,0.021003,0.010222,0.004842,0.0133
validation,20833,0,0.789433,0.021627,0.0662,0.114543,0.008196
validation,20839,0,0.862878,0.041804,0.020121,0.045597,0.0296
validation,20840,0,0.866782,0.016867,0.099426,0.005121,0.011803
validation,20863,0,0.815778,0.083146,0.043295,0.014239,0.043542
validation,20869,0,0.80529,0.034662,0.129731,0.014919,0.015398
validation,20882,0,0.996658,0.001682,0.001108,0.000238,0.000315
validation,20883,0,0.882009,0.052469,0.029981,0.00981,0.025731
validation,20885,0,0.233785,0.123323,0.034663,0.566739,0.041491
validation,20888,0,0.949358,0.014562,0.025077,0.002154,0.008849
validation,20891,0,0.945421,0.011341,0.030556,0.004109,0.008573
validation,20911,0,0.961497,0.017889,0.016606,0.002087,0.001921
validation,20913,0,0.622357,0.137665,0.161184,0.033583,0.045212
validation,20921,0,0.937967,0.014682,0.035574,0.009791,0.001985
validation,20930,0,0.929701,0.01772,0.00799,0.039522,0.005068
validation,20942,0,0.992574,0.004612,0.001473,0.000552,0.000789
validation,20958,0,0.891927,0.037693,0.046177,0.005922,0.01828
validation,20971,0,0.814597,0.026488,0.040727,0.003396,0.114793
validation,20977,0,0.989388,0.005709,0.003615,0.000308,0.000981
validation,20978,0,0.399907,0.208566,0.08507,0.038126,0.268331
validation,20984,4,0.275959,0.302628,0.125689,0.087674,0.208049
validation,20987,0,0.582465,0.008177,0.002202,0.401929,0.005227
validation,21003,0,0.602101,0.021747,0.348575,0.022248,0.005329
validation,21016,0,0.959977,0.015784,0.017323,0.00316,0.003755
validation,21021,0,0.956759,0.010743,0.017206,0.009355,0.005936
validation,21037,0,0.735158,0.086501,0.125636,0.02038,0.032326
validation,21043,0,0.906337,0.037012,0.023164,0.009788,0.023699
validation,21057,0,0.858275,0.031401,0.077101,0.010692,0.022531
validation,21061,0,0.768822,0.102493,0.080611,0.011359,0.036715
validation,21069,0,0.990474,0.004934,0.002617,0.001115,0.000859
validation,21070,0,0.983234,0.007323,0.005067,0.001998,0.002378
validation,21076,0,0.98677,0.005762,0.004611,0.001309,0.001549
validation,21078,0,0.968773,0.017264,0.008459,0.002003,0.003501
validation,21079,0,0.988773,0.00384,0.004186,0.000588,0.002613
validation,21083,0,0.889415,0.023438,0.054598,0.021775,0.010775
validation,21088,0,0.880928,0.114082,0.002601,0.001511,0.000878
validation,21093,0,0.930362,0.036388,0.01175,0.007799,0.0137
validation,21113,0,0.443711,0.110401,0.390282,0.024582,0.031024
validation,21114,0,0.930976,0.028787,0.010414,0.002995,0.026828
validation,21139,0,0.949447,0.013194,0.022354,0.005521,0.009483
validation,21144,0,0.631089,0.070375,0.058159,0.164593,0.075785
validation,21152,0,0.858317,0.081919,0.034375,0.009269,0.01612
validation,21163,0,0.648007,0.044398,0.118887,0.061543,0.127164
validation,21164,0,0.968233,0.012797,0.009136,0.002213,0.007621
validation,21169,0,0.557735,0.049214,0.048515,0.31285,0.031687
validation,21185,0,0.070822,0.053897,0.742631,0.073294,0.059355
validation,21206,0,0.98789,0.002955,0.002609,0.003699,0.002846
validation,21209,0,0.983423,0.007643,0.005253,0.001904,0.001777
validation,21222,0,0.959855,0.017682,0.004684,0.001544,0.016235
validation,21224,0,0.825225,0.129585,0.016797,0.014039,0.014353
validation,21229,0,0.810108,0.070229,0.047411,0.057857,0.014395
validation,21242,0,0.745352,0.10505,0.089632,0.022277,0.037689
validation,21245,0,0.555646,0.122715,0.142369,0.056815,0.122456
validation,21250,0,0.895696,0.045492,0.025324,0.006379,0.027109
validation,21251,0,0.957776,0.025186,0.008516,0.004101,0.004421
validation,21257,0,0.512702,0.071676,0.283771,0.071634,0.060218
validation,21269,0,0.985096,0.005478,0.006017,0.002642,0.000768
validation,21272,0,0.984315,0.009574,0.002769,0.001323,0.00202
validation,21286,0,0.636459,0.084981,0.12158,0.113597,0.043383
validation,21288,0,0.863794,0.022411,0.104075,0.003996,0.005723
validation,21304,0,0.963018,0.019344,0.009896,0.005369,0.002373
validation,21312,0,0.984995,0.010757,0.00258,0.000659,0.001009
validation,21315,0,0.967788,0.013583,0.009627,0.003343,0.005659
validation,21326,4,0.823875,0.064658,0.053216,0.01176,0.04649
validation,21328,0,0.909753,0.029243,0.037755,0.00311,0.02014
validation,21341,0,0.957258,0.019857,0.013541,0.001442,0.007901
validation,21342,0,0.938564,0.022866,0.027389,0.004394,0.006787
validation,21343,0,0.970222,0.012333,0.004468,0.003984,0.008992
validation,21352,0,0.908538,0.02093,0.020285,0.038006,0.012241
validation,21354,0,0.677139,0.065927,0.079419,0.150904,0.026611
validation,21356,0,0.847191,0.036774,0.054929,0.021335,0.039771
validation,21357,0,0.966507,0.01372,0.008143,0.002196,0.009434
validation,21380,0,0.911832,0.039071,0.023276,0.010335,0.015486
validation,21386,4,0.047968,0.066219,0.020613,0.010577,0.854623
validation,21396,0,0.875557,0.014618,0.094549,0.005771,0.009504
validation,21397,0,0.850356,0.08322,0.027723,0.012055,0.026646
validation,21402,0,0.915433,0.034566,0.02111,0.008469,0.020422
validation,21404,0,0.980916,0.012239,0.003612,0.002049,0.001184
validation,21426,0,0.496904,0.22508,0.091349,0.028201,0.158466
validation,21444,0,0.982224,0.007962,0.004704,0.001983,0.003127
validation,21446,0,0.883573,0.027449,0.073934,0.005383,0.009661
validation,21448,0,0.946579,0.023571,0.010034,0.010398,0.009418
validation,21450,0,0.878147,0.058336,0.030954,0.017495,0.015069
validation,21459,0,0.873828,0.037017,0.027987,0.009922,0.051247
validation,21464,0,0.95485,0.015965,0.005539,0.015327,0.008319
validation,21475,0,0.923141,0.066775,0.006344,0.001277,0.002464
validation,21484,0,0.97582,0.008347,0.008738,0.003046,0.004049
validation,21487,0,0.13332,0.174454,0.036188,0.632782,0.023256
validation,21489,0,0.957383,0.013413,0.01096,0.015873,0.002371
validation,21492,0,0.037934,0.011303,0.003324,0.002757,0.944683
validation,21494,0,0.726596,0.08298,0.089024,0.063834,0.037567
validation,21495,0,0.981673,0.006404,0.010166,0.000823,0.000934
validation,21516,0,0.181718,0.145681,0.140479,0.06602,0.466102
validation,21517,0,0.984493,0.007013,0.004699,0.001141,0.002654
validation,21530,0,0.856157,0.026819,0.107904,0.004079,0.005041
validation,21531,0,0.95242,0.028343,0.010874,0.004237,0.004126
validation,21536,0,0.967881,0.011626,0.012816,0.001799,0.005878
validation,21550,0,0.838437,0.084634,0.06323,0.007151,0.006549
validation,21562,0,0.907261,0.062053,0.006907,0.006016,0.017763
validation,21566,0,0.922931,0.030195,0.008996,0.019462,0.018416
validation,21567,0,0.800041,0.04628,0.057302,0.037808,0.058569
validation,21570,0,0.73587,0.062262,0.158646,0.027308,0.015915
validation,21572,0,0.877788,0.011498,0.096941,0.009913,0.00386
validation,21573,0,0.986148,0.00611,0.00301,0.001358,0.003375
validation,21574,0,0.96935,0.015113,0.01094,0.00154,0.003056
validation,21584,0,0.953792,0.015259,0.018143,0.00443,0.008376
validation,21588,0,0.639591,0.291819,0.050373,0.006278,0.011939
validation,21589,0,0.613692,0.031135,0.316206,0.007786,0.03118
validation,21604,0,0.953045,0.019657,0.017658,0.003942,0.005698
validation,21608,0,0.933697,0.02738,0.011806,0.017082,0.010035
validation,21620,0,0.871888,0.081722,0.018944,0.008084,0.019363
validation,21635,0,0.972408,0.013006,0.003776,0.001225,0.009585
validation,21647,0,0.992102,0.002839,0.002319,0.00201,0.000731
validation,21649,0,0.945951,0.020795,0.015377,0.002774,0.015103
validation,21665,0,0.83546,0.089435,0.05373,0.010169,0.011207
validation,21669,0,0.580944,0.123423,0.139483,0.070165,0.085985
validation,21670,0,0.968784,0.014581,0.010838,0.001025,0.004772
validation,21676,0,0.973938,0.013977,0.006891,0.001483,0.003712
validation,21677,0,0.844191,0.04397,0.035876,0.00461,0.071353
validation,21699,0,0.736349,0.070526,0.070126,0.013673,0.109325
validation,21703,0,0.972098,0.014387,0.003695,0.006788,0.003032
validation,21705,0,0.016843,0.174066,0.779895,0.00426,0.024936
validation,21712,0,0.829142,0.05078,0.047494,0.011937,0.060646
validation,21717,0,0.456063,0.02624,0.501557,0.005951,0.01019
validation,21719,0,0.918548,0.013953,0.014349,0.002407,0.050744
validation,21730,0,0.951015,0.024804,0.006151,0.004887,0.013143
validation,21732,0,0.726699,0.072325,0.17248,0.011373,0.017124
validation,21733,0,0.994273,0.003625,0.00159,0.00036,0.000153
validation,21737,0,0.951014,0.033637,0.006486,0.001964,0.006899
validation,21739,0,0.966065,0.012929,0.014389,0.001657,0.004959
validation,21740,0,0.937359,0.035156,0.016302,0.002671,0.008512
validation,21746,0,9.2e-05,7e-05,3.3e-05,0.000234,0.99957
validation,21748,0,0.780385,0.038026,0.10048,0.023311,0.057798
validation,21749,0,0.931347,0.017089,0.012234,0.002562,0.036768
validation,21756,0,0.826136,0.063498,0.07192,0.019552,0.018894
validation,21764,0,0.935932,0.032374,0.006713,0.007028,0.017953
validation,21793,0,0.957645,0.010878,0.025067,0.001842,0.004568
validation,21795,0,0.924691,0.019249,0.020961,0.003775,0.031324
validation,21805,0,0.95184,0.021966,0.010621,0.003417,0.012156
validation,21811,0,0.97536,0.01394,0.005567,0.002101,0.003033
validation,21816,0,0.572732,0.221821,0.11674,0.052869,0.035838
validation,21823,0,0.991048,0.004731,0.001919,0.00103,0.001272
validation,21826,0,0.903051,0.026752,0.051372,0.011027,0.007798
validation,21828,0,0.002912,0.982872,0.001714,0.002153,0.010349
validation,21837,0,0.897416,0.010213,0.009478,0.00475,0.078142
validation,21838,0,0.918752,0.014611,0.050623,0.005638,0.010377
validation,21844,0,0.860108,0.066611,0.043215,0.008007,0.022059
validation,21848,0,0.993001,0.004194,0.001367,0.000782,0.000656
validation,21856,0,0.99006,0.005413,0.002555,0.000825,0.001147
validation,21857,0,0.968441,0.010964,0.017108,0.001445,0.002043
validation,21870,0,0.772278,0.08878,0.031127,0.022733,0.085083
validation,21883,0,0.677698,0.035648,0.255916,0.007832,0.022907
validation,21892,0,0.991752,0.006924,0.000633,0.000137,0.000553
validation,21895,0,0.927603,0.036152,0.01119,0.004365,0.02069
validation,21898,0,0.770503,0.104343,0.089548,0.012789,0.022817
validation,21908,0,0.590518,0.137365,0.070785,0.025641,0.175691
validation,21921,0,0.988602,0.004958,0.003634,0.000907,0.001899
validation,21930,0,0.977404,0.016009,0.003406,0.001119,0.002063
validation,21932,0,0.941862,0.012897,0.023666,0.005977,0.015598
validation,21938,0,0.926566,0.051272,0.012867,0.003132,0.006163
validation,21941,0,0.967512,0.010297,0.007565,0.008716,0.00591
validation,21961,0,0.986435,0.004827,0.006361,0.00092,0.001457
validation,21974,0,0.989428,0.005839,0.003392,0.000593,0.000748
validation,21975,0,0.976663,0.011869,0.00408,0.002115,0.005273
validation,21982,0,0.978352,0.007072,0.009103,0.00339,0.002083
validation,21988,0,0.936427,0.046324,0.011127,0.002054,0.004069
validation,21996,0,0.986287,0.004777,0.004498,0.001097,0.003341
validation,22010,0,0.987604,0.008674,0.002108,0.001217,0.000398
validation,22027,0,0.955521,0.02539,0.009045,0.003228,0.006816
validation,22029,0,0.93471,0.024864,0.027309,0.005458,0.007659
validation,22031,0,0.915451,0.012429,0.006206,0.061565,0.004348
validation,22038,0,0.882793,0.037929,0.014153,0.011524,0.0536
validation,22041,0,0.873801,0.031433,0.070811,0.008685,0.01527
validation,22051,0,0.876892,0.032784,0.042233,0.012825,0.035266
validation,22056,0,0.693896,0.131544,0.084713,0.02453,0.065318
validation,22058,0,0.758963,0.095688,0.111851,0.010806,0.022692
validation,22060,0,0.912405,0.029824,0.017388,0.012561,0.027823
validation,22061,0,0.872881,0.023908,0.089319,0.007438,0.006454
validation,22065,0,0.977887,0.007477,0.008482,0.005108,0.001046
validation,22067,0,0.976408,0.012987,0.006132,0.002135,0.002338
validation,22072,0,0.012334,0.00164,0.005033,0.000253,0.98074
validation,22084,0,0.760239,0.138754,0.039062,0.038404,0.02354
validation,22091,0,0.613874,0.058344,0.11579,0.091454,0.120538
validation,22093,0,0.899803,0.047212,0.022768,0.013137,0.01708
validation,22095,0,0.010247,0.001838,0.001613,0.985643,0.000659
validation,22100,0,0.474864,0.129093,0.224041,0.036862,0.135141
validation,22104,0,0.895658,0.026888,0.023672,0.035662,0.01812
validation,22106,0,0.969981,0.015507,0.006158,0.003118,0.005236
validation,22111,0,0.942781,0.0199,0.015405,0.004255,0.017659
validation,22112,0,0.985087,0.005383,0.006062,0.000941,0.002526
validation,22123,0,0.358153,0.054355,0.506552,0.028908,0.052032
validation,22129,0,0.797775,0.072106,0.035188,0.021814,0.073116
validation,22137,0,0.728241,0.195708,0.036236,0.007734,0.032082
validation,22154,0,0.955732,0.022096,0.009469,0.002873,0.009829
validation,22173,0,0.996956,0.002456,0.000196,8e-05,0.000312
validation,22176,0,0.933429,0.041552,0.007426,0.006519,0.011074
validation,22179,0,0.95135,0.034787,0.00826,0.002079,0.003524
validation,22182,0,0.969828,0.008082,0.01829,0.002674,0.001125
validation,22183,0,0.891144,0.064815,0.016921,0.008848,0.018272
validation,22189,0,0.984833,0.00545,0.005261,0.002492,0.001964
validation,22192,0,0.912475,0.025515,0.043862,0.010345,0.007802
validation,22194,0,0.90429,0.066164,0.013953,0.00358,0.012014
validation,22202,0,0.976985,0.009957,0.006939,0.003865,0.002254
validation,22217,0,0.054687,0.010228,0.917529,0.008698,0.008859
validation,22226,0,0.987741,0.00613,0.00337,0.000533,0.002227
validation,22238,0,0.545506,0.17684,0.168074,0.067474,0.042105
validation,22249,4,0.945299,0.005329,0.003344,0.04063,0.005398
validation,22252,0,0.647628,0.066785,0.207361,0.055535,0.022691
validation,22253,0,0.864176,0.067284,0.03271,0.016081,0.019749
validation,22259,0,0.763264,0.053175,0.073377,0.018056,0.092128
validation,22276,0,0.946665,0.042806,0.00439,0.002443,0.003696
validation,22281,0,0.982613,0.007156,0.007009,0.000932,0.00229
validation,22284,0,0.707668,0.033244,0.210522,0.030789,0.017777
validation,22292,0,0.982171,0.009889,0.004396,0.001347,0.002197
validation,22301,0,0.965289,0.013621,0.005361,0.003072,0.012657
validation,22304,0,0.419688,0.054279,0.445702,0.026386,0.053945
validation,22311,0,0.034604,0.060497,0.00934,0.877518,0.018042
validation,22313,0,0.884074,0.034101,0.039474,0.018839,0.023512
validation,22315,0,0.927216,0.025846,0.025339,0.009895,0.011704
validation,22334,0,0.931931,0.018117,0.016528,0.004568,0.028856
validation,22349,0,0.877552,0.033058,0.052351,0.005543,0.031495
validation,22353,0,0.911568,0.051419,0.021733,0.004138,0.011141
validation,22359,0,0.940684,0.017822,0.0193,0.006428,0.015766
validation,22372,0,0.958255,0.012496,0.009093,0.006867,0.013289
validation,22374,0,0.975264,0.00834,0.008918,0.003092,0.004385
validation,22379,0,0.866507,0.038464,0.060849,0.016308,0.017873
validation,22385,0,0.693991,0.034167,0.010375,0.016123,0.245343
validation,22391,0,0.518579,0.267088,0.134641,0.019172,0.06052
validation,22398,3,0.735848,0.03644,0.053067,0.005945,0.1687
validation,22404,0,0.961583,0.011482,0.010489,0.011865,0.004582
validation,22407,0,0.99413,0.002593,0.001878,0.000868,0.000531
validation,22412,0,0.736025,0.132685,0.062275,0.037523,0.031492
validation,22415,0,0.981431,0.009164,0.005484,0.002035,0.001886
validation,22427,0,0.977438,0.010297,0.007383,0.001627,0.003254
validation,22439,0,0.906033,0.047546,0.007416,0.005671,0.033333
validation,22442,0,0.988643,0.004837,0.003161,0.00094,0.00242
validation,22445,0,0.917186,0.075999,0.004057,0.000775,0.001982
validation,22450,0,0.949306,0.020321,0.009292,0.008108,0.012974
validation,22466,0,0.814697,0.056889,0.070111,0.02611,0.032193
validation,22469,0,0.818348,0.084055,0.028708,0.044389,0.0245
validation,22478,0,0.963665,0.018789,0.008436,0.004902,0.004208
validation,22483,0,0.979065,0.009059,0.005987,0.001588,0.004302
validation,22488,0,0.869404,0.031451,0.042486,0.015898,0.040761
validation,22489,0,0.479128,0.063187,0.028502,0.014841,0.414342
validation,22501,0,0.960863,0.01262,0.016503,0.001947,0.008067
validation,22503,0,0.900537,0.031174,0.03691,0.011158,0.020221
validation,22504,0,0.907722,0.055258,0.022675,0.00357,0.010775
validation,22507,0,0.90583,0.009171,0.002242,0.078686,0.00407
validation,22513,0,0.956176,0.01021,0.024314,0.003403,0.005897
validation,22519,0,0.972322,0.010223,0.005424,0.005241,0.006791
validation,22522,0,0.974609,0.01026,0.007039,0.001683,0.006409
validation,22523,0,0.941799,0.023887,0.009183,0.005339,0.019793
validation,22525,0,0.995602,0.003737,0.00033,8.7e-05,0.000244
validation,22532,0,0.756119,0.103049,0.046041,0.03909,0.055701
validation,22543,0,0.993439,0.003742,0.001391,0.000576,0.000852
validation,22546,0,0.932742,0.027033,0.015722,0.0095,0.015003
validation,22564,0,0.825893,0.010771,0.044142,0.08067,0.038524
validation,22570,0,0.847178,0.038844,0.058246,0.003984,0.051748
validation,22577,0,0.93382,0.029543,0.020486,0.00537,0.010781
validation,22598,0,0.732876,0.172859,0.058599,0.009884,0.025782
validation,22602,0,0.753307,0.056412,0.050317,0.034509,0.105455
validation,22603,0,0.844317,0.028299,0.066777,0.034384,0.026223
validation,22605,0,0.937267,0.030231,0.009497,0.004546,0.018458
validation,22613,0,0.581278,0.082186,0.042667,0.268158,0.025711
validation,22617,0,0.88751,0.039152,0.03022,0.011021,0.032098
validation,22627,0,0.737985,0.065644,0.133222,0.030719,0.03243
validation,22640,0,0.441949,0.510426,0.01028,0.00479,0.032555
validation,22646,0,0.974366,0.009942,0.004804,0.002221,0.008668
validation,22654,0,0.981652,0.008324,0.003109,0.005121,0.001793
validation,22663,0,0.953367,0.034907,0.007756,0.001771,0.0022
validation,22669,0,0.717204,0.052776,0.034387,0.008816,0.186817
validation,22672,0,0.992529,0.004454,0.001602,0.000342,0.001074
validation,22676,0,0.709039,0.039518,0.17966,0.016999,0.054783
validation,22690,0,0.953559,0.019323,0.007059,0.005962,0.014097
validation,22693,0,0.742957,0.068069,0.066248,0.075336,0.047391
validation,22698,0,0.885203,0.045486,0.050746,0.00736,0.011205
validation,22706,0,0.026017,0.000766,0.000555,0.001411,0.971251
validation,22708,0,0.787439,0.021824,0.161714,0.00385,0.025173
validation,22709,0,0.88578,0.036157,0.020632,0.009933,0.047498
validation,22717,0,0.975176,0.012263,0.004894,0.002509,0.005157
validation,22721,0,0.968308,0.011465,0.012952,0.003759,0.003516
validation,22726,2,0.843027,0.035206,0.015342,0.007837,0.098589
validation,22731,0,0.39346,0.22306,0.097401,0.167627,0.118452
validation,22735,0,0.986691,0.004741,0.005661,0.00076,0.002147
validation,22747,0,0.95152,0.013136,0.016982,0.007997,0.010366
validation,22749,0,0.969856,0.011852,0.004423,0.002161,0.011708
validation,22751,0,0.754572,0.108358,0.041605,0.026481,0.068984
validation,22754,3,0.653281,0.143267,0.144174,0.015103,0.044174
validation,22755,0,0.929792,0.034014,0.011117,0.009685,0.015391
validation,22762,0,0.869859,0.083851,0.017421,0.00959,0.019279
validation,22778,0,0.441598,0.552072,0.003228,0.001644,0.001457
validation,22792,0,0.983746,0.004111,0.010604,0.00076,0.000779
validation,22793,0,0.920057,0.030398,0.021818,0.005032,0.022695
validation,22794,0,0.981907,0.005693,0.004406,0.001253,0.006741
validation,22801,0,0.193043,0.011113,0.015877,0.04134,0.738627
validation,22804,0,0.902396,0.051411,0.028489,0.006101,0.011603
validation,22806,0,0.302591,0.470003,0.209791,0.006426,0.011188
validation,22812,0,0.922857,0.012163,0.00702,0.002202,0.055758
validation,22817,0,0.970301,0.015858,0.008774,0.001876,0.00319
validation,22835,0,0.984891,0.010199,0.002683,0.000848,0.001379
validation,22843,0,0.861521,0.078208,0.021152,0.016626,0.022492
validation,22844,0,0.84303,0.102797,0.01867,0.023475,0.012028
validation,22850,0,0.892081,0.057382,0.033615,0.008369,0.008553
validation,22853,0,0.988739,0.004929,0.003908,0.000973,0.001451
validation,22857,0,0.962459,0.013585,0.016834,0.0015,0.005622
validation,22858,0,0.917849,0.049092,0.011346,0.004278,0.017436
validation,22866,0,0.971914,0.009574,0.006947,0.006875,0.00469
validation,22867,0,0.942338,0.016837,0.0125,0.003053,0.025272
validation,22870,0,0.916119,0.010877,0.055328,0.002668,0.015008
validation,22874,0,0.533493,0.07073,0.349064,0.017575,0.029137
validation,22879,0,0.945427,0.015559,0.01429,0.012,0.012725
validation,22884,0,0.685368,0.044389,0.011333,0.233968,0.024942
validation,22892,0,0.80328,0.023863,0.024001,0.115373,0.033484
validation,22895,0,0.98244,0.009562,0.003606,0.003003,0.001389
validation,22897,0,0.978228,0.010431,0.007384,0.001759,0.002198
validation,22910,0,0.816371,0.073802,0.037015,0.019714,0.053098
validation,22922,0,0.918876,0.027564,0.036062,0.002808,0.014689
validation,22933,0,0.955587,0.028273,0.005344,0.003573,0.007222
validation,22947,0,0.877705,0.022189,0.052144,0.014875,0.033087
validation,22949,0,0.954357,0.017879,0.016133,0.004833,0.006798
validation,22951,0,0.546207,0.273387,0.087767,0.062212,0.030428
validation,22959,3,0.142014,0.071292,0.021384,0.019808,0.745502
validation,22963,0,0.995345,0.001933,0.001387,0.000503,0.000833
validation,22965,0,0.5721,0.136138,0.123447,0.042135,0.12618
validation,22966,0,0.809139,0.027969,0.12254,0.007394,0.032958
validation,22971,0,0.940687,0.032273,0.006084,0.008896,0.01206
validation,22973,0,0.81897,0.016425,0.155909,0.002394,0.006301
validation,22976,0,0.846457,0.068781,0.05011,0.005626,0.029026
validation,22980,0,0.181614,0.71811,0.054675,0.003795,0.041806
validation,22984,0,0.832822,0.078593,0.031765,0.009866,0.046954
validation,22985,0,0.886248,0.050759,0.01885,0.024041,0.020101
validation,22987,0,0.906034,0.057427,0.02206,0.003798,0.010682
validation,22988,0,0.302008,0.623365,0.008038,0.056129,0.01046
validation,22991,0,0.833049,0.03951,0.095202,0.012727,0.019512
validation,22997,0,0.889273,0.059085,0.012631,0.007449,0.031562
validation,23007,0,0.926768,0.023277,0.022662,0.001893,0.0254
validation,23014,0,0.982571,0.011246,0.003772,0.001262,0.00115
validation,23018,0,0.944991,0.022389,0.012036,0.006374,0.014209
validation,23019,0,0.766895,0.059558,0.004178,0.007725,0.161644
validation,23024,0,0.939689,0.012948,0.025592,0.015296,0.006475
validation,23034,0,0.956571,0.005808,0.033146,0.001563,0.002912
validation,23038,0,0.471732,0.15075,0.278006,0.013132,0.08638
validation,23039,0,0.96856,0.011434,0.007848,0.004103,0.008055
validation,23057,0,0.939719,0.014744,0.020451,0.004068,0.021018
validation,23063,0,0.990472,0.004951,0.002593,0.00086,0.001125
validation,23066,4,0.897268,0.04522,0.019527,0.009141,0.028844
validation,23068,0,0.8696,0.084302,0.025266,0.007089,0.013743
validation,23086,0,0.897455,0.05702,0.026366,0.012689,0.00647
validation,23091,0,0.75125,0.085826,0.085765,0.022703,0.054456
validation,23094,0,0.973502,0.016477,0.004931,0.003149,0.001942
validation,23096,0,0.969538,0.014939,0.010568,0.002091,0.002863
validation,23103,0,0.955417,0.024971,0.006651,0.009834,0.003128
validation,23104,0,0.981832,0.010959,0.004195,0.001395,0.00162
validation,23109,0,0.716565,0.062519,0.199125,0.009199,0.012592
validation,23110,4,0.693838,0.176097,0.047351,0.073452,0.009263
validation,23112,0,0.994605,0.002903,0.001234,0.000469,0.000789
validation,23114,0,0.989336,0.005874,0.001997,0.001818,0.000974
validation,23127,0,0.946971,0.030409,0.006174,0.00968,0.006765
validation,23137,0,0.970933,0.01565,0.006005,0.003777,0.003635
validation,23154,0,0.522464,0.131323,0.075482,0.21988,0.050851
validation,23182,0,0.913564,0.023382,0.053677,0.00224,0.007136
validation,23186,0,0.829837,0.074616,0.070779,0.00994,0.014828
validation,23195,0,0.888235,0.014178,0.004944,0.00558,0.087064
validation,23198,0,0.887444,0.057631,0.012136,0.003281,0.039508
validation,23199,0,0.763442,0.064751,0.096328,0.015331,0.060149
validation,23202,0,0.959808,0.019177,0.012075,0.003708,0.005231
validation,23204,0,0.924933,0.039456,0.021229,0.006727,0.007654
validation,23220,0,0.725236,0.096831,0.044868,0.010843,0.122221
validation,23221,0,0.936996,0.035155,0.010355,0.004982,0.012512
validation,23229,0,0.984107,0.004887,0.00412,0.001631,0.005254
validation,23238,0,0.018322,0.003302,0.005412,0.020193,0.95277
validation,23241,0,0.829875,0.072249,0.058256,0.028676,0.010944
validation,23256,2,0.936935,0.030513,0.009045,0.009728,0.013779
validation,23265,0,0.986709,0.006458,0.002461,0.000862,0.003509
validation,23284,0,0.965639,0.01948,0.006217,0.001566,0.007097
validation,23292,0,0.747635,0.125271,0.081812,0.006228,0.039055
validation,23297,0,0.735893,0.161781,0.081512,0.008092,0.012721
validation,23298,0,0.971378,0.0064,0.007536,0.005649,0.009037
validation,23309,0,0.963308,0.018604,0.002653,0.008554,0.006881
validation,23325,0,0.988255,0.005887,0.002931,0.001712,0.001216
validation,23327,0,0.957497,0.014805,0.018754,0.00263,0.006313
validation,23332,0,0.813165,0.062572,0.023419,0.003781,0.097064
validation,23342,0,0.914057,0.020705,0.047851,0.004205,0.013182
validation,23349,0,0.920057,0.039132,0.029962,0.00384,0.00701
validation,23352,0,0.652702,0.130899,0.035826,0.041365,0.139207
validation,23355,0,0.174706,0.375801,0.04493,0.021018,0.383545
validation,23359,0,0.374303,0.332179,0.101811,0.089366,0.102341
validation,23362,0,0.89998,0.038484,0.009058,0.01662,0.035858
validation,23366,0,0.772063,0.079177,0.104604,0.017351,0.026805
validation,23367,0,0.989459,0.002956,0.005792,0.000791,0.001001
validation,23370,0,0.124804,0.139905,0.090818,0.567223,0.07725
validation,23371,4,0.34175,0.293852,0.243495,0.084929,0.035975
validation,23373,0,0.981654,0.007993,0.004193,0.001097,0.005063
validation,23383,0,0.988276,0.005673,0.003937,0.001021,0.001093
validation,23387,0,0.988105,0.005648,0.003101,0.00071,0.002436
validation,23394,0,0.824618,0.029003,0.045803,0.007742,0.092833
validation,23398,0,0.933053,0.021175,0.010908,0.017606,0.017258
validation,23400,0,0.983176,0.009433,0.004966,0.001292,0.001133
validation,23408,0,0.954222,0.019671,0.014242,0.004293,0.007573
validation,23416,0,0.880501,0.056168,0.015079,0.027335,0.020917
validation,23428,0,0.853691,0.077567,0.014567,0.02599,0.028185
validation,23429,0,0.589623,0.03616,0.030621,0.010594,0.333001
validation,23432,0,0.688321,0.064045,0.080408,0.029218,0.138008
validation,23440,0,0.458272,0.265403,0.154742,0.038235,0.083347
validation,23450,0,0.90195,0.034279,0.027154,0.026093,0.010525
validation,23467,0,0.897267,0.028965,0.029165,0.010181,0.034422
validation,23469,0,0.988308,0.008297,0.001476,0.000414,0.001505
validation,23482,0,0.520642,0.264585,0.13548,0.033349,0.045944
validation,23486,4,0.758103,0.022641,0.151906,0.019867,0.047482
validation,23497,0,0.379675,0.03657,0.051095,0.005453,0.527206
validation,23498,0,0.269055,0.314748,0.132403,0.148813,0.134981
validation,23499,0,0.977897,0.006791,0.009371,0.003416,0.002524
validation,23503,0,0.99415,0.003092,0.001584,0.000367,0.000807
validation,23514,0,0.956619,0.016388,0.015506,0.004441,0.007046
validation,23518,0,0.947237,0.012817,0.027201,0.005564,0.007181
validation,23525,0,0.975577,0.008946,0.005553,0.006608,0.003316
validation,23528,0,0.587359,0.019353,0.005173,0.384167,0.003949
validation,23544,4,0.080076,0.306302,0.1715,0.054257,0.387864
validation,23552,0,0.83328,0.043342,0.02543,0.083338,0.014609
validation,23557,0,0.965562,0.014728,0.015518,0.002417,0.001774
validation,23564,0,0.809856,0.079205,0.04106,0.025334,0.044545
validation,23568,0,0.972537,0.009995,0.007893,0.003522,0.006053
validation,23569,0,0.027595,0.002063,0.001288,0.968636,0.000418
validation,23572,0,0.925568,0.044822,0.010698,0.004703,0.01421
validation,23582,0,0.595344,0.153494,0.123403,0.045937,0.081822
validation,23584,0,0.850968,0.024779,0.081195,0.007924,0.035134
validation,23588,0,0.985,0.010112,0.002933,0.000909,0.001047
validation,23602,0,0.814092,0.072177,0.054443,0.01433,0.044959
validation,23610,0,0.846584,0.055681,0.06883,0.011095,0.01781
validation,23614,0,0.999193,0.000726,4e-05,8e-06,3.3e-05
validation,23617,0,0.834588,0.020735,0.122046,0.005273,0.017358
validation,23628,0,0.943731,0.024886,0.009681,0.008379,0.013323
validation,23645,0,0.948583,0.023167,0.013957,0.010416,0.003878
validation,23654,0,0.998232,0.001684,7.3e-05,1e-05,1e-06
validation,23685,0,0.975535,0.01471,0.00409,0.001108,0.004557
validation,23686,0,0.981132,0.005765,0.004151,0.006303,0.002649
validation,23688,0,0.837249,0.083527,0.028109,0.017857,0.033257
validation,23690,0,0.983378,0.006199,0.005029,0.001649,0.003745
validation,23695,0,0.988093,0.004283,0.002911,0.002891,0.001821
validation,23698,0,0.988346,0.004949,0.00386,0.001127,0.001719
validation,23699,0,0.785713,0.044064,0.07883,0.019928,0.071465
validation,23703,0,0.943128,0.018272,0.020554,0.00738,0.010667
validation,23709,0,0.983018,0.010401,0.00235,0.003013,0.001218
validation,23712,0,0.983777,0.00894,0.004352,0.000958,0.001974
validation,23715,0,0.99323,0.002657,0.002632,0.000602,0.00088
validation,23721,0,0.959083,0.021528,0.009054,0.002698,0.007637
validation,23730,0,0.620113,0.10264,0.204915,0.040557,0.031775
validation,23737,0,0.582058,0.12586,0.193048,0.058695,0.040339
validation,23745,0,0.892741,0.014563,0.068512,0.001312,0.022873
validation,23759,0,0.332253,0.052782,0.034061,0.014692,0.566212
validation,23760,0,0.998053,0.000962,0.000493,0.000153,0.000339
validation,23773,0,0.873769,0.039374,0.037718,0.004562,0.044577
validation,23777,0,0.985441,0.003379,0.003098,0.002717,0.005365
validation,23785,0,0.57218,0.07325,0.282599,0.01207,0.0599
validation,23804,0,0.692276,0.072148,0.117304,0.047589,0.070682
validation,23808,0,0.990045,0.004608,0.002212,0.002299,0.000836
validation,23820,0,0.991007,0.00429,0.003263,0.00039,0.001049
validation,23821,0,0.910241,0.01146,0.067818,0.00819,0.002291
validation,23822,0,0.954842,0.023084,0.01234,0.003832,0.005901
validation,23829,0,0.431674,0.208927,0.050418,0.016715,0.292266
validation,23831,0,0.964261,0.016066,0.016576,0.001067,0.00203
validation,23839,0,0.960083,0.012696,0.012752,0.002725,0.011745
validation,23841,0,0.972422,0.012899,0.008668,0.002626,0.003386
validation,23850,0,0.947613,0.010103,0.00839,0.002513,0.031381
validation,23853,0,0.999178,0.000568,0.000172,3.9e-05,4.2e-05
validation,23855,0,0.985569,0.00451,0.006652,0.001267,0.002001
validation,23857,0,0.932282,0.033025,0.01269,0.008753,0.013251
validation,23864,3,0.956714,0.033778,0.004913,0.001528,0.003066
validation,23868,0,0.845082,0.037222,0.091798,0.013958,0.011941
validation,23869,0,0.954598,0.010677,0.008256,0.0025,0.023969
validation,23885,0,0.942908,0.045764,0.004313,0.001705,0.00531
validation,23888,0,0.987698,0.006313,0.004034,0.00144,0.000514
validation,23895,0,0.985708,0.006317,0.00472,0.002007,0.001247
validation,23898,0,0.958594,0.02072,0.005868,0.008557,0.00626
validation,23905,0,0.696653,0.034049,0.024907,0.238825,0.005566
validation,23920,0,0.68212,0.138079,0.028351,0.081747,0.069703
validation,23921,0,0.966869,0.010367,0.008786,0.004892,0.009086
validation,23933,0,0.921336,0.038636,0.023207,0.008525,0.008296
validation,23936,0,0.926845,0.01288,0.048492,0.006422,0.00536
validation,23953,0,0.829695,0.056877,0.098873,0.007446,0.007108
validation,23955,0,0.869909,0.068719,0.033426,0.010055,0.017891
validation,23957,0,0.995623,0.002418,0.001383,0.000256,0.00032
validation,23961,0,0.952668,0.045415,0.001298,0.000234,0.000385
validation,23964,0,0.948981,0.015169,0.028707,0.004456,0.002687
validation,23972,0,0.969169,0.014126,0.009867,0.00249,0.004348
validation,23973,0,0.988734,0.005802,0.00155,0.003219,0.000695
validation,23985,0,0.982425,0.007698,0.004822,0.002079,0.002977
validation,23989,0,0.571086,0.066246,0.31588,0.012345,0.034442
validation,23994,0,0.974707,0.010363,0.008739,0.001165,0.005026
validation,24003,0,0.985301,0.00972,0.003071,0.000664,0.001245
validation,24017,0,0.919023,0.015204,0.026948,0.033061,0.005764
validation,24018,0,0.965204,0.014848,0.009082,0.002962,0.007904
validation,24030,0,0.984388,0.007834,0.003341,0.001295,0.003141
validation,24036,0,0.976338,0.013396,0.004214,0.000893,0.00516
validation,24037,0,0.877986,0.057577,0.024049,0.007161,0.033226
validation,24038,0,0.631145,0.120165,0.040049,0.171908,0.036733
validation,24042,0,0.968676,0.011246,0.008204,0.002831,0.009042
validation,24047,0,0.983798,0.00937,0.002622,0.003568,0.000642
validation,24063,0,0.967893,0.013885,0.009922,0.002374,0.005926
validation,24077,0,0.89771,0.024466,0.046955,0.00728,0.02359
validation,24080,0,0.825478,0.02437,0.007142,0.130502,0.012508
validation,24087,0,0.851191,0.034429,0.082108,0.01083,0.021441
validation,24118,0,0.972048,0.011083,0.011414,0.002289,0.003166
validation,24123,0,0.922479,0.022294,0.029912,0.00632,0.018996
validation,24130,0,0.706081,0.238308,0.039975,0.00798,0.007656
validation,24139,0,0.965882,0.012934,0.010477,0.003578,0.007128
validation,24140,0,0.947611,0.038812,0.008814,0.001035,0.003727
validation,24144,0,0.966466,0.012191,0.01429,0.002997,0.004055
validation,24146,0,0.676997,0.03859,0.273644,0.005258,0.005511
validation,24164,0,0.984324,0.007526,0.003529,0.001809,0.002811
validation,24169,0,0.952562,0.023547,0.010739,0.002003,0.011148
validation,24170,0,0.753414,0.037822,0.039159,0.004623,0.164981
validation,24172,0,0.88311,0.02477,0.032548,0.008568,0.051004
validation,24179,0,0.818886,0.040521,0.113819,0.013885,0.012889
validation,24180,0,0.906517,0.039628,0.016169,0.019484,0.018201
validation,24188,0,0.883414,0.041976,0.020343,0.02079,0.033477
validation,24190,0,0.922281,0.022939,0.015784,0.020357,0.018638
validation,24199,0,0.011513,0.000949,0.00182,0.985019,0.000698
validation,24202,3,0.937584,0.014656,0.042141,0.001949,0.00367
validation,24211,0,0.971894,0.013044,0.0064,0.003359,0.005303
validation,24216,0,0.819524,0.026402,0.021651,0.008174,0.124249
validation,24218,0,0.890011,0.03991,0.017109,0.006738,0.046232
validation,24219,0,0.716833,0.047164,0.069008,0.039424,0.127571
validation,24220,0,0.936457,0.030361,0.020236,0.003839,0.009107
validation,24225,0,0.95826,0.012798,0.013264,0.003352,0.012326
validation,24229,0,0.38468,0.041772,0.105,0.012619,0.455929
validation,24243,0,0.574349,0.274309,0.028601,0.048619,0.074122
validation,24251,0,0.996931,0.001601,0.000394,0.000674,0.0004
validation,24272,0,0.919849,0.030448,0.016811,0.013162,0.019729
validation,24274,0,0.984078,0.006994,0.005831,0.002135,0.000962
validation,24278,0,0.957318,0.012227,0.014076,0.001424,0.014955
validation,24296,0,0.980324,0.007733,0.004489,0.002258,0.005196
validation,24308,0,0.000921,0.000302,0.00019,0.998428,0.000158
validation,24315,0,0.916495,0.038232,0.030166,0.004012,0.011095
validation,24319,0,0.973938,0.011131,0.007511,0.002391,0.005029
validation,24327,0,0.276903,0.012024,0.702938,0.003466,0.004669
validation,24328,0,0.994387,0.00537,0.000167,2.1e-05,5.5e-05
validation,24330,0,0.809382,0.106369,0.044966,0.021487,0.017797
validation,24335,0,0.809025,0.027036,0.082568,0.019513,0.061857
validation,24343,0,0.978703,0.008426,0.006572,0.00451,0.001789
validation,24355,0,0.908518,0.047088,0.009503,0.015631,0.01926
validation,24358,0,0.993203,0.003349,0.001193,0.000921,0.001334
validation,24371,0,0.88527,0.036882,0.023239,0.021662,0.032948
validation,24374,0,0.900062,0.022908,0.062681,0.005846,0.008503
validation,24377,0,0.996068,0.001686,0.001188,0.000633,0.000426
validation,24381,0,0.981313,0.007943,0.00639,0.001714,0.00264
validation,24387,0,0.979947,0.010023,0.004731,0.003903,0.001395
validation,24389,0,0.995367,0.002243,0.001091,0.000611,0.000689
validation,24393,0,0.919663,0.075679,0.001967,0.001644,0.001047
validation,24407,0,0.479258,0.012174,0.024322,0.004391,0.479855
validation,24422,0,0.92924,0.021616,0.037188,0.007434,0.004522
validation,24423,0,0.97319,0.014645,0.006537,0.00272,0.002908
validation,24424,0,0.945447,0.019273,0.009965,0.002836,0.022479
validation,24427,0,0.916137,0.041103,0.031886,0.002642,0.008233
validation,24428,0,0.951564,0.016262,0.005103,0.002989,0.024082
validation,24432,0,0.962232,0.019712,0.007409,0.001875,0.008772
validation,24439,0,0.922844,0.045819,0.011784,0.002626,0.016927
validation,24447,0,0.036661,0.000925,0.001,0.961301,0.000113
validation,24451,0,0.865881,0.072106,0.019268,0.01984,0.022906
validation,24465,0,0.601592,0.220762,0.076064,0.041088,0.060492
validation,24477,0,0.953198,0.02194,0.008502,0.008236,0.008124
validation,24492,0,0.994745,0.002139,0.001871,0.000483,0.000761
validation,24495,0,0.998259,0.001222,0.000175,0.000273,7.1e-05
validation,24504,0,0.735615,0.019562,0.011505,0.183551,0.049768
validation,24506,0,0.847537,0.0403,0.030016,0.007735,0.074411
validation,24511,4,0.868201,0.033711,0.022137,0.019851,0.0561
validation,24513,0,0.933334,0.024303,0.022157,0.00701,0.013195
validation,24514,0,0.963782,0.00894,0.015738,0.006103,0.005436
validation,24515,0,0.936392,0.022751,0.023806,0.006681,0.01037
validation,24519,0,0.974396,0.008569,0.006978,0.004089,0.005968
validation,24531,0,0.858756,0.030172,0.021655,0.007266,0.08215
validation,24537,0,0.740365,0.087187,0.116883,0.016815,0.03875
validation,24538,0,0.975555,0.009834,0.003695,0.004019,0.006897
validation,24542,0,0.952523,0.004602,0.040293,0.000614,0.001967
validation,24547,0,0.985655,0.008521,0.001453,0.001937,0.002434
validation,24554,0,0.731247,0.073102,0.039153,0.101949,0.054549
validation,24555,0,0.013961,0.002793,0.002647,0.000531,0.980069
validation,24561,0,0.701732,0.07853,0.096921,0.045004,0.077813
validation,24568,0,0.989463,0.006957,0.001138,0.001582,0.000861
validation,24572,0,0.66713,0.054041,0.197453,0.030337,0.051039
validation,24581,0,0.720387,0.105854,0.0183,0.00966,0.145798
validation,24587,0,0.973652,0.009254,0.004805,0.009699,0.002591
validation,24591,0,0.954033,0.013883,0.021353,0.005879,0.004852
validation,24608,0,0.655952,0.249443,0.08459,0.001831,0.008184
validation,24609,0,0.884492,0.093487,0.007952,0.004347,0.009722
validation,24614,0,0.949859,0.020616,0.014376,0.011086,0.004062
validation,24616,0,0.962878,0.01403,0.007283,0.00248,0.013328
validation,24622,0,0.978197,0.00965,0.005844,0.002902,0.003407
validation,24631,0,0.755667,0.228038,0.00689,0.003527,0.005877
validation,24641,0,0.80032,0.062093,0.024558,0.068618,0.044411
validation,24655,0,0.480886,0.063607,0.384122,0.023108,0.048276
validation,24668,0,0.812921,0.062336,0.062127,0.028581,0.034035
validation,24673,0,0.91379,0.059547,0.010715,0.002183,0.013765
validation,24674,0,0.942282,0.025154,0.00943,0.020469,0.002665
validation,24700,0,0.938243,0.02476,0.021926,0.00837,0.006701
validation,24711,0,0.968501,0.017799,0.00836,0.001361,0.003979
validation,24713,0,0.89645,0.026911,0.015968,0.008042,0.052628
validation,24718,0,0.79035,0.072543,0.040405,0.05384,0.042862
validation,24720,0,0.85575,0.040283,0.045042,0.006972,0.051953
validation,24751,0,0.914956,0.011143,0.069128,0.00182,0.002954
validation,24765,0,4e-06,2e-06,1e-06,1e-06,0.999993
validation,24777,0,0.920277,0.03189,0.016177,0.015339,0.016318
validation,24780,0,0.973647,0.016486,0.004952,0.000963,0.003952
validation,24782,0,0.931517,0.023223,0.034969,0.002063,0.008229
validation,24790,0,0.980893,0.007085,0.007255,0.001451,0.003315
validation,24796,0,0.975899,0.015106,0.005414,0.001008,0.002573
validation,24797,0,0.910559,0.010347,0.046608,0.003799,0.028687
validation,24806,0,0.883697,0.030199,0.030439,0.011821,0.043844
validation,24813,0,0.478517,0.005777,0.004146,0.00206,0.509501
validation,24824,0,0.776498,0.134207,0.023256,0.008707,0.057334
validation,24831,0,0.082628,0.087314,0.071644,0.097659,0.660755
validation,24840,0,0.950171,0.029662,0.011709,0.004322,0.004136
validation,24841,0,0.612764,0.008024,0.367394,0.007636,0.004182
validation,24842,0,0.897587,0.037292,0.022082,0.02009,0.022948
validation,24851,0,0.977741,0.006123,0.011744,0.002256,0.002136
validation,24855,0,0.955049,0.012794,0.006007,0.003663,0.022486
validation,24858,0,0.84749,0.036302,0.053968,0.020164,0.042076
validation,24859,0,0.9642,0.012686,0.004931,0.005822,0.01236
validation,24869,0,0.977301,0.009128,0.005831,0.002905,0.004835
validation,24873,0,0.369539,0.117895,0.027808,0.136528,0.348231
validation,24890,0,0.081447,0.069959,0.064307,0.714195,0.070091
validation,24893,0,0.954743,0.020213,0.011957,0.004002,0.009085
validation,24901,0,0.174302,0.041462,0.144615,0.012941,0.62668
validation,24907,0,0.688205,0.042334,0.018425,0.01891,0.232125
validation,24914,0,0.869916,0.03329,0.014353,0.006175,0.076267
validation,24918,0,0.877837,0.067046,0.015996,0.032545,0.006575
validation,24929,0,0.748333,0.043279,0.047444,0.130797,0.030148
validation,24931,0,0.946991,0.015806,0.018056,0.003716,0.01543
validation,24942,0,0.187954,0.597248,0.026422,0.04759,0.140786
validation,24948,0,0.968065,0.013241,0.00672,0.002575,0.0094
validation,24956,0,0.814366,0.035527,0.026945,0.033794,0.089368
validation,24959,0,0.719028,0.032763,0.03105,0.053017,0.164142
validation,24960,0,0.941768,0.01601,0.004776,0.010026,0.027421
validation,24967,0,0.927383,0.023444,0.042563,0.003063,0.003548
validation,24996,0,0.569622,0.22993,0.014438,0.002316,0.183695
validation,25000,0,0.957625,0.026836,0.007637,0.004465,0.003436
validation,25028,0,0.910846,0.022913,0.036037,0.005741,0.024463
validation,25033,0,0.963772,0.007339,0.008926,0.00526,0.014703
validation,25034,0,0.002543,0.000268,5.6e-05,8.6e-05,0.997047
validation,25037,0,0.981066,0.005921,0.004562,0.003552,0.004899
validation,25039,0,0.99711,0.001521,0.00114,0.000101,0.000128
validation,25044,0,0.990885,0.003773,0.00287,0.000769,0.001703
validation,25055,0,0.932636,0.024166,0.014596,0.008173,0.020429
validation,25060,0,0.263836,0.041631,0.188033,0.069278,0.437222
validation,25080,0,0.777905,0.064062,0.02606,0.011664,0.120309
validation,25084,0,0.724642,0.06261,0.167956,0.007399,0.037393
validation,25087,0,0.956738,0.018531,0.018644,0.003665,0.002422
validation,25106,0,0.967454,0.013305,0.015723,0.001932,0.001586
validation,25116,0,0.001153,4.7e-05,1.9e-05,2e-05,0.998762
validation,25118,0,0.944027,0.019793,0.01138,0.008114,0.016687
validation,25123,0,0.867483,0.049213,0.066309,0.004231,0.012764
validation,25125,0,0.990385,0.00502,0.003311,0.000866,0.000418
validation,25130,0,0.878362,0.052004,0.024222,0.0116,0.033811
validation,25138,0,0.76913,0.038987,0.149225,0.018645,0.024013
validation,25145,4,0.490547,0.472427,0.013672,0.00689,0.016464
validation,25150,0,0.018651,0.001235,0.00052,0.000945,0.978649
validation,25155,4,0.43411,0.116154,0.087198,0.338469,0.024069
validation,25157,0,0.790926,0.078728,0.057472,0.027467,0.045407
validation,25160,3,0.811455,0.052376,0.041019,0.003893,0.091256
validation,25165,0,0.689517,0.067673,0.133141,0.042552,0.067116
validation,25168,0,0.950304,0.014129,0.010774,0.017041,0.007752
validation,25172,0,0.98382,0.007328,0.005314,0.002389,0.00115
validation,25186,0,0.957063,0.0126,0.013546,0.002491,0.014299
validation,25198,0,0.832639,0.03321,0.052511,0.025736,0.055903
validation,25208,4,7.9e-05,9e-06,9.5e-05,1e-06,0.999815
validation,25212,0,0.207128,0.019997,0.029302,0.012897,0.730677
validation,25216,0,0.779905,0.038282,0.063944,0.004493,0.113377
validation,25217,0,0.683314,0.210632,0.054593,0.021687,0.029773
validation,25219,0,0.943829,0.016192,0.017354,0.019545,0.00308
validation,25236,0,0.867498,0.040096,0.025516,0.049142,0.017748
validation,25237,0,0.981091,0.006795,0.003405,0.005184,0.003525
validation,25253,0,0.799316,0.030899,0.062491,0.011777,0.095516
validation,25259,0,0.292308,0.03029,0.659554,0.008286,0.009562
validation,25261,0,0.953585,0.0361,0.004787,0.002291,0.003237
validation,25281,0,0.104592,0.011254,0.865056,0.003664,0.015434
validation,25285,0,0.58853,0.093771,0.080479,0.04205,0.19517
validation,25286,0,0.974286,0.009888,0.008404,0.001499,0.005923
validation,25303,2,0.48712,0.094511,0.183098,0.039149,0.196123
validation,25311,0,0.889108,0.042686,0.01161,0.016013,0.040583
validation,25316,0,0.234535,0.019746,0.153212,0.037106,0.555402
validation,25329,3,0.001925,0.061818,0.00025,0.000182,0.935825
validation,25342,0,0.909951,0.049872,0.013009,0.007297,0.019871
validation,25344,0,0.86745,0.076756,0.019318,0.007991,0.028485
validation,25353,0,0.96703,0.014972,0.003282,0.004229,0.010487
validation,25360,0,0.859206,0.034157,0.032176,0.003433,0.071029
validation,25374,0,0.962672,0.023845,0.006017,0.004616,0.00285
validation,25378,0,0.218169,0.018418,0.020688,0.021299,0.721425
validation,25379,0,0.862006,0.032144,0.062844,0.033236,0.009769
validation,25380,0,0.225832,0.277432,0.462429,0.015999,0.018308
validation,25384,0,0.991047,0.004151,0.001579,0.000718,0.002505
validation,25386,0,0.320456,0.016535,0.584251,0.00692,0.071838
validation,25391,0,0.714207,0.035946,0.231212,0.005117,0.013519
validation,25396,0,0.975193,0.019634,0.003047,0.001121,0.001005
validation,25401,0,0.413103,0.167498,0.177333,0.033516,0.208549
validation,25407,0,0.928402,0.026598,0.02759,0.007957,0.009453
validation,25416,0,0.577993,0.08966,0.052808,0.123695,0.155843
validation,25426,0,0.959406,0.018764,0.005312,0.002006,0.014512
validation,25428,0,0.000397,0.00011,0.000142,0.000113,0.999238
validation,25440,0,0.968049,0.00885,0.016533,0.004488,0.00208
validation,25448,0,0.266175,0.095108,0.264103,0.026127,0.348487
validation,25452,0,0.011807,0.019417,0.181838,0.002385,0.784552
validation,25459,0,0.652196,0.078343,0.101146,0.025932,0.142383
validation,25468,0,0.751628,0.04519,0.144653,0.023064,0.035465
validation,25486,0,0.793829,0.041282,0.025889,0.026545,0.112455
validation,25496,0,0.962706,0.009709,0.021218,0.002716,0.003652
validation,25498,0,0.994997,0.002611,0.001224,0.000572,0.000596
validation,25500,0,0.591712,0.24962,0.080949,0.059194,0.018525
validation,25505,0,0.881695,0.036499,0.054673,0.004749,0.022385
validation,25510,0,0.116626,0.027492,0.035145,0.570737,0.25
validation,25515,0,0.98531,0.006852,0.002832,0.002479,0.002527
validation,25518,0,0.947592,0.01908,0.00682,0.00622,0.020288
validation,25519,0,0.988505,0.005328,0.00264,0.001668,0.001858
validation,25526,0,0.954614,0.014905,0.014077,0.006634,0.00977
validation,25536,0,0.765812,0.125417,0.033847,0.047913,0.027011
validation,25543,0,0.936639,0.015627,0.022063,0.003781,0.02189
validation,25544,0,0.150619,0.062574,0.017632,0.745442,0.023734
validation,25547,0,0.82759,0.04068,0.101453,0.010136,0.020141
validation,25557,0,0.86615,0.054387,0.028839,0.017872,0.032751
validation,25567,0,0.222607,0.246159,0.107059,0.176552,0.247623
validation,25568,0,0.712345,0.220315,0.032395,0.017004,0.017941
validation,25575,0,0.288452,0.056761,0.440118,0.025217,0.189453
validation,25578,0,0.012669,0.000884,0.000196,0.000317,0.985933
validation,25581,0,0.908233,0.023654,0.01171,0.004915,0.051488
validation,25607,0,0.982347,0.009086,0.004081,0.001998,0.002488
validation,25611,0,0.90714,0.022102,0.042457,0.012811,0.015489
validation,25630,0,0.0,0.0,0.0,0.0,0.999999
validation,25636,0,0.785189,0.130079,0.008582,0.009211,0.066939
validation,25647,0,0.966658,0.014717,0.00471,0.00237,0.011545
validation,25652,0,0.864157,0.029181,0.048014,0.01136,0.047288
validation,25660,0,0.977299,0.008098,0.008941,0.004103,0.001559
validation,25661,0,0.930864,0.020218,0.03703,0.003043,0.008845
validation,25666,0,0.489674,0.479098,0.007225,0.014416,0.009587
validation,25679,0,0.943276,0.017948,0.030147,0.004283,0.004346
validation,25680,0,0.942707,0.029768,0.008228,0.010907,0.00839
validation,25686,0,0.884617,0.025511,0.036522,0.002145,0.051205
validation,25690,0,0.981965,0.008449,0.00541,0.001862,0.002314
validation,25691,0,0.956096,0.022073,0.009222,0.002919,0.00969
validation,25692,0,0.723127,0.211641,0.054059,0.002435,0.008738
validation,25693,0,0.000286,3.7e-05,7e-06,1e-05,0.999659
validation,25697,0,0.904747,0.018032,0.015722,0.008507,0.052991
validation,25709,0,0.953587,0.013788,0.015235,0.005862,0.011528
validation,25715,0,0.673824,0.090206,0.072978,0.019955,0.143037
validation,25717,0,0.846423,0.029898,0.050559,0.046511,0.026609
validation,25720,0,0.573398,0.159292,0.125887,0.021436,0.119987
validation,25738,0,0.962416,0.014042,0.012356,0.002678,0.008508
validation,25743,0,0.979575,0.007325,0.007888,0.00086,0.004352
validation,25760,0,0.374113,0.095551,0.312723,0.075628,0.141985
validation,25771,0,0.531853,0.057249,0.320378,0.007417,0.083103
validation,25775,0,1.9e-05,2e-06,1e-06,4e-06,0.999975
validation,25780,0,0.966547,0.01651,0.008728,0.003851,0.004363
validation,25790,0,0.132666,0.01638,0.812143,0.013456,0.025356
validation,25791,0,0.976941,0.010853,0.007413,0.002221,0.002573
validation,25796,0,0.879818,0.008765,0.004438,0.005661,0.101318
validation,25797,0,0.066365,0.000241,0.00013,0.933238,2.6e-05
validation,25803,0,0.956444,0.020156,0.017088,0.003086,0.003225
validation,25806,0,0.950834,0.018302,0.007176,0.006263,0.017425
validation,25813,0,0.971341,0.009441,0.014823,0.001586,0.002809
validation,25815,0,0.506082,0.099347,0.032676,0.228906,0.132989
validation,25829,0,0.746697,0.102058,0.058745,0.07864,0.013859
validation,25840,0,0.942344,0.031321,0.01047,0.010906,0.004959
validation,25858,0,0.850561,0.048929,0.042547,0.015108,0.042855
validation,25860,0,0.897286,0.042009,0.035593,0.00695,0.018162
validation,25879,0,0.148112,0.015863,0.005112,0.002026,0.828887
validation,25883,0,0.965796,0.016125,0.007483,0.003439,0.007157
validation,25887,0,0.988029,0.009348,0.001278,0.000647,0.000698
validation,25897,0,0.973139,0.012813,0.00728,0.003402,0.003365
validation,25907,0,0.978247,0.008869,0.009782,0.001916,0.001187
validation,25927,0,1e-06,0.0,0.0,0.0,0.999999
validation,25929,0,0.501696,0.099158,0.108175,0.172089,0.118883
validation,25943,0,0.99657,0.001567,0.00061,0.000421,0.000832
validation,25948,0,0.729629,0.073765,0.020198,0.032058,0.14435
validation,25952,0,0.958084,0.010963,0.025985,0.001706,0.003261
validation,25957,4,0.801775,0.051065,0.075196,0.018455,0.05351
validation,25958,0,0.675368,0.065159,0.073351,0.097187,0.088934
validation,25966,0,0.758512,0.022776,0.029136,0.012778,0.176798
validation,25975,0,0.940717,0.019976,0.032784,0.003498,0.003026
validation,25978,0,0.63094,0.107663,0.051468,0.012021,0.197908
validation,25997,0,0.857876,0.045037,0.019458,0.041301,0.036327
validation,26011,0,0.794002,0.029353,0.007544,0.003342,0.165759
validation,26012,0,0.972558,0.010537,0.006663,0.007189,0.003052
validation,26017,0,0.953667,0.026422,0.00731,0.008181,0.004419
validation,26018,0,0.53064,0.022449,0.067356,0.002826,0.37673
validation,26029,0,0.171042,0.012473,0.006631,0.001654,0.808201
validation,26031,0,0.917073,0.027342,0.015617,0.025747,0.014221
validation,26037,0,1e-06,0.0,0.0,0.0,0.999999
validation,26044,0,0.960697,0.019443,0.012746,0.003048,0.004065
validation,26045,0,0.053815,0.63575,0.019531,0.028249,0.262655
validation,26048,0,0.528981,0.185653,0.056774,0.080062,0.14853
validation,26049,0,0.840204,0.076934,0.032161,0.014995,0.035706
validation,26053,0,0.974363,0.013743,0.005941,0.002244,0.003709
validation,26057,0,0.936806,0.018798,0.015835,0.005939,0.022622
validation,26061,0,8.3e-05,6.2e-05,2.1e-05,0.999001,0.000832
validation,26067,0,0.988598,0.006427,0.001992,0.001429,0.001553
validation,26072,0,0.782196,0.04374,0.060881,0.063558,0.049625
validation,26089,0,0.998492,0.000771,0.00045,0.000137,0.000149
validation,26097,0,0.983734,0.009019,0.003352,0.002061,0.001835
validation,26100,0,0.976073,0.008643,0.003371,0.00062,0.011293
validation,26107,0,0.349986,0.091084,0.179487,0.028654,0.35079
validation,26114,0,0.972915,0.012184,0.006949,0.00357,0.004382
validation,26119,0,0.936418,0.039071,0.014691,0.005386,0.004433
validation,26130,0,0.986635,0.003871,0.002937,0.004684,0.001872
validation,26132,0,0.951097,0.033027,0.004642,0.005776,0.005459
validation,26133,0,0.978253,0.010405,0.00395,0.005123,0.002268
validation,26141,0,0.668974,0.06909,0.10969,0.098902,0.053344
validation,26151,0,0.638149,0.063865,0.098203,0.043774,0.15601
validation,26152,0,0.931156,0.013316,0.043484,0.005199,0.006845
validation,26153,0,0.884033,0.032141,0.069128,0.008322,0.006376
validation,26180,0,6.5e-05,2.7e-05,8e-06,0.99989,1e-05
validation,26185,0,0.440826,0.057468,0.189549,0.091983,0.220175
validation,26189,0,0.441831,0.272324,0.134608,0.059958,0.091279
validation,26206,0,0.909909,0.045386,0.011105,0.010078,0.023522
validation,26207,0,0.919031,0.028811,0.029304,0.012046,0.010807
validation,26208,0,0.275168,0.050764,0.005067,0.21104,0.457961
validation,26211,0,0.034924,0.015177,0.003482,0.006899,0.939519
validation,26232,0,0.994194,0.002903,0.001232,0.000633,0.001038
validation,26233,0,0.982487,0.011302,0.00382,0.00108,0.001312
validation,26238,0,0.948125,0.018646,0.016139,0.008472,0.008617
validation,26239,0,0.967263,0.009247,0.011288,0.001973,0.010229
validation,26246,0,0.96567,0.018492,0.004939,0.004168,0.006731
validation,26249,0,0.939933,0.016301,0.015398,0.015183,0.013186
validation,26251,0,0.904336,0.019002,0.015628,0.020349,0.040685
validation,26259,0,0.514024,0.068038,0.02794,0.169407,0.220591
validation,26264,0,0.866102,0.025686,0.095149,0.007931,0.005132
validation,26270,0,0.979647,0.010496,0.003525,0.003519,0.002813
validation,26274,0,0.961663,0.010908,0.009799,0.008649,0.008982
validation,26285,0,0.566345,0.052408,0.017329,0.326995,0.036922
validation,26287,0,0.968589,0.012985,0.006337,0.009998,0.002091
validation,26294,4,0.868245,0.033602,0.05007,0.011037,0.037045
validation,26308,0,0.060595,0.050607,0.797135,0.014227,0.077436
validation,26311,0,0.96405,0.009763,0.004254,0.017944,0.00399
validation,26312,0,0.865757,0.03434,0.030221,0.029324,0.040358
validation,26313,0,0.911364,0.050632,0.015579,0.015601,0.006823
validation,26316,4,1.8e-05,4e-06,6.7e-05,1.7e-05,0.999894
validation,26323,0,0.894263,0.060717,0.021796,0.013281,0.009943
validation,26335,0,0.938165,0.019994,0.023799,0.003739,0.014303
validation,26350,0,0.616861,0.049956,0.071305,0.05579,0.206088
validation,26356,0,0.702617,0.100339,0.073928,0.024926,0.098191
validation,26358,0,0.926121,0.019468,0.031645,0.016572,0.006194
validation,26360,4,0.874095,0.04615,0.02517,0.00855,0.046035
validation,26367,0,0.706713,0.012501,0.005647,0.01001,0.26513
validation,26377,0,0.776224,0.069715,0.024312,0.105213,0.024536
validation,26385,0,0.954662,0.021332,0.014962,0.002011,0.007033
validation,26390,0,0.923579,0.027685,0.015705,0.022574,0.010457
validation,26396,0,0.363326,0.049303,0.02179,0.538733,0.026847
validation,26397,0,0.901262,0.043758,0.020328,0.008799,0.025853
validation,26399,0,0.900679,0.02588,0.016527,0.046183,0.010732
validation,26408,0,0.641507,0.049616,0.225385,0.032073,0.05142
validation,26412,0,0.896747,0.043332,0.02029,0.014261,0.025369
validation,26414,4,0.259304,0.079806,0.507324,0.054598,0.098967
validation,26423,0,0.990832,0.00461,0.002989,0.0008,0.000769
validation,26426,0,0.722849,0.061863,0.094505,0.04339,0.077393
validation,26428,0,0.581925,0.136518,0.065645,0.147903,0.068009
validation,26435,0,0.958727,0.017389,0.01092,0.001928,0.011036
validation,26441,0,0.953577,0.025339,0.003844,0.002068,0.015172
validation,26457,0,0.618746,0.046612,0.071621,0.228802,0.03422
validation,26462,0,0.958274,0.011905,0.020513,0.004035,0.005273
validation,26464,0,0.895139,0.016712,0.056374,0.00297,0.028805
validation,26468,0,0.968553,0.007959,0.008665,0.002047,0.012776
validation,26480,0,0.931777,0.015074,0.012625,0.02181,0.018715
validation,26484,0,0.867098,0.016858,0.101411,0.00779,0.006843
validation,26487,0,0.66361,0.044148,0.249315,0.003945,0.038981
validation,26489,0,0.618832,0.042983,0.106198,0.042959,0.189028
validation,26490,0,0.943667,0.022874,0.014937,0.008234,0.010288
validation,26495,0,0.990644,0.004703,0.002578,0.001119,0.000956
validation,26510,0,0.837606,0.075283,0.063912,0.009456,0.013743
validation,26519,0,0.828984,0.024358,0.113134,0.025396,0.008128
validation,26532,0,0.989532,0.004338,0.002115,0.000607,0.003409
validation,26533,0,0.686249,0.072343,0.210649,0.015684,0.015075
validation,26535,0,0.98647,0.006408,0.003087,0.001813,0.002221
validation,26538,0,0.73359,0.164548,0.049976,0.017235,0.034652
validation,26539,0,0.883321,0.050899,0.016593,0.004435,0.044752
validation,26545,0,0.921132,0.015815,0.058359,0.001222,0.003472
validation,26549,0,0.899715,0.012645,0.071034,0.003892,0.012714
validation,26555,0,0.626388,0.06818,0.133558,0.148474,0.0234
validation,26570,0,0.866727,0.058303,0.015679,0.010227,0.049064
validation,26574,0,0.992295,0.003766,0.001694,0.001573,0.000672
validation,26575,0,0.987851,0.006288,0.003338,0.001126,0.001397
validation,26594,0,0.982359,0.007898,0.003681,0.002167,0.003896
validation,26597,0,0.918652,0.00767,0.065773,0.003627,0.004277
validation,26608,0,0.517856,0.117262,0.235923,0.045817,0.083142
validation,26611,0,0.967812,0.021228,0.007002,0.002456,0.001501
validation,26612,0,0.6653,0.12224,0.036409,0.064132,0.111919
validation,26616,0,0.986826,0.002204,0.002708,0.000284,0.007978
validation,26621,0,0.968689,0.010944,0.007344,0.006295,0.006729
validation,26628,0,0.980406,0.01023,0.001908,0.002754,0.004701
validation,26629,0,0.90046,0.035149,0.01724,0.005344,0.041807
validation,26631,0,0.999329,0.000429,9.4e-05,6e-05,8.8e-05
validation,26634,0,0.999455,0.000367,8.4e-05,4.6e-05,4.8e-05
validation,26638,0,0.990214,0.00434,0.001805,0.001444,0.002196
validation,26644,0,0.671791,0.143122,0.111349,0.039013,0.034725
validation,26653,0,0.436847,0.096696,0.416764,0.025182,0.024512
validation,26655,0,0.532148,0.122351,0.071861,0.049866,0.223775
validation,26658,0,0.247452,0.009064,0.73517,0.003347,0.004968
validation,26660,0,0.807238,0.016224,0.139587,0.003401,0.033549
validation,26663,0,0.811054,0.123112,0.033963,0.019291,0.01258
validation,26665,0,0.944344,0.029419,0.016047,0.001868,0.008323
validation,26673,0,0.986346,0.007152,0.003675,0.001653,0.001174
validation,26685,0,0.063641,0.006594,0.002772,0.020444,0.906548
validation,26695,0,0.243559,0.151521,0.061334,0.079953,0.463633
validation,26700,4,0.688553,0.045419,0.011793,0.166394,0.087841
validation,26701,0,0.832379,0.065939,0.068034,0.01746,0.016188
validation,26705,0,0.855681,0.011519,0.118356,0.008813,0.00563
validation,26710,4,0.893205,0.061452,0.018096,0.009222,0.018026
validation,26723,0,0.93781,0.022591,0.006723,0.004356,0.028519
validation,26724,0,0.960382,0.023656,0.008654,0.003916,0.003392
validation,26727,0,0.911973,0.032303,0.015913,0.016115,0.023697
validation,26730,0,0.639013,0.011152,0.003103,0.002786,0.343946
validation,26738,0,0.965915,0.01576,0.008825,0.001683,0.007817
validation,26765,0,0.974405,0.008412,0.007882,0.005537,0.003763
validation,26778,0,0.962981,0.016866,0.006483,0.003133,0.010537
validation,26785,0,0.955282,0.013957,0.012895,0.004706,0.01316
validation,26787,0,0.978992,0.00495,0.011555,0.001134,0.003369
validation,26788,0,0.979913,0.007904,0.005596,0.002958,0.003629
validation,26793,4,0.636689,0.082356,0.128185,0.019001,0.13377
validation,26813,0,0.652845,0.144294,0.110158,0.041516,0.051187
validation,26823,0,0.805359,0.111342,0.03102,0.013671,0.038608
validation,26824,0,0.856281,0.066747,0.037836,0.016932,0.022204
validation,26825,0,0.9096,0.018201,0.024043,0.008861,0.039296
validation,26826,0,0.827502,0.026038,0.140988,0.002148,0.003324
validation,26829,0,0.94027,0.024219,0.021006,0.004443,0.010062
validation,26836,0,0.698583,0.058178,0.105571,0.023384,0.114285
validation,26862,0,0.974396,0.011597,0.006915,0.003054,0.004038
validation,26870,0,0.601549,0.126462,0.145127,0.036859,0.090004
validation,26884,0,0.956616,0.020956,0.005292,0.002606,0.01453
validation,26886,0,0.979709,0.010627,0.002879,0.004538,0.002246
validation,26912,0,0.935149,0.037933,0.013589,0.003588,0.009742
validation,26914,0,0.811328,0.047824,0.064436,0.049456,0.026956
validation,26916,4,0.741823,0.129317,0.062805,0.027525,0.038529
validation,26919,0,0.929874,0.022564,0.008915,0.01399,0.024658
validation,26920,0,0.9084,0.030901,0.042124,0.005398,0.013177
validation,26921,0,0.987314,0.004861,0.003805,0.001471,0.002549
validation,26922,3,0.85775,0.037707,0.026699,0.015569,0.062275
validation,26924,0,0.027382,0.001654,0.001761,0.001327,0.967877
validation,26927,0,0.96256,0.02436,0.006964,0.002451,0.003665
validation,26928,0,0.788752,0.075453,0.084326,0.034528,0.016941
validation,26930,0,0.000886,3.2e-05,1.2e-05,4e-06,0.999066
validation,26938,0,0.972495,0.00813,0.01502,0.001926,0.002428
validation,26943,0,0.969023,0.008421,0.003821,0.002119,0.016616
validation,26947,3,0.812347,0.032658,0.092967,0.00452,0.057508
validation,26948,0,0.999485,0.000307,8.6e-05,5.9e-05,6.2e-05
validation,26950,0,0.885926,0.028547,0.03525,0.018969,0.031308
validation,26958,0,0.889012,0.027864,0.006639,0.007087,0.069398
validation,26965,0,0.834128,0.026854,0.014356,0.015634,0.109027
validation,26968,0,0.958338,0.011685,0.012459,0.012932,0.004586
validation,26969,0,0.953656,0.027604,0.005987,0.009022,0.003731
validation,26977,0,0.715263,0.215395,0.018223,0.012636,0.038483
validation,26983,0,0.994719,0.003043,0.000973,0.000507,0.000758
validation,26987,0,0.961544,0.013876,0.006094,0.00485,0.013637
validation,26990,0,0.847688,0.008435,0.132472,0.007231,0.004174
validation,26997,0,0.071554,0.005374,0.017899,0.020405,0.884768
validation,26999,0,0.741031,0.092263,0.068402,0.030363,0.067941
validation,27003,0,0.906346,0.03409,0.031447,0.013126,0.014991
validation,27018,0,0.963146,0.018694,0.004995,0.010792,0.002372
validation,27023,0,0.99275,0.002931,0.001776,0.000371,0.002172
validation,27024,0,0.972829,0.01034,0.007755,0.002106,0.00697
validation,27028,0,0.906436,0.036621,0.022197,0.006768,0.027978
validation,27030,0,0.976393,0.010488,0.003591,0.00199,0.007538
validation,27043,0,0.856394,0.040758,0.062067,0.014745,0.026036
validation,27045,0,0.926827,0.033777,0.015405,0.013831,0.010161
validation,27046,0,0.981601,0.009184,0.004597,0.001326,0.003291
validation,27068,0,0.999084,0.000802,8e-05,1.4e-05,1.9e-05
validation,27082,0,0.888215,0.012972,0.031534,0.010621,0.056657
validation,27083,0,0.873132,0.039958,0.067622,0.0046,0.014687
validation,27086,0,0.941057,0.017514,0.033689,0.00274,0.005
validation,27114,0,0.943273,0.02715,0.012379,0.002993,0.014205
validation,27132,0,0.732599,0.086803,0.090002,0.033717,0.056879
validation,27143,0,0.831562,0.066035,0.036974,0.027109,0.03832
validation,27151,0,0.889946,0.042327,0.032542,0.010632,0.024554
validation,27162,0,0.880628,0.042978,0.034605,0.011203,0.030586
validation,27167,0,0.999203,0.000455,0.000141,0.000132,6.9e-05
validation,27169,0,0.850454,0.055223,0.048056,0.008857,0.037411
validation,27172,0,0.741609,0.067742,0.126775,0.013563,0.050312
validation,27179,1,0.913218,0.040058,0.009756,0.016714,0.020254
validation,27184,0,0.98265,0.0078,0.00285,0.004683,0.002018
validation,27187,3,0.141835,0.494059,0.062028,0.026197,0.275881
validation,27189,0,0.978992,0.011747,0.005376,0.001754,0.002132
validation,27196,0,0.999518,0.000332,6.2e-05,3.3e-05,5.5e-05
validation,27198,0,0.875588,0.051228,0.021616,0.008512,0.043056
validation,27201,0,0.498347,0.443689,0.021846,0.019832,0.016287
validation,27206,0,0.873384,0.036613,0.052462,0.004444,0.033097
validation,27214,0,0.908269,0.027795,0.041926,0.004744,0.017266
validation,27216,0,0.928483,0.027524,0.019044,0.006009,0.018941
validation,27229,0,0.983407,0.006806,0.005977,0.001302,0.002507
validation,27241,0,0.954536,0.016131,0.015651,0.005395,0.008288
validation,27242,0,0.870279,0.036166,0.011292,0.062018,0.020245
validation,27246,0,0.937268,0.024102,0.013262,0.006317,0.019051
validation,27247,0,0.919674,0.04846,0.007035,0.019719,0.005113
validation,27250,0,0.859997,0.043671,0.026151,0.013999,0.056181
validation,27254,0,0.956139,0.008514,0.011053,0.013881,0.010412
validation,27271,0,0.5678,0.209477,0.074209,0.014975,0.133539
validation,27273,0,0.951806,0.020293,0.007342,0.003439,0.017119
validation,27276,0,0.952814,0.023209,0.016627,0.001611,0.005738
validation,27281,0,0.951839,0.014049,0.010374,0.009695,0.014043
validation,27297,0,0.386623,0.132357,0.300548,0.025071,0.1554
validation,27299,0,0.748501,0.060564,0.039997,0.00887,0.142068
validation,27304,0,0.974929,0.007189,0.010561,0.001835,0.005486
validation,27311,0,0.999511,0.000318,7.8e-05,5.5e-05,3.7e-05
validation,27321,0,0.999244,0.00046,0.000161,9.7e-05,3.9e-05
validation,27327,0,0.984228,0.007145,0.001592,0.002672,0.004363
validation,27330,0,0.924775,0.043899,0.016964,0.005373,0.00899
validation,27333,0,0.895642,0.026448,0.065,0.004026,0.008884
validation,27344,0,0.877761,0.020242,0.005387,0.00607,0.09054
validation,27348,0,0.991481,0.004512,0.002051,0.001229,0.000726
validation,27361,0,0.942041,0.014596,0.033327,0.004583,0.005453
validation,27362,0,0.606066,0.090867,0.093693,0.140791,0.068583
validation,27374,0,0.59647,0.105496,0.129056,0.063366,0.105611
validation,27379,0,0.92774,0.024551,0.030516,0.01046,0.006733
validation,27386,0,0.967481,0.014988,0.009202,0.002109,0.006219
validation,27393,0,0.88473,0.031867,0.008056,0.009249,0.066097
validation,27405,0,0.947103,0.025818,0.016154,0.004917,0.006007
validation,27409,0,0.486752,0.04935,0.028355,0.028864,0.406679
validation,27414,0,0.923133,0.041005,0.015202,0.01301,0.00765
validation,27417,0,0.863061,0.099098,0.014984,0.013838,0.009019
validation,27420,0,0.945325,0.035278,0.01072,0.003634,0.005044
validation,27422,0,0.97859,0.010187,0.003365,0.002928,0.004929
validation,27424,0,0.936803,0.027714,0.013808,0.002862,0.018813
validation,27427,0,0.895713,0.041994,0.047899,0.003779,0.010615
validation,27430,0,0.932106,0.032461,0.014392,0.003313,0.017728
validation,27431,0,0.999628,0.000183,9.4e-05,6.3e-05,3.2e-05
validation,27438,0,0.999595,0.000248,7.2e-05,3.9e-05,4.5e-05
validation,27440,0,0.995281,0.001492,0.002582,0.000324,0.000322
validation,27486,0,0.759006,0.046652,0.144672,0.019524,0.030147
validation,27488,0,0.906515,0.029691,0.054167,0.003019,0.006608
validation,27491,0,0.871386,0.026274,0.031699,0.005052,0.06559
validation,27494,0,0.615189,0.062227,0.022442,0.061149,0.238992
validation,27502,0,0.573704,0.124743,0.17813,0.069585,0.053837
validation,27506,0,0.939441,0.023039,0.022266,0.003347,0.011906
validation,27514,0,0.946373,0.049164,0.001952,0.001064,0.001447
validation,27522,0,0.94571,0.018896,0.016071,0.00287,0.016453
validation,27523,0,0.918722,0.028391,0.016086,0.005283,0.031517
validation,27526,0,0.955785,0.021621,0.008202,0.010232,0.00416
validation,27532,0,0.953792,0.012143,0.004395,0.026744,0.002927
validation,27552,0,0.961973,0.021306,0.0089,0.001971,0.00585
validation,27553,0,0.964265,0.014717,0.006715,0.001825,0.012479
validation,27558,0,0.999571,0.00024,6.9e-05,6.9e-05,5.1e-05
validation,27565,0,0.924147,0.032201,0.014569,0.008614,0.020469
validation,27571,0,0.667316,0.069621,0.074542,0.039307,0.149213
validation,27581,0,0.784149,0.043359,0.135029,0.020516,0.016947
validation,27586,0,0.943183,0.027556,0.021191,0.005803,0.002267
validation,27590,0,0.000602,0.000475,0.000307,0.015613,0.983003
validation,27592,0,0.958806,0.025623,0.008954,0.003051,0.003565
validation,27601,0,0.826485,0.071464,0.033316,0.010398,0.058337
validation,27606,0,0.15867,0.04033,0.050794,0.020416,0.729791
validation,27609,0,0.96765,0.011616,0.011969,0.001706,0.007059
validation,27619,3,0.003808,0.002205,0.077149,0.002415,0.914422
validation,27643,0,0.945607,0.035326,0.005774,0.00664,0.006654
validation,27646,0,0.863826,0.046583,0.049432,0.012014,0.028146
validation,27652,0,0.950522,0.019271,0.015171,0.004957,0.01008
validation,27668,0,0.904339,0.026758,0.023092,0.007753,0.038058
validation,27682,0,0.876751,0.073409,0.017286,0.004128,0.028426
validation,27689,0,0.428264,0.446999,0.049913,0.029768,0.045056
validation,27690,0,0.065376,0.469421,0.136577,0.227513,0.101114
validation,27692,0,0.999212,0.000417,0.000164,0.000101,0.000107
validation,27697,0,0.987267,0.004622,0.005705,0.00128,0.001127
validation,27704,0,0.999648,0.000264,5.2e-05,1.5e-05,2.1e-05
validation,27718,0,0.519178,0.085638,0.314004,0.023109,0.058071
validation,27719,0,0.991977,0.006759,0.00057,0.000311,0.000382
validation,27724,0,0.826019,0.05244,0.026511,0.025263,0.069767
validation,27735,0,0.871983,0.026549,0.05238,0.029356,0.019731
validation,27745,0,0.94959,0.028168,0.006519,0.006153,0.00957
validation,27750,0,0.709876,0.195146,0.024493,0.003106,0.067379
validation,27758,0,0.984104,0.005542,0.004781,0.002583,0.00299
validation,27763,0,0.97523,0.012979,0.005829,0.001724,0.004238
validation,27767,0,0.962873,0.014912,0.012342,0.004452,0.005422
validation,27774,0,0.738365,0.059843,0.0968,0.040973,0.06402
validation,27782,0,0.907495,0.059487,0.016832,0.006755,0.009431
validation,27786,0,0.848896,0.02929,0.021595,0.004912,0.095307
validation,27805,0,0.918197,0.034222,0.02125,0.003028,0.023303
validation,27806,3,0.841146,0.031437,0.017668,0.017659,0.09209
validation,27812,0,0.895468,0.066712,0.024289,0.005504,0.008027
validation,27813,0,0.756646,0.110201,0.045984,0.010187,0.076981
validation,27821,0,0.949633,0.038702,0.006613,0.002413,0.002638
validation,27823,0,0.982247,0.005954,0.004035,0.006324,0.00144
validation,27828,0,0.822876,0.029384,0.091656,0.029164,0.02692
validation,27829,0,0.999664,0.000221,5.3e-05,3e-05,3.2e-05
validation,27841,0,0.95359,0.018738,0.013138,0.002661,0.011873
validation,27842,0,0.788205,0.022543,0.02466,0.127606,0.036985
validation,27844,0,0.994806,0.002958,0.001403,0.000434,0.0004
validation,27845,0,0.98505,0.004907,0.007621,0.001315,0.001109
validation,27846,0,0.889847,0.034507,0.061958,0.004509,0.009179
validation,27852,0,0.976656,0.0086,0.009773,0.001028,0.003943
validation,27853,0,0.906182,0.019138,0.022456,0.002686,0.049537
validation,27881,0,0.882419,0.06084,0.035246,0.004303,0.017192
validation,27888,0,0.39288,0.032823,0.021726,0.443431,0.109141
validation,27891,0,0.786703,0.059214,0.087193,0.005479,0.06141
validation,27897,0,0.984479,0.007254,0.005679,0.001595,0.000991
validation,27898,0,0.945764,0.027301,0.010466,0.006723,0.009745
validation,27900,0,0.904508,0.022942,0.007245,0.002748,0.062557
validation,27906,0,0.965315,0.014108,0.007072,0.001891,0.011614
validation,27908,0,0.934238,0.025004,0.017771,0.010536,0.012451
validation,27921,0,0.912391,0.050398,0.009996,0.009224,0.01799
validation,27922,0,0.758531,0.065076,0.151328,0.010346,0.014718
validation,27926,0,0.835014,0.032451,0.03094,0.069912,0.031683
validation,27927,0,0.863602,0.00698,0.124142,0.002512,0.002764
validation,27936,0,0.510968,0.061824,0.032148,0.055721,0.339339
validation,27939,0,0.436815,0.139915,0.043437,0.03978,0.340053
validation,27960,0,0.915395,0.013205,0.007872,0.005212,0.058315
validation,27964,0,0.784275,0.021287,0.161981,0.002608,0.029849
validation,27966,0,0.585802,0.343769,0.043206,0.00468,0.022543
validation,27967,0,0.965078,0.025085,0.004188,0.001385,0.004264
validation,27998,0,0.99914,0.000476,0.000185,8.8e-05,0.000111
validation,28004,0,0.928576,0.050602,0.01228,0.002328,0.006214
validation,28008,0,0.746689,0.122695,0.084147,0.017517,0.028952
validation,28009,0,0.98278,0.005835,0.00254,0.007511,0.001334
validation,28013,0,0.901906,0.037974,0.04741,0.004103,0.008607
validation,28017,0,0.973934,0.017046,0.004742,0.001255,0.003023
validation,28023,0,0.871472,0.051199,0.022756,0.01222,0.042353
validation,28035,0,0.901183,0.043752,0.029906,0.006834,0.018325
validation,28041,0,0.87538,0.03314,0.027209,0.044875,0.019396
validation,28047,0,0.95886,0.009047,0.025337,0.002165,0.004591
validation,28053,0,0.792655,0.069194,0.090794,0.021661,0.025696
validation,28064,1,0.500267,0.188209,0.239595,0.023599,0.04833
validation,28082,0,0.94896,0.01002,0.032255,0.005715,0.00305
validation,28084,0,0.693193,0.14199,0.045933,0.020502,0.098382
validation,28127,0,0.955204,0.016389,0.019101,0.004256,0.00505
validation,28145,0,0.026238,0.0133,0.141054,0.001749,0.81766
validation,28152,0,0.926777,0.003997,0.064934,0.001148,0.003143
validation,28166,0,0.987528,0.010309,0.001721,0.000131,0.000311
validation,28170,0,0.901474,0.029199,0.020074,0.01035,0.038903
validation,28171,0,0.939395,0.033345,0.007623,0.006332,0.013306
validation,28173,0,0.142034,0.02644,0.016698,0.00253,0.812299
validation,28176,0,0.602939,0.006752,0.001239,0.387948,0.001121
validation,28183,0,0.871804,0.102583,0.010128,0.006439,0.009046
validation,28186,0,0.909549,0.031863,0.015989,0.007752,0.034847
validation,28197,0,0.961992,0.01964,0.00698,0.00294,0.008448
validation,28202,0,0.92996,0.013418,0.01708,0.011657,0.027884
validation,28206,0,0.847363,0.041357,0.058632,0.021069,0.031578
validation,28231,0,0.998909,0.000611,0.000187,0.000198,9.5e-05
validation,28235,0,0.9994,0.000265,0.000237,4.3e-05,5.6e-05
validation,28236,0,0.999647,0.000212,6e-05,3.8e-05,4.3e-05
validation,28243,0,0.953655,0.020665,0.021622,0.00178,0.002278
validation,28269,0,0.939328,0.02866,0.011981,0.004247,0.015785
validation,28270,0,0.006996,0.00109,0.000587,0.352605,0.638723
validation,28272,0,0.972871,0.01048,0.007884,0.001547,0.007218
validation,28273,4,0.37998,0.176716,0.149403,0.087705,0.206197
validation,28280,0,0.916427,0.021779,0.015252,0.023132,0.023409
validation,28281,0,0.911506,0.021704,0.02992,0.009317,0.027553
validation,28284,0,8.6e-05,3e-06,1e-06,0.0,0.99991
validation,28299,0,0.000953,0.000138,0.000151,0.998631,0.000127
validation,28301,0,0.994899,0.002084,0.001482,0.000741,0.000794
validation,28310,0,0.959003,0.023635,0.008821,0.003273,0.005268
validation,28314,0,0.98853,0.002394,0.006397,0.001428,0.001251
validation,28316,0,0.474995,0.014256,0.478232,0.002902,0.029615
validation,28330,0,0.92054,0.013196,0.009593,0.006362,0.050309
validation,28344,0,0.671462,0.108021,0.06447,0.082744,0.073302
validation,28348,0,0.980148,0.008057,0.008622,0.001576,0.001597
validation,28353,0,0.964995,0.014877,0.006589,0.007536,0.006004
validation,28357,0,0.65226,0.127857,0.062157,0.030349,0.127377
validation,28358,0,0.846218,0.080584,0.012659,0.005441,0.055099
validation,28377,0,0.998602,0.000576,0.000263,0.000339,0.000221
validation,28378,0,0.999104,0.000515,0.000155,0.000153,7.2e-05
validation,28391,0,0.990095,0.004298,0.00382,0.000594,0.001192
validation,28399,0,0.022653,0.006974,0.001567,0.005042,0.963764
validation,28403,0,0.0,0.0,0.0,0.0,0.999998
validation,28405,0,0.600471,0.127521,0.056462,0.164251,0.051295
validation,28407,0,0.57926,0.024103,0.375234,0.011254,0.010149
validation,28412,2,0.895704,0.03358,0.0255,0.009,0.036215
validation,28414,0,0.944976,0.012836,0.019039,0.008658,0.01449
validation,28435,0,0.001897,0.000971,0.806981,0.000986,0.189165
validation,28443,0,0.919362,0.029708,0.01828,0.007695,0.024955
validation,28445,0,0.767397,0.049356,0.041703,0.005543,0.136
validation,28447,0,0.855165,0.06764,0.020378,0.022787,0.034029
validation,28450,0,0.943565,0.027046,0.006131,0.017773,0.005485
validation,28456,0,0.86401,0.045617,0.012798,0.008848,0.068727
validation,28461,3,0.811551,0.051195,0.017727,0.004252,0.115274
validation,28466,0,0.256285,0.70657,0.006862,0.007462,0.02282
validation,28477,0,0.942313,0.046837,0.00366,0.0016,0.00559
validation,28480,0,0.397141,0.045568,0.305751,0.206969,0.044572
validation,28485,0,0.956406,0.022236,0.014591,0.002967,0.0038
validation,28499,0,0.990699,0.00478,0.002746,0.001396,0.000379
validation,28506,0,0.539551,0.157265,0.046743,0.07819,0.17825
validation,28528,0,0.816868,0.041007,0.051073,0.016334,0.074717
validation,28529,0,0.881582,0.060926,0.026384,0.016532,0.014576
validation,28533,0,0.972324,0.01481,0.004154,0.002839,0.005873
validation,28535,0,0.945279,0.019119,0.006541,0.024064,0.004997
validation,28536,0,0.689807,0.045652,0.068479,0.060121,0.135941
validation,28541,0,0.972102,0.018953,0.004431,0.00123,0.003285
validation,28548,0,0.88891,0.045876,0.017312,0.029768,0.018134
validation,28550,0,0.099743,0.725176,0.086622,0.012901,0.075557
validation,28553,4,0.518017,0.234425,0.04237,0.063369,0.141819
validation,28554,0,0.922153,0.029427,0.027799,0.008552,0.012069
validation,28565,0,0.885879,0.079493,0.015516,0.010845,0.008267
validation,28569,0,0.528567,0.168821,0.149685,0.038714,0.114214
validation,28571,0,0.959519,0.024878,0.008931,0.001711,0.004962
validation,28572,0,0.978335,0.00853,0.00653,0.002148,0.004457
validation,28573,0,0.886112,0.035729,0.058223,0.005602,0.014333
validation,28576,0,0.926542,0.052896,0.013109,0.003869,0.003584
validation,28580,0,0.949035,0.023074,0.011326,0.002962,0.013602
validation,28581,0,0.977441,0.01115,0.005558,0.003456,0.002395
validation,28603,0,0.940662,0.03088,0.012656,0.00457,0.011232
validation,28616,0,0.932118,0.008283,0.056297,0.001164,0.002138
validation,28619,0,0.906093,0.039874,0.015736,0.014518,0.023779
validation,28626,0,0.958363,0.023246,0.010815,0.002581,0.004995
validation,28643,0,0.965529,0.015976,0.005561,0.006912,0.006023
validation,28649,0,0.091969,0.00439,0.005635,0.042831,0.855175
validation,28660,0,0.941909,0.01694,0.010018,0.00507,0.026063
validation,28683,0,0.880359,0.035311,0.070473,0.003566,0.010291
validation,28688,0,0.88276,0.062123,0.013789,0.012529,0.028799
validation,28695,0,0.957972,0.020941,0.011424,0.006479,0.003183
validation,28717,0,0.91766,0.020641,0.036237,0.006948,0.018513
validation,28727,4,0.801026,0.051593,0.094375,0.027785,0.025221
validation,28741,0,0.926381,0.030628,0.021073,0.003858,0.018059
validation,28762,0,0.644338,0.044113,0.071148,0.018744,0.221657
validation,28765,0,0.995515,0.002493,0.000994,0.000417,0.000581
validation,28797,0,0.932293,0.022277,0.010799,0.007038,0.027594
validation,28805,0,0.874754,0.026098,0.007296,0.007713,0.084139
validation,28806,0,0.982546,0.006916,0.005153,0.00102,0.004364
validation,28810,0,0.995098,0.002088,0.000947,0.000884,0.000982
validation,28811,0,0.914714,0.017267,0.005664,0.031313,0.031041
validation,28815,0,0.9655,0.019684,0.007343,0.002367,0.005105
validation,28820,0,0.899257,0.028138,0.028223,0.015915,0.028468
validation,28824,0,0.817119,0.067885,0.047118,0.009995,0.057883
validation,28829,0,0.266442,0.101415,0.568386,0.015422,0.048335
validation,28831,0,0.846077,0.025298,0.007416,0.005094,0.116115
validation,28834,0,0.544386,0.064978,0.064572,0.041241,0.284823
validation,28835,0,0.553475,0.022054,0.008091,0.003247,0.413133
validation,28839,0,0.828801,0.014473,0.148543,0.003037,0.005147
validation,28845,0,0.494433,0.07407,0.313655,0.036388,0.081455
validation,28846,0,0.951248,0.027522,0.008251,0.007887,0.005091
validation,28859,0,0.96825,0.024153,0.004579,0.001192,0.001826
validation,28863,0,0.16968,0.124253,0.086219,0.142551,0.477298
validation,28882,0,0.941465,0.037624,0.008279,0.004217,0.008415
validation,28892,0,0.537694,0.030581,0.007269,0.003145,0.421311
validation,28908,0,0.998556,0.000615,0.000541,0.000207,8.1e-05
validation,28912,0,0.998337,0.000667,0.000762,9.8e-05,0.000136
validation,28918,0,0.349072,0.055612,0.068991,0.2227,0.303625
validation,28919,0,0.999412,0.000371,9.7e-05,7.4e-05,4.5e-05
validation,28928,0,0.980075,0.011265,0.006206,0.001267,0.001187
validation,28933,0,0.885508,0.028894,0.039345,0.006181,0.040072
validation,28935,0,0.820757,0.118357,0.02057,0.008777,0.031539
validation,28940,0,0.750762,0.018407,0.198439,0.007905,0.024488
validation,28954,0,0.972602,0.008111,0.017432,0.000876,0.000979
validation,28958,0,0.896751,0.072723,0.006741,0.002542,0.021243
validation,28972,0,0.06617,0.204029,0.36215,0.087422,0.28023
validation,28980,0,0.254243,0.198372,0.104557,0.363444,0.079383
validation,28988,0,0.971304,0.015682,0.004965,0.004304,0.003745
validation,28992,0,0.97506,0.010764,0.006344,0.004575,0.003256
validation,28997,0,0.982332,0.009812,0.003264,0.001987,0.002605
validation,29002,0,0.955017,0.020204,0.006587,0.007258,0.010934
validation,29016,0,0.156676,0.689768,0.008648,0.006376,0.138532
validation,29019,0,0.217819,0.160883,0.3631,0.035724,0.222474
validation,29021,0,0.880669,0.047331,0.028034,0.012102,0.031865
validation,29026,4,0.872163,0.075534,0.013528,0.005682,0.033092
validation,29033,0,0.969477,0.015107,0.00783,0.005899,0.001687
validation,29036,0,0.892592,0.042279,0.017203,0.013815,0.034111
validation,29042,0,0.905278,0.037871,0.007359,0.018221,0.031271
validation,29047,0,0.891267,0.024314,0.057808,0.004551,0.02206
validation,29052,0,0.73705,0.035886,0.205751,0.006763,0.014549
validation,29056,0,0.49399,0.028948,0.012874,0.005042,0.459147
validation,29060,0,0.420292,0.542897,0.006835,0.002389,0.027587
validation,29068,0,0.905765,0.01491,0.021237,0.030184,0.027904
validation,29071,0,0.549795,0.166531,0.021675,0.011506,0.250492
validation,29079,0,0.548199,0.326248,0.01022,0.019544,0.095789
validation,29081,0,0.942968,0.036065,0.011366,0.004191,0.00541
validation,29084,0,0.960833,0.017949,0.007914,0.003411,0.009892
validation,29107,0,0.999355,0.000331,0.000147,8.9e-05,7.7e-05
validation,29108,0,0.999108,0.000346,0.000324,0.000129,9.4e-05
validation,29109,0,0.999164,0.000481,0.000106,0.000174,7.6e-05
validation,29123,0,0.999211,0.000376,0.000134,0.000179,9.9e-05
validation,29125,0,0.844519,0.043811,0.056356,0.026332,0.028982
validation,29126,0,0.956507,0.023056,0.013337,0.001407,0.005694
validation,29128,0,0.966371,0.016285,0.007833,0.004108,0.005403
validation,29134,0,0.902116,0.020764,0.016651,0.028431,0.032037
validation,29140,0,0.976016,0.009082,0.006219,0.002538,0.006144
validation,29142,0,0.749433,0.0966,0.032382,0.026944,0.094641
validation,29143,0,0.994732,0.002627,0.00125,0.000636,0.000755
validation,29147,0,0.993127,0.002425,0.002168,0.00133,0.00095
validation,29148,0,0.939601,0.010292,0.007325,0.001195,0.041588
validation,29152,0,0.98881,0.005615,0.001947,0.001537,0.002091
validation,29158,0,0.968622,0.014366,0.011487,0.002618,0.002906
validation,29177,0,0.891896,0.031486,0.016395,0.002807,0.057416
validation,29182,0,0.969982,0.008826,0.005823,0.006931,0.008438
validation,29188,0,0.897106,0.032944,0.045557,0.005355,0.019038
validation,29196,0,0.914435,0.038128,0.019123,0.007873,0.020441
validation,29197,0,0.437143,0.11339,0.014439,0.004477,0.430551
validation,29210,0,0.944669,0.029248,0.008605,0.004956,0.012523
validation,29220,0,0.977927,0.009412,0.005362,0.000939,0.006359
validation,29226,0,0.981755,0.007306,0.003351,0.003734,0.003854
validation,29228,0,0.973643,0.012098,0.004517,0.003428,0.006314
validation,29231,0,0.884331,0.047422,0.019932,0.01672,0.031595
validation,29233,0,0.42589,0.039701,0.036938,0.014991,0.48248
validation,29235,0,0.893811,0.044094,0.020203,0.006747,0.035145
validation,29254,0,0.999356,0.000369,0.000106,0.00012,4.9e-05
validation,29256,0,0.999319,0.000358,0.000109,0.000163,5e-05
validation,29259,0,0.999565,0.00026,6.9e-05,6.9e-05,3.6e-05
validation,29270,0,0.917796,0.028512,0.023204,0.004727,0.025762
validation,29280,0,0.37283,0.051106,0.190383,0.010725,0.374957
validation,29293,0,0.900912,0.030605,0.015831,0.018587,0.034065
validation,29297,0,0.958095,0.017688,0.006375,0.005797,0.012045
validation,29300,0,0.982115,0.006816,0.003774,0.000885,0.00641
validation,29307,0,0.80955,0.026889,0.129798,0.005136,0.028626
validation,29322,0,0.75082,0.021671,0.00773,0.002236,0.217543
validation,29327,0,0.988249,0.004564,0.00336,0.001165,0.002662
validation,29329,0,0.935055,0.025195,0.020622,0.006631,0.012497
validation,29335,0,0.956324,0.03043,0.004898,0.002863,0.005485
validation,29352,0,0.797447,0.036704,0.031871,0.018255,0.115722
validation,29359,0,0.667062,0.028203,0.013174,0.008128,0.283433
validation,29363,0,0.949523,0.020869,0.025536,0.001306,0.002766
validation,29366,0,0.977998,0.009959,0.004162,0.002192,0.005689
validation,29367,0,0.995231,0.001939,0.001974,0.000233,0.000623
validation,29368,0,0.965244,0.018148,0.01246,0.0013,0.002847
validation,29370,0,0.738739,0.010814,0.005811,0.00134,0.243297
validation,29405,0,0.688955,0.053431,0.036724,0.086235,0.134654
validation,29409,0,0.634129,0.066332,0.023766,0.143743,0.132029
validation,29421,0,0.871534,0.026476,0.011209,0.058686,0.032095
validation,29424,0,0.563461,0.020777,0.396153,0.004542,0.015067
validation,29425,0,0.968964,0.010829,0.010885,0.005076,0.004245
validation,29428,0,0.75548,0.083552,0.030243,0.007812,0.122913
validation,29429,0,0.925135,0.025146,0.013957,0.004432,0.031329
validation,29436,0,0.988398,0.003832,0.006183,0.000649,0.000937
validation,29458,0,0.668868,0.107792,0.066083,0.016378,0.140879
validation,29464,0,0.931727,0.016712,0.019545,0.022685,0.009332
validation,29469,0,0.640022,0.018003,0.229421,0.009443,0.10311
validation,29475,0,0.783624,0.102899,0.03651,0.019484,0.057483
validation,29481,0,0.939813,0.031528,0.010937,0.003935,0.013787
validation,29493,0,0.548113,0.015986,0.432189,0.002417,0.001295
validation,29495,0,0.84779,0.027236,0.063358,0.007834,0.053782
validation,29497,0,0.99957,0.000254,7.2e-05,5.2e-05,5.2e-05
validation,29499,0,0.999147,0.000413,0.000166,9.2e-05,0.000182
validation,29502,0,0.998698,0.00057,0.000295,0.000194,0.000244
validation,29510,0,0.989554,0.005148,0.003149,0.00121,0.000939
validation,29511,0,0.997674,0.000837,0.000509,0.00036,0.00062
validation,29516,0,0.929375,0.021994,0.025509,0.006645,0.016477
validation,29520,0,0.847146,0.059314,0.067429,0.020694,0.005417
validation,29521,0,0.821372,0.046878,0.066839,0.01212,0.052791
validation,29522,0,0.771608,0.018546,0.198489,0.007343,0.004013
validation,29526,0,0.414738,0.380744,0.031273,0.039437,0.133809
validation,29528,0,0.97886,0.010255,0.005935,0.002097,0.002853
validation,29545,0,0.342455,0.169906,0.029983,0.086001,0.371655
validation,29553,0,0.982857,0.007311,0.006698,0.000991,0.002142
validation,29574,0,0.889488,0.027526,0.017713,0.023361,0.041913
validation,29575,0,0.725423,0.042776,0.065815,0.009847,0.156139
validation,29577,0,0.911707,0.03937,0.025464,0.008267,0.015191
validation,29582,0,0.948862,0.013416,0.008104,0.00413,0.025487
validation,29592,0,0.926629,0.019734,0.018551,0.003342,0.031743
validation,29606,0,0.971821,0.016129,0.002311,0.004233,0.005507
validation,29608,0,0.821171,0.110293,0.027469,0.004012,0.037055
validation,29613,0,0.957105,0.019382,0.011927,0.006972,0.004614
validation,29621,4,0.935503,0.025877,0.017183,0.011145,0.010291
validation,29636,0,0.948725,0.02093,0.006095,0.007132,0.017119
validation,29656,0,0.968087,0.017722,0.002673,0.001807,0.009711
validation,29662,0,0.932691,0.022196,0.011243,0.006261,0.027609
validation,29663,0,0.929407,0.01862,0.008679,0.038885,0.004409
validation,29673,0,0.966953,0.014305,0.00875,0.001782,0.00821
validation,29676,0,0.939907,0.03194,0.010045,0.003935,0.014173
validation,29682,0,0.968588,0.018738,0.00603,0.004117,0.002526
validation,29703,0,0.55952,0.029875,0.374142,0.011251,0.025212
validation,29706,0,0.625901,0.096297,0.126179,0.054018,0.097604
validation,29712,0,0.995645,0.002463,0.001118,0.000472,0.000301
validation,29729,0,0.986101,0.005998,0.005869,0.000855,0.001178
validation,29735,0,0.967291,0.016057,0.006165,0.004386,0.006101
validation,29744,0,0.887362,0.028857,0.015752,0.014319,0.053709
validation,29748,0,0.817654,0.071953,0.018445,0.06432,0.027629
validation,29750,0,0.874423,0.022271,0.011788,0.068927,0.022591
validation,29752,0,0.848603,0.030026,0.10047,0.008505,0.012395
validation,29753,0,0.783865,0.075588,0.044944,0.010746,0.084857
validation,29756,0,0.794613,0.047754,0.011145,0.021118,0.12537
validation,29769,0,0.970125,0.010086,0.002895,0.002685,0.01421
validation,29775,0,0.99901,0.00057,0.000204,0.000109,0.000108
validation,29778,0,0.766126,0.053922,0.041439,0.086087,0.052426
validation,29782,0,0.810188,0.012188,0.127212,0.004452,0.045961
validation,29812,0,0.457832,0.10006,0.114084,0.174492,0.153533
validation,29819,0,0.793176,0.046865,0.026764,0.088263,0.044932
validation,29822,0,0.4316,0.240696,0.160404,0.100293,0.067007
validation,29826,0,0.93365,0.013221,0.022716,0.010342,0.020071
validation,29835,0,0.956593,0.008003,0.003804,0.00369,0.02791
validation,29843,0,0.865008,0.077153,0.021641,0.013453,0.022745
validation,29850,0,0.97143,0.019029,0.003166,0.001279,0.005096
validation,29862,0,0.955992,0.007693,0.013282,0.002564,0.020469
validation,29864,0,0.968301,0.008772,0.013598,0.001054,0.008275
validation,29870,0,0.931001,0.019233,0.007768,0.00962,0.032378
validation,29882,0,0.951251,0.01987,0.005896,0.009756,0.013228
validation,29892,0,0.944628,0.02709,0.00617,0.005378,0.016735
validation,29895,0,0.987191,0.009527,0.001418,0.00035,0.001514
validation,29912,0,0.696879,0.017646,0.247109,0.011413,0.026952
validation,29916,0,0.86745,0.07748,0.023961,0.013313,0.017795
validation,29924,0,0.991095,0.003582,0.001431,0.00121,0.002682
validation,29926,0,0.852789,0.030459,0.048504,0.013381,0.054867
validation,29937,0,0.929602,0.015303,0.03618,0.001454,0.017461
validation,29941,0,0.99323,0.003584,0.002253,0.000489,0.000444
validation,29947,3,0.771866,0.100549,0.083252,0.012505,0.031828
validation,29952,0,0.900134,0.007101,0.087165,0.001139,0.004461
validation,29962,0,0.696801,0.080664,0.088491,0.08043,0.053615
validation,29980,0,0.866198,0.055839,0.058507,0.009101,0.010355
validation,29986,0,0.945885,0.016232,0.00911,0.008426,0.020346
validation,29999,0,0.959005,0.014076,0.015195,0.003002,0.008721
validation,30006,0,0.626376,0.01756,0.324924,0.008035,0.023105
validation,30008,0,0.897727,0.022143,0.073761,0.001298,0.005071
validation,30011,0,0.922527,0.007115,0.067139,0.001482,0.001737
validation,30014,0,0.998167,0.000805,0.000404,0.000334,0.000291
validation,30026,0,0.999329,0.000424,0.000101,0.000104,4.2e-05
validation,30031,0,0.998451,0.000751,0.000273,0.000172,0.000353
validation,30033,0,0.936667,0.018058,0.023182,0.008624,0.013469
validation,30040,0,0.999148,0.000441,0.000156,0.000198,5.7e-05
validation,30051,0,0.358193,0.023983,0.00932,0.588448,0.020056
validation,30059,0,0.719356,0.204644,0.036239,0.013565,0.026196
validation,30065,0,0.920411,0.010411,0.066041,0.001503,0.001635
validation,30070,0,0.953468,0.024432,0.009935,0.007474,0.004692
validation,30074,0,0.929982,0.021849,0.030037,0.006744,0.011387
validation,30080,0,0.97955,0.015131,0.00288,0.000922,0.001516
validation,30106,0,0.977863,0.012376,0.006821,0.000911,0.002029
validation,30109,0,0.890616,0.052327,0.013201,0.007724,0.036133
validation,30121,0,0.988351,0.005352,0.002919,0.001959,0.001418
validation,30135,0,0.901149,0.039583,0.027133,0.007026,0.025109
validation,30140,0,0.970355,0.014698,0.007398,0.002055,0.005494
validation,30148,0,0.098617,0.006047,0.000992,0.002209,0.892135
validation,30151,0,0.897731,0.026196,0.008662,0.010896,0.056515
validation,30156,0,0.725355,0.028053,0.227681,0.00328,0.01563
validation,30158,0,0.933071,0.02379,0.017908,0.003867,0.021365
validation,30161,0,0.986161,0.005174,0.004148,0.002615,0.001902
validation,30182,0,0.732195,0.116132,0.051315,0.05629,0.044068
validation,30189,0,0.979828,0.014173,0.003363,0.00035,0.002286
validation,30203,0,0.901567,0.047936,0.037154,0.002318,0.011025
validation,30210,0,0.91681,0.049551,0.013701,0.006323,0.013615
validation,30212,0,0.627516,0.113382,0.100213,0.02245,0.13644
validation,30217,0,0.873791,0.027635,0.015658,0.024155,0.05876
validation,30222,0,0.96342,0.012658,0.014866,0.004186,0.00487
validation,30225,0,0.945588,0.03414,0.005709,0.007224,0.007338
validation,30226,0,0.841016,0.01952,0.106845,0.004698,0.027921
validation,30227,0,0.968055,0.002577,0.02832,0.000564,0.000485
validation,30233,0,0.972013,0.011462,0.007217,0.004752,0.004556
validation,30236,0,0.541133,0.109873,0.135737,0.172801,0.040456
validation,30237,0,0.942004,0.01756,0.030025,0.003798,0.006613
validation,30238,0,0.951944,0.024386,0.011945,0.003337,0.008388
validation,30243,0,0.913206,0.030952,0.017351,0.006404,0.032087
validation,30246,2,0.775481,0.032349,0.013934,0.002282,0.175954
validation,30255,0,0.802536,0.071129,0.019006,0.085218,0.022109
validation,30257,0,0.834965,0.142735,0.011829,0.002005,0.008466
validation,30258,0,0.877085,0.053725,0.032854,0.005878,0.030457
validation,30263,0,0.833632,0.06803,0.040734,0.015287,0.042316
validation,30277,0,0.723329,0.040294,0.049827,0.171737,0.014812
validation,30288,0,0.812677,0.054264,0.057479,0.045156,0.030424
validation,30291,0,0.93161,0.023264,0.017601,0.005376,0.022149
validation,30293,0,0.957793,0.008236,0.00575,0.003674,0.024547
validation,30302,0,0.785192,0.044425,0.018021,0.00972,0.142643
validation,30308,0,0.968146,0.017927,0.00333,0.005207,0.00539
validation,30315,0,0.867412,0.032205,0.046679,0.024728,0.028975
validation,30323,0,0.890896,0.040367,0.031793,0.012101,0.024843
validation,30332,0,0.979499,0.010563,0.003848,0.003064,0.003026
validation,30334,0,0.914839,0.041846,0.018972,0.006348,0.017995
validation,30340,0,0.719464,0.057492,0.049607,0.152579,0.020859
validation,30341,0,0.858977,0.037371,0.029383,0.037885,0.036385
validation,30349,0,0.929553,0.042692,0.020059,0.002651,0.005046
validation,30350,0,0.59794,0.061653,0.32393,0.006359,0.010117
validation,30351,0,0.992329,0.005987,0.000716,0.000156,0.000812
validation,30354,0,0.955293,0.032472,0.006886,0.001776,0.003572
validation,30365,0,0.502275,0.289152,0.083394,0.048368,0.076812
validation,30368,0,0.976009,0.011341,0.008519,0.002056,0.002075
validation,30379,0,0.907571,0.038463,0.024026,0.009173,0.020767
validation,30384,0,0.690571,0.0737,0.224306,0.002522,0.008901
validation,30391,0,0.966431,0.022786,0.005038,0.002042,0.003703
validation,30402,0,0.960102,0.009893,0.018612,0.003993,0.0074
validation,30415,0,0.569026,0.009435,0.004147,0.001543,0.415849
validation,30418,0,0.743829,0.087848,0.043371,0.013419,0.111532
validation,30419,0,0.825623,0.033945,0.019789,0.017649,0.102994
validation,30423,0,0.416575,0.030166,0.515554,0.018256,0.019449
validation,30442,0,0.954813,0.016451,0.018508,0.004561,0.005667
validation,30447,0,0.973172,0.007981,0.003982,0.003475,0.011389
validation,30450,0,0.975803,0.013886,0.004532,0.002775,0.003004
validation,30456,0,0.9508,0.010608,0.029166,0.003178,0.006248
validation,30472,0,0.686343,0.103794,0.072595,0.060228,0.07704
validation,30476,0,0.989568,0.004721,0.002178,0.001692,0.001841
validation,30480,0,0.725318,0.095036,0.024102,0.018437,0.137106
validation,30490,0,0.408634,0.009111,0.012403,0.00163,0.568222
validation,30495,0,0.959279,0.023283,0.003032,0.002006,0.0124
validation,30500,0,0.969379,0.012479,0.010379,0.004167,0.003596
validation,30505,0,0.909575,0.023648,0.034818,0.003892,0.028066
validation,30509,0,0.504366,0.081119,0.12017,0.27665,0.017695
validation,30517,0,0.944389,0.009958,0.037984,0.003772,0.003897
validation,30518,0,0.849329,0.024814,0.008252,0.009641,0.107964
validation,30522,0,0.963195,0.012623,0.009687,0.003229,0.011266
validation,30528,0,0.619946,0.071812,0.077307,0.033748,0.197187
validation,30543,0,0.979692,0.010096,0.005409,0.002472,0.002331
validation,30556,0,0.926696,0.063897,0.003459,0.000849,0.005099
validation,30557,0,0.886341,0.023445,0.015964,0.068489,0.00576
validation,30565,0,0.933552,0.020539,0.00843,0.022534,0.014945
validation,30566,0,0.590518,0.020687,0.364947,0.008181,0.015667
validation,30568,0,0.958956,0.027235,0.003956,0.001835,0.008019
validation,30573,0,0.872769,0.038676,0.027996,0.009458,0.0511
validation,30580,0,0.745209,0.024576,0.011123,0.018024,0.201069
validation,30590,0,0.960587,0.019013,0.008739,0.004249,0.007413
validation,30599,0,0.932273,0.016476,0.017861,0.003267,0.030123
validation,30606,0,0.76823,0.047182,0.062324,0.079182,0.043082
validation,30607,0,0.066745,0.022399,0.887341,0.015621,0.007894
validation,30611,0,0.988283,0.005939,0.002223,0.000828,0.002726
validation,30614,0,0.815805,0.097647,0.028513,0.021443,0.036593
validation,30619,0,0.962504,0.015265,0.010196,0.004208,0.007827
validation,30622,0,0.964645,0.016364,0.00646,0.001091,0.011441
validation,30626,0,0.967118,0.0111,0.010712,0.003949,0.007121
validation,30628,0,0.841384,0.095372,0.026137,0.030872,0.006235
validation,30633,0,0.458472,0.35421,0.082021,0.032808,0.07249
validation,30641,0,0.968791,0.010491,0.010396,0.003605,0.006717
validation,30642,0,0.785418,0.044936,0.013418,0.005913,0.150315
validation,30643,0,0.978891,0.01292,0.005343,0.001995,0.000852
validation,30653,0,0.864247,0.037634,0.031571,0.009202,0.057346
validation,30654,0,0.897305,0.04547,0.018906,0.010676,0.027643
validation,30687,0,0.966025,0.022047,0.006523,0.002043,0.003362
validation,30689,0,0.979448,0.011333,0.005473,0.002074,0.001673
validation,30693,0,0.998413,0.000644,0.000613,0.000226,0.000104
validation,30699,0,0.982411,0.010606,0.004074,0.001346,0.001564
validation,30711,0,0.289904,0.064399,0.055999,0.045764,0.543934
validation,30715,0,0.582268,0.380558,0.01502,0.007567,0.014586
validation,30716,0,0.788263,0.070032,0.129153,0.004905,0.007647
validation,30720,0,0.912437,0.027453,0.043295,0.006546,0.010269
validation,30721,0,0.531533,0.065627,0.116965,0.041482,0.244393
validation,30728,0,0.434242,0.197998,0.076741,0.248434,0.042586
validation,30739,0,0.96809,0.016299,0.008076,0.003171,0.004364
validation,30747,0,0.987635,0.005957,0.003197,0.000764,0.002447
validation,30752,0,0.937456,0.027433,0.017702,0.0072,0.010209
validation,30755,0,0.905858,0.018071,0.004461,0.004621,0.066989
validation,30759,0,0.984306,0.009204,0.002958,0.001225,0.002306
validation,30764,0,0.988615,0.006777,0.002842,0.001018,0.000748
validation,30765,0,0.880999,0.062035,0.033637,0.014339,0.008991
validation,30786,0,0.992342,0.002275,0.004979,0.000255,0.000149
validation,30803,0,0.884034,0.028308,0.026667,0.015978,0.045013
validation,30804,0,0.883555,0.048218,0.039356,0.009115,0.019757
validation,30810,0,0.990985,0.004209,0.00347,0.000745,0.000591
validation,30825,0,0.854817,0.073635,0.015281,0.026256,0.030011
validation,30827,0,0.566832,0.113505,0.185373,0.089413,0.044877
validation,30846,0,0.13217,0.138165,0.450986,0.089573,0.189106
validation,30853,0,0.869829,0.03305,0.062638,0.009005,0.025478
validation,30857,0,3.8e-05,2.5e-05,9e-06,4e-06,0.999925
validation,30858,0,0.93734,0.037923,0.013862,0.003971,0.006905
validation,30866,0,0.889472,0.023624,0.012885,0.003032,0.070986
validation,30869,0,0.936995,0.015592,0.026105,0.005348,0.01596
validation,30875,0,0.998881,0.000549,0.000276,0.000167,0.000128
validation,30876,0,0.77106,0.025899,0.018842,0.007414,0.176786
validation,30884,0,0.853351,0.101605,0.023311,0.005491,0.016242
validation,30888,0,0.846773,0.048107,0.016429,0.035438,0.053253
validation,30890,0,0.923666,0.012257,0.018561,0.005469,0.040047
validation,30900,0,0.138765,0.108044,0.031162,0.131316,0.590714
validation,30906,0,0.35333,0.207162,0.350687,0.02941,0.059412
validation,30908,0,0.000336,9e-06,0.00082,1e-06,0.998833
validation,30911,0,0.00016,2.3e-05,2.4e-05,5e-06,0.999788
validation,30916,0,0.186237,0.396974,0.112238,0.124469,0.180081
validation,30923,0,0.653803,0.330332,0.007775,0.002907,0.005184
validation,30928,0,0.90868,0.046768,0.023562,0.006805,0.014185
validation,30932,0,0.240733,0.023673,0.00317,0.0013,0.731124
validation,30938,0,0.900842,0.038767,0.011991,0.021691,0.026709
validation,30939,0,0.932529,0.035441,0.008407,0.004423,0.019201
validation,30941,0,0.930847,0.036088,0.01482,0.003748,0.014497
validation,30950,0,0.538617,0.172675,0.089194,0.118923,0.080591
validation,30959,0,0.556081,0.071077,0.04777,0.288102,0.03697
validation,30961,0,0.92373,0.033654,0.024446,0.002674,0.015497
validation,30962,0,0.652469,0.103478,0.100417,0.026713,0.116924
validation,30963,0,0.273444,0.017627,0.023452,0.010204,0.675273
validation,30965,0,0.788432,0.175018,0.019364,0.004249,0.012937
validation,30973,0,0.830168,0.062297,0.075059,0.017026,0.015448
validation,31008,0,0.97565,0.009911,0.008886,0.000952,0.004601
validation,31017,0,0.979151,0.009833,0.007904,0.000809,0.002302
validation,31034,0,0.91925,0.03586,0.028433,0.003241,0.013216
validation,31035,0,0.449167,0.050581,0.054681,0.172532,0.273038
validation,31042,0,0.966909,0.015743,0.010494,0.001902,0.004951
validation,31044,0,0.965316,0.015525,0.012479,0.001276,0.005404
validation,31059,0,0.939619,0.020462,0.025278,0.003431,0.01121
validation,31069,1,0.772355,0.027821,0.025808,0.015859,0.158156
validation,31072,0,0.928363,0.027596,0.021972,0.01624,0.00583
validation,31081,0,0.514446,0.19082,0.092462,0.055906,0.146365
validation,31091,0,0.992551,0.005526,0.000955,0.000352,0.000617
validation,31097,0,0.886691,0.095934,0.007081,0.001367,0.008927
validation,31100,0,0.776147,0.042255,0.020313,0.121353,0.039932
validation,31107,0,0.364253,0.176471,0.190051,0.15728,0.111945
validation,31113,0,0.228342,0.048533,0.455557,0.017277,0.250291
validation,31115,0,0.939635,0.027119,0.01021,0.012399,0.010637
validation,31120,0,0.936354,0.024197,0.008645,0.006438,0.024366
validation,31124,0,0.993813,0.002185,0.001256,0.002038,0.000707
validation,31127,0,0.945653,0.017959,0.008028,0.007392,0.020969
validation,31128,0,0.82876,0.121547,0.027104,0.007038,0.015551
validation,31131,0,0.320754,0.219494,0.191776,0.05397,0.214006
validation,31135,0,0.972322,0.016353,0.005595,0.003008,0.002722
validation,31139,0,0.936353,0.024744,0.017358,0.003997,0.017548
validation,31140,0,0.910951,0.034912,0.012537,0.034642,0.006958
validation,31150,0,0.914464,0.035304,0.036631,0.002068,0.011533
validation,31169,0,0.736668,0.023406,0.035257,0.002762,0.201907
validation,31171,0,0.748481,0.048716,0.071466,0.00996,0.121377
validation,31173,0,0.916787,0.027439,0.004489,0.012739,0.038546
validation,31179,0,0.969559,0.011855,0.003844,0.001812,0.01293
validation,31180,0,0.933889,0.044215,0.010703,0.004845,0.006349
validation,31195,0,2.1e-05,1.5e-05,7e-06,2e-06,0.999955
validation,31198,0,0.853175,0.041982,0.042874,0.010156,0.051813
validation,31201,0,0.966791,0.017572,0.010222,0.001954,0.003461
validation,31204,0,0.964846,0.010578,0.00583,0.00323,0.015516
validation,31234,0,0.98374,0.008486,0.004245,0.001348,0.002181
validation,31239,0,0.973267,0.022205,0.002515,0.001353,0.00066
validation,31242,0,0.982917,0.009299,0.003936,0.000632,0.003216
validation,31246,0,0.667036,0.036265,0.221422,0.006328,0.06895
validation,31251,0,0.618669,0.253653,0.068903,0.031336,0.02744
validation,31261,0,0.977751,0.010849,0.007301,0.001728,0.00237
validation,31266,0,0.782324,0.03848,0.111466,0.044349,0.023382
validation,31271,0,0.947581,0.018296,0.011009,0.006189,0.016925
validation,31274,0,0.9581,0.024536,0.008935,0.002917,0.005512
validation,31279,0,0.637476,0.203646,0.030472,0.105847,0.022559
validation,31283,0,0.95616,0.013402,0.026088,0.001575,0.002775
validation,31284,0,0.809168,0.174771,0.005268,0.003596,0.007198
validation,31285,0,0.87599,0.033835,0.009268,0.009371,0.071536
validation,31305,0,0.963288,0.014045,0.010785,0.003786,0.008097
validation,31308,0,0.969493,0.020508,0.005659,0.00196,0.002381
validation,31317,0,0.884978,0.035619,0.013572,0.007258,0.058574
validation,31320,0,0.956948,0.018293,0.008293,0.0019,0.014565
validation,31325,0,0.96234,0.020118,0.009842,0.002392,0.005308
validation,31334,0,0.94537,0.02145,0.012098,0.00806,0.013022
validation,31337,0,0.994775,0.003359,0.000916,0.000464,0.000486
validation,31348,0,0.895791,0.050747,0.019377,0.008935,0.02515
validation,31359,0,0.485049,0.093258,0.248032,0.104379,0.069282
validation,31364,0,0.973171,0.016285,0.006027,0.00094,0.003577
validation,31366,0,0.289595,0.296183,0.129875,0.157971,0.126377
validation,31380,0,0.877605,0.068638,0.038838,0.009534,0.005386
validation,31398,0,0.96426,0.017821,0.007797,0.002845,0.007277
validation,31402,0,0.384632,0.011238,0.596173,0.002358,0.005599
validation,31405,0,0.789841,0.056786,0.065295,0.047935,0.040143
validation,31406,0,0.96057,0.015017,0.006478,0.003946,0.013988
validation,31407,0,0.85187,0.038426,0.023045,0.069595,0.017064
validation,31424,0,0.859611,0.049095,0.032924,0.003536,0.054834
validation,31429,0,0.850832,0.061215,0.056553,0.003426,0.027973
validation,31432,0,0.988386,0.006967,0.002808,0.000839,0.001
validation,31452,0,0.963423,0.02113,0.007321,0.006182,0.001943
validation,31459,0,0.984727,0.007707,0.004161,0.001995,0.00141
validation,31465,0,0.930955,0.026514,0.017595,0.014066,0.01087
validation,31469,0,0.158738,0.081077,0.026506,0.144392,0.589287
validation,31480,0,0.621668,0.115341,0.100668,0.024476,0.137847
validation,31488,0,0.981776,0.009717,0.003238,0.001027,0.004241
validation,31491,0,0.952574,0.017045,0.008031,0.002818,0.019533
validation,31495,0,0.973207,0.012385,0.0067,0.002107,0.005601
validation,31500,0,0.980927,0.009427,0.005886,0.002507,0.001254
validation,31501,0,0.80823,0.007393,0.179902,0.001142,0.003333
validation,31521,0,0.707406,0.13163,0.14786,0.003981,0.009122
validation,31529,0,0.582599,0.210991,0.052641,0.073634,0.080135
validation,31532,0,0.972792,0.017276,0.006858,0.001556,0.001518
validation,31542,0,0.988913,0.004861,0.001888,0.00241,0.001929
validation,31545,0,0.95532,0.01933,0.005006,0.001479,0.018864
validation,31555,0,0.924678,0.024706,0.01647,0.008269,0.025878
validation,31569,0,0.968378,0.009141,0.012081,0.003151,0.00725
validation,31575,0,0.996792,0.001428,0.000737,0.000441,0.000601
validation,31578,0,0.999044,0.000434,0.000336,0.000128,5.8e-05
validation,31580,0,0.76359,0.062092,0.167251,0.004772,0.002295
validation,31591,0,0.898401,0.049603,0.024741,0.017917,0.009338
validation,31593,0,0.796768,0.04287,0.113775,0.022006,0.024582
validation,31596,0,0.890123,0.047914,0.011233,0.025722,0.025008
validation,31610,0,0.972154,0.018303,0.004875,0.002558,0.00211
validation,31613,0,0.872759,0.060022,0.021799,0.011785,0.033635
validation,31615,0,0.934019,0.021111,0.002893,0.034278,0.007699
validation,31646,0,0.864444,0.047009,0.034398,0.018098,0.036052
validation,31647,0,0.856622,0.09958,0.019769,0.006552,0.017477
validation,31675,0,0.975937,0.012619,0.006006,0.001356,0.004082
validation,31681,0,0.922564,0.027471,0.009928,0.001521,0.038516
validation,31719,0,0.983571,0.008288,0.005103,0.002107,0.000931
validation,31736,0,0.956747,0.023448,0.009319,0.002087,0.008399
validation,31741,0,0.630515,0.015938,0.342879,0.005466,0.005202
validation,31743,0,0.905781,0.029684,0.029018,0.005854,0.029664
validation,31760,0,0.891506,0.032308,0.012585,0.048201,0.0154
validation,31771,0,0.930168,0.037912,0.014478,0.004148,0.013294
validation,31773,0,0.991628,0.001982,0.002728,0.001728,0.001934
validation,31774,0,0.896045,0.027213,0.03227,0.009553,0.034918
validation,31775,0,0.497543,0.159689,0.27942,0.025214,0.038134
validation,31777,0,0.986372,0.00651,0.002604,0.001364,0.003151
validation,31795,0,0.975716,0.019717,0.002523,0.00122,0.000823
validation,31798,0,0.676703,0.013586,0.004867,0.30103,0.003813
validation,31802,0,0.974267,0.015395,0.00588,0.001804,0.002655
validation,31803,0,0.786071,0.037814,0.099596,0.060848,0.015671
validation,31804,0,0.980494,0.00978,0.004056,0.001748,0.003921
validation,31820,0,0.661869,0.07896,0.162494,0.063765,0.032912
validation,31826,0,0.985275,0.004566,0.005882,0.002881,0.001396
validation,31828,0,0.951032,0.018287,0.010556,0.008894,0.011231
validation,31863,0,0.460901,0.030515,0.430517,0.00424,0.073826
validation,31865,0,0.979738,0.008725,0.006918,0.002341,0.002277
validation,31877,0,0.892181,0.008758,0.09457,0.001036,0.003456
validation,31878,0,0.984779,0.005889,0.004029,0.002517,0.002786
validation,31879,0,0.982076,0.010666,0.003744,0.00099,0.002525
validation,31880,0,0.979255,0.007176,0.009322,0.001382,0.002864
validation,31884,0,0.848242,0.045114,0.04735,0.02393,0.035364
validation,31901,0,0.985483,0.006594,0.004932,0.001101,0.00189
validation,31903,0,0.952521,0.031368,0.011894,0.001195,0.003022
validation,31911,0,0.912192,0.026014,0.018152,0.011426,0.032216
validation,31915,0,0.924282,0.038283,0.017904,0.009315,0.010215
validation,31926,0,0.957188,0.025075,0.014798,0.000903,0.002035
validation,31935,0,0.976079,0.008401,0.00764,0.003034,0.004845
validation,31956,0,0.955319,0.028048,0.008174,0.002751,0.00571
validation,31961,0,0.973619,0.011106,0.005351,0.003213,0.006711
validation,31963,0,0.908577,0.026182,0.033745,0.022931,0.008566
validation,31970,0,0.902733,0.017872,0.071508,0.003462,0.004425
validation,31973,0,0.843521,0.014205,0.122185,0.012387,0.007702
validation,31981,0,0.981674,0.007983,0.003769,0.00131,0.005264
validation,31984,0,0.940489,0.009115,0.009646,0.001921,0.038829
validation,31995,0,0.837451,0.037724,0.073161,0.026752,0.024912
validation,32001,0,0.906817,0.034138,0.02753,0.007814,0.023701
validation,32006,0,0.910609,0.085522,0.002128,0.000441,0.0013
validation,32014,0,0.94623,0.019097,0.014817,0.014991,0.004864
validation,32025,0,0.905036,0.042896,0.015272,0.009892,0.026904
validation,32028,0,0.656738,0.098156,0.035734,0.08268,0.126693
validation,32030,0,0.862352,0.130696,0.004274,0.001178,0.0015
validation,32038,0,0.983267,0.008469,0.002459,0.001473,0.004332
validation,32048,0,0.359601,0.256047,0.260653,0.05389,0.069809
validation,32059,0,0.879966,0.080119,0.015662,0.011721,0.012532
validation,32062,0,0.932616,0.035404,0.020585,0.004641,0.006753
validation,32064,0,0.869342,0.078405,0.022214,0.002401,0.027638
validation,32066,0,0.705902,0.035529,0.237469,0.008065,0.013035
validation,32067,0,0.988216,0.005939,0.003442,0.001309,0.001094
validation,32068,0,0.662255,0.062215,0.232966,0.012678,0.029887
validation,32070,0,0.552869,0.137708,0.102217,0.023473,0.183733
validation,32073,0,0.749037,0.109344,0.0404,0.039289,0.06193
validation,32078,0,0.821114,0.087853,0.035829,0.037541,0.017663
validation,32085,0,0.997679,0.00153,0.000425,0.00016,0.000206
validation,32089,0,0.52916,0.030148,0.326307,0.099557,0.014828
validation,32091,3,0.9376,0.016888,0.033168,0.004084,0.00826
validation,32094,0,0.83423,0.071964,0.015204,0.061028,0.017574
validation,32098,0,0.980146,0.008357,0.006288,0.002062,0.003147
validation,32112,0,0.987232,0.006571,0.002687,0.001104,0.002406
validation,32119,0,0.987003,0.008991,0.002211,0.000662,0.001133
validation,32133,0,0.762101,0.014905,0.170085,0.003138,0.049771
validation,32165,0,0.934611,0.018522,0.006603,0.003078,0.037186
validation,32184,3,0.889034,0.032938,0.013469,0.011444,0.053115
validation,32193,0,0.953984,0.023248,0.008793,0.005031,0.008944
validation,32203,0,0.920997,0.039276,0.024872,0.00412,0.010735
validation,32224,0,0.98134,0.007611,0.004822,0.000773,0.005454
validation,32229,0,0.981495,0.007457,0.003232,0.001029,0.006788
validation,32239,0,0.124936,0.127892,0.122716,0.421963,0.202493
validation,32240,0,0.981898,0.012531,0.003016,0.001093,0.001462
validation,32247,0,0.977571,0.011612,0.004803,0.000998,0.005016
validation,32256,0,0.985568,0.00751,0.00411,0.001421,0.00139
validation,32257,0,0.993096,0.002878,0.002905,0.000794,0.000327
validation,32262,0,0.817862,0.095935,0.047742,0.006826,0.031636
validation,32278,0,0.832983,0.050277,0.048634,0.032849,0.035257
validation,32289,0,0.905591,0.041599,0.023751,0.015449,0.013611
validation,32296,0,0.971554,0.020552,0.005225,0.001178,0.001491
validation,32298,0,0.965783,0.014243,0.007748,0.001416,0.010809
validation,32338,0,0.990366,0.004152,0.003119,0.001782,0.00058
validation,32341,0,0.933234,0.03494,0.022767,0.00162,0.007439
validation,32352,0,0.933836,0.046242,0.013852,0.003232,0.002837
validation,32395,0,0.851431,0.050894,0.049273,0.021109,0.027292
validation,32397,0,0.241246,0.536875,0.053152,0.086991,0.081736
validation,32398,0,0.972587,0.008404,0.002349,0.001977,0.014683
validation,32399,0,0.96357,0.014086,0.005579,0.011329,0.005435
validation,32401,0,0.905185,0.023084,0.045846,0.008721,0.017164
validation,32404,0,0.983223,0.009067,0.0037,0.001771,0.002238
validation,32406,0,0.972902,0.012982,0.009719,0.001699,0.002698
validation,32413,0,0.978022,0.006873,0.011768,0.001407,0.00193
validation,32421,0,0.500005,0.031097,0.442607,0.003694,0.022598
validation,32429,0,0.897014,0.040388,0.029894,0.006755,0.025949
validation,32443,0,0.919868,0.02053,0.034187,0.00723,0.018185
validation,32444,0,0.955619,0.015986,0.01692,0.002246,0.009229
validation,32450,0,0.12063,0.146137,0.686878,0.016328,0.030028
validation,32455,0,0.945145,0.027008,0.017305,0.002121,0.008421
validation,32483,0,0.971235,0.018191,0.001187,0.000208,0.009178
validation,32485,0,0.880122,0.027269,0.036254,0.011055,0.0453
validation,32486,0,0.960809,0.011278,0.00591,0.001319,0.020684
validation,32495,0,0.981678,0.009849,0.004044,0.002544,0.001885
validation,32510,0,0.994117,0.002966,0.002052,0.000396,0.000468
validation,32511,0,0.90528,0.03058,0.014448,0.006485,0.043207
validation,32518,0,0.966854,0.02043,0.002806,0.000778,0.009132
validation,32523,0,0.882647,0.049834,0.020779,0.00375,0.042991
validation,32527,0,0.962018,0.025277,0.007411,0.001695,0.003599
validation,32535,0,0.968673,0.025577,0.003281,0.001007,0.001462
validation,32536,0,0.948595,0.020199,0.022044,0.005477,0.003684
validation,32544,0,0.976096,0.010949,0.00852,0.001431,0.003004
validation,32548,0,0.9588,0.004246,0.03127,0.003582,0.002101
validation,32569,0,0.966048,0.011457,0.016755,0.003236,0.002503
validation,32572,0,0.980662,0.01462,0.001769,0.001319,0.001629
validation,32587,0,0.966954,0.014746,0.010439,0.002616,0.005246
validation,32590,0,0.927161,0.047511,0.016055,0.003696,0.005576
validation,32614,0,0.915661,0.030466,0.024874,0.005191,0.023808
validation,32616,0,0.962276,0.015047,0.015269,0.002569,0.00484
validation,32623,0,0.977732,0.010729,0.006246,0.003654,0.001639
validation,32629,0,0.996177,0.001695,0.001308,0.000453,0.000366
validation,32640,0,0.985709,0.00923,0.004112,0.000318,0.000632
validation,32646,0,0.935909,0.015078,0.042065,0.002853,0.004095
validation,32648,0,0.967666,0.026278,0.00338,0.00122,0.001456
validation,32663,0,0.33287,0.061247,0.550235,0.036183,0.019465
validation,32680,0,0.990882,0.005707,0.001605,0.000479,0.001327
validation,32684,0,0.961826,0.017166,0.012699,0.00167,0.00664
validation,32686,0,0.921127,0.02695,0.030862,0.004281,0.01678
validation,32690,0,0.982054,0.010061,0.002926,0.002257,0.002703
validation,32691,0,0.921395,0.052895,0.014134,0.005659,0.005916
validation,32696,0,0.543076,0.02227,0.41496,0.001519,0.018176
validation,32697,0,0.985077,0.008026,0.004639,0.00119,0.001069
validation,32699,0,0.922014,0.035012,0.019595,0.018927,0.004452
validation,32705,0,0.969221,0.013191,0.010222,0.001582,0.005784
validation,32710,0,0.514437,0.010178,0.4426,0.001295,0.03149
validation,32718,0,0.957909,0.017756,0.005525,0.002771,0.016039
validation,32722,0,0.988762,0.006568,0.000286,0.000504,0.00388
validation,32730,0,0.975211,0.0197,0.002206,0.001749,0.001135
validation,32734,0,0.981142,0.005657,0.010668,0.000549,0.001984
validation,32741,0,0.955148,0.019508,0.011016,0.009388,0.004941
validation,32753,0,0.866695,0.02903,0.022098,0.018272,0.063904
validation,32765,0,0.98859,0.005074,0.003861,0.001603,0.000872
validation,32770,0,0.960324,0.010909,0.025229,0.001983,0.001556
validation,32771,0,0.067868,0.022729,0.008234,0.889478,0.011691
validation,32773,0,0.801922,0.0619,0.041655,0.009973,0.08455
validation,32782,0,0.9237,0.035155,0.025163,0.008423,0.007559
validation,32787,0,0.906468,0.015176,0.022972,0.005804,0.049581
validation,32793,0,0.649105,0.028028,0.009672,0.299716,0.01348
validation,32805,0,0.873803,0.0096,0.01367,0.080916,0.022012
validation,32817,0,0.917073,0.016421,0.020228,0.004659,0.041619
validation,32818,0,0.977108,0.006519,0.008382,0.003414,0.004577
validation,32820,0,0.970768,0.008236,0.01001,0.002918,0.008068
validation,32828,0,0.971653,0.015235,0.003714,0.004044,0.005354
validation,32829,0,0.929859,0.042375,0.017448,0.004889,0.005429
validation,32833,0,0.527929,0.035831,0.405556,0.004594,0.026091
validation,32867,0,0.973817,0.012551,0.010305,0.001336,0.001991
validation,32874,0,0.335655,0.044806,0.078941,0.007902,0.532697
validation,32875,0,0.637128,0.032831,0.02204,0.012555,0.295446
validation,32886,0,0.888875,0.014079,0.042162,0.022622,0.032262
validation,32887,0,0.86609,0.037415,0.047584,0.031717,0.017194
validation,32888,0,0.942178,0.028798,0.024994,0.000607,0.003422
validation,32893,0,0.652228,0.037136,0.053829,0.040539,0.216268
validation,32896,0,0.885738,0.020528,0.023557,0.003766,0.06641
validation,32897,0,0.959869,0.00922,0.026382,0.002264,0.002265
validation,32903,0,0.937803,0.009049,0.006971,0.003364,0.042813
validation,32905,0,0.967286,0.01208,0.016856,0.001236,0.002543
validation,32909,0,0.948471,0.013673,0.015117,0.003783,0.018956
validation,32922,0,0.972122,0.010767,0.007919,0.004752,0.00444
validation,32924,0,0.700363,0.023702,0.026487,0.005676,0.243772
validation,32925,0,0.98176,0.011455,0.004432,0.001032,0.001321
validation,32931,0,0.775742,0.016208,0.023062,0.009644,0.175344
validation,32941,0,0.766098,0.019901,0.051209,0.016627,0.146165
validation,32944,0,0.991969,0.003988,0.001452,0.000789,0.001802
validation,32947,0,0.339239,0.078343,0.126488,0.029814,0.426116
validation,32949,0,0.5156,0.006402,0.009111,0.464925,0.003961
validation,32951,0,0.958843,0.00793,0.006961,0.013992,0.012274
validation,32957,0,0.963299,0.006255,0.008089,0.001696,0.020662
validation,32958,0,0.000891,0.000259,0.000784,0.000108,0.997958
validation,32972,0,0.980175,0.013902,0.004682,0.000496,0.000744
validation,32979,0,0.934028,0.036219,0.011442,0.008666,0.009646
validation,32998,0,0.767805,0.047875,0.01336,0.009921,0.161039
validation,33002,0,0.911968,0.018095,0.046214,0.005405,0.018318
validation,33011,0,0.987907,0.005734,0.004042,0.001223,0.001094
validation,33018,0,0.876793,0.024944,0.0652,0.005102,0.02796
validation,33022,0,0.820727,0.028651,0.074267,0.066942,0.009414
validation,33044,0,0.766513,0.035268,0.053325,0.019207,0.125687
validation,33053,0,0.88298,0.042105,0.044886,0.002877,0.027152
validation,33060,0,0.960674,0.012525,0.016365,0.005258,0.005178
validation,33062,0,0.978593,0.008086,0.003632,0.003334,0.006355
validation,33075,0,0.039393,0.002936,0.042893,0.000605,0.914173
validation,33082,0,0.962469,0.013824,0.006647,0.001975,0.015085
validation,33083,0,0.967629,0.016128,0.009433,0.001594,0.005216
validation,33091,0,0.990045,0.004382,0.0021,0.001906,0.001567
validation,33094,0,0.987813,0.006775,0.004334,0.000369,0.000709
validation,33103,0,0.9702,0.008765,0.005144,0.005178,0.010713
validation,33112,0,0.84557,0.016533,0.045187,0.003027,0.089683
validation,33113,0,0.970986,0.010356,0.014593,0.002281,0.001783
validation,33116,3,0.548827,0.044863,0.192424,0.017752,0.196134
validation,33131,0,0.884399,0.033221,0.01966,0.005286,0.057435
validation,33141,0,0.986808,0.006573,0.003387,0.001352,0.00188
validation,33142,0,0.992166,0.003726,0.001774,0.000981,0.001353
validation,33143,0,0.942837,0.02029,0.011508,0.011045,0.014319
validation,33172,0,0.991654,0.006391,0.000944,0.0005,0.00051
validation,33179,0,0.960874,0.029571,0.004493,0.001294,0.003768
validation,33189,0,0.950133,0.017505,0.005055,0.002751,0.024556
validation,33194,0,0.910572,0.041918,0.023359,0.005551,0.0186
validation,33206,0,0.457806,0.012041,0.009496,0.003141,0.517516
validation,33207,0,0.986385,0.007093,0.002966,0.001548,0.002007
validation,33212,0,0.849805,0.079522,0.017823,0.00346,0.049389
validation,33219,0,0.973619,0.015757,0.005414,0.002995,0.002215
validation,33220,0,0.941276,0.011972,0.037427,0.00339,0.005935
validation,33236,0,0.935843,0.025109,0.011471,0.01608,0.011496
validation,33242,0,0.996177,0.001822,0.000672,0.001219,0.000111
validation,33245,0,0.951638,0.027086,0.00983,0.007923,0.003523
validation,33246,0,0.975763,0.007803,0.010429,0.001758,0.004247
validation,33248,0,0.864466,0.030506,0.018592,0.004789,0.081647
validation,33264,0,0.713212,0.022221,0.242742,0.010221,0.011604
validation,33272,0,0.894245,0.0221,0.030552,0.007874,0.045229
validation,33274,0,0.979645,0.014846,0.003086,0.000955,0.001468
validation,33276,0,0.958464,0.009519,0.027702,0.001399,0.002916
validation,33303,0,0.515317,0.211332,0.00753,0.018725,0.247096
validation,33306,0,0.968619,0.00972,0.005291,0.002381,0.013988
validation,33307,0,0.83105,0.013115,0.021113,0.002891,0.13183
validation,33313,0,0.959368,0.007125,0.025295,0.002673,0.005539
validation,33317,0,0.988599,0.002573,0.003625,0.000546,0.004658
validation,33334,0,0.477828,0.031338,0.444715,0.03062,0.015499
validation,33350,0,0.973335,0.007828,0.009351,0.006162,0.003325
validation,33351,0,0.55909,0.042311,0.090799,0.007275,0.300524
validation,33376,0,0.987444,0.008471,0.001513,0.001639,0.000933
validation,33383,0,0.946686,0.01988,0.019047,0.002808,0.011579
validation,33392,0,0.938333,0.019295,0.022961,0.005382,0.014029
validation,33394,0,0.958026,0.013247,0.010886,0.007842,0.01
validation,33412,0,0.978872,0.009529,0.002602,0.00192,0.007077
validation,33416,0,0.973432,0.010662,0.00982,0.002278,0.003808
validation,33419,0,0.967459,0.006163,0.01625,0.0014,0.008728
validation,33429,0,0.995939,0.002602,0.000902,0.000173,0.000384
validation,33435,0,0.888358,0.041067,0.020142,0.011082,0.039352
validation,33439,0,0.974942,0.010669,0.009223,0.001704,0.003463
validation,33446,0,0.737278,0.056784,0.01727,0.031388,0.157279
validation,33456,0,0.288329,0.016668,0.006873,0.009702,0.678428
validation,33463,0,0.798753,0.041946,0.074332,0.059232,0.025736
validation,33466,0,0.913704,0.048091,0.027115,0.002994,0.008096
validation,33470,0,0.922219,0.018318,0.046819,0.005103,0.007541
validation,33478,0,0.887178,0.027596,0.011609,0.034852,0.038765
validation,33483,0,0.85738,0.069365,0.026716,0.012835,0.033704
validation,33487,0,0.987836,0.0063,0.002587,0.001186,0.00209
validation,33489,0,0.998371,0.000946,0.000542,8.7e-05,5.4e-05
validation,33491,0,0.964815,0.016126,0.013926,0.001069,0.004064
validation,33498,0,0.997114,0.002058,0.000476,0.000195,0.000157
validation,33508,0,0.995374,0.004049,0.00019,9.4e-05,0.000293
validation,33526,0,0.682532,0.080842,0.030171,0.00453,0.201926
validation,33527,0,0.873122,0.054706,0.015993,0.003781,0.052399
validation,33533,0,0.918619,0.021532,0.044881,0.006103,0.008865
validation,33538,0,0.937023,0.030506,0.007994,0.002117,0.02236
validation,33550,0,0.498784,0.057978,0.01137,0.008418,0.423451
validation,33561,0,0.995815,0.004062,4.1e-05,3.9e-05,4.3e-05
validation,33572,0,0.941445,0.03534,0.016752,0.00179,0.004672
validation,33579,0,0.879627,0.084328,0.017003,0.013378,0.005664
validation,33596,0,0.956262,0.024808,0.010748,0.00192,0.006262
validation,33601,0,0.985763,0.005306,0.003429,0.002185,0.003317
validation,33605,0,0.975655,0.010245,0.006534,0.002259,0.005306
validation,33612,0,0.985462,0.006283,0.006065,0.00132,0.000871
validation,33625,0,0.994235,0.002011,0.000752,0.002788,0.000214
test,1,0,0.79883,0.07788,0.052064,0.041988,0.029239
test,6,0,0.946268,0.036331,0.00517,0.002635,0.009596
test,7,0,0.982653,0.003914,0.006717,0.004672,0.002044
test,9,0,0.967646,0.01025,0.010292,0.007899,0.003913
test,11,0,0.961487,0.015406,0.016041,0.003386,0.003679
test,12,0,0.979253,0.01378,0.00368,0.001666,0.001622
test,19,0,0.887283,0.033791,0.026262,0.029744,0.02292
test,20,0,0.964136,0.018918,0.010464,0.003403,0.003079
test,21,0,0.965467,0.010562,0.007831,0.007914,0.008225
test,24,0,0.9895,0.006035,0.000499,0.000384,0.003584
test,34,0,0.976732,0.012621,0.004898,0.00319,0.00256
test,46,0,0.839744,0.028527,0.012725,0.012753,0.106251
test,60,0,0.79081,0.055956,0.073436,0.037164,0.042634
test,62,0,0.903773,0.024916,0.022353,0.012676,0.036282
test,66,0,0.930038,0.014624,0.020679,0.010967,0.023693
test,74,0,0.931578,0.012727,0.011682,0.034406,0.009606
test,77,0,0.95802,0.009973,0.013725,0.010024,0.008258
test,97,0,0.92897,0.025675,0.011774,0.01326,0.020321
test,98,0,4.1e-05,3e-06,2e-06,0.9999,5.4e-05
test,129,0,0.984912,0.006941,0.002189,0.00257,0.003388
test,133,0,0.972926,0.011477,0.005015,0.004427,0.006155
test,137,0,0.882146,0.04875,0.036067,0.02098,0.012057
test,145,0,0.98636,0.00543,0.004774,0.00191,0.001526
test,157,0,0.943761,0.035352,0.007483,0.008204,0.005201
test,158,0,0.993348,0.00266,0.002595,0.000839,0.000558
test,166,0,0.948567,0.020347,0.0226,0.003906,0.00458
test,173,0,0.944771,0.01593,0.025746,0.003994,0.009559
test,174,0,0.927866,0.052369,0.009261,0.00376,0.006743
test,176,0,0.900272,0.024301,0.042985,0.008613,0.023829
test,181,0,0.967756,0.017338,0.007968,0.00335,0.003588
test,182,0,0.564513,0.062106,0.331193,0.020117,0.022071
test,192,0,0.809097,0.059384,0.099189,0.0087,0.02363
test,196,0,0.98916,0.003931,0.003541,0.001676,0.001692
test,198,0,0.994178,0.00461,0.000779,0.000235,0.000198
test,201,0,0.818047,0.078255,0.08087,0.012908,0.00992
test,221,0,0.993745,0.003084,0.001165,0.001274,0.000732
test,225,0,0.966529,0.014082,0.005644,0.005207,0.008538
test,227,0,0.959234,0.016156,0.012953,0.004187,0.007469
test,232,0,0.910294,0.039299,0.018256,0.027607,0.004544
test,235,0,0.958102,0.013397,0.014422,0.004838,0.009241
test,238,0,0.811004,0.084244,0.027158,0.047836,0.029759
test,248,0,0.968221,0.015509,0.010205,0.002134,0.003932
test,250,0,0.954697,0.023282,0.010763,0.004463,0.006795
test,251,0,0.827221,0.007984,0.017707,0.112477,0.034611
test,256,0,0.987495,0.005235,0.004322,0.001441,0.001507
test,268,0,0.992626,0.001518,0.005048,0.000487,0.00032
test,286,0,0.98325,0.006727,0.004651,0.002234,0.003138
test,299,0,0.954835,0.018264,0.011046,0.00637,0.009485
test,302,0,0.814319,0.079077,0.051359,0.016028,0.039217
test,309,0,0.992566,0.005374,0.00097,0.000721,0.000369
test,315,0,0.978588,0.008802,0.006349,0.001254,0.005007
test,317,0,0.988674,0.003883,0.00284,0.002593,0.002009
test,331,0,0.988188,0.004685,0.00368,0.001497,0.00195
test,333,0,0.935702,0.038916,0.01085,0.006696,0.007836
test,344,0,0.981485,0.006328,0.008169,0.00212,0.001898
test,345,0,0.959769,0.012763,0.01747,0.005078,0.00492
test,363,0,0.95278,0.015579,0.016557,0.005986,0.009098
test,364,0,0.935938,0.014113,0.02913,0.002846,0.017973
test,377,0,0.977314,0.006376,0.007075,0.002989,0.006247
test,387,0,0.855169,0.009315,0.131517,0.002177,0.001822
test,398,0,0.989192,0.009651,0.000349,9.5e-05,0.000714
test,400,0,0.98329,0.00678,0.005493,0.001632,0.002806
test,403,0,0.704154,0.270836,0.016807,0.003046,0.005158
test,411,0,0.89324,0.013937,0.010691,0.00477,0.077361
test,414,0,0.94408,0.015818,0.015748,0.014057,0.010296
test,417,0,0.95088,0.017508,0.011999,0.009962,0.00965
test,420,0,0.975923,0.006287,0.010144,0.003763,0.003883
test,422,0,0.963349,0.012569,0.010882,0.006822,0.006378
test,435,0,0.977504,0.004375,0.016019,0.000737,0.001365
test,448,0,0.916347,0.020772,0.017982,0.007411,0.037487
test,449,0,0.929189,0.013477,0.025963,0.005806,0.025565
test,450,0,0.720433,0.013143,0.031773,0.014884,0.219768
test,462,0,0.83051,0.026395,0.034483,0.033393,0.075218
test,468,0,0.988005,0.004113,0.002561,0.001027,0.004294
test,470,0,0.94489,0.019975,0.009349,0.02009,0.005696
test,473,0,0.74222,0.08515,0.064402,0.058682,0.049545
test,483,0,0.953349,0.033676,0.00672,0.003458,0.002796
test,487,0,0.961602,0.021858,0.01012,0.003263,0.003157
test,493,0,0.996296,0.001667,0.000854,0.00031,0.000873
test,496,0,0.976028,0.008913,0.00496,0.003799,0.0063
test,500,0,0.991462,0.003463,0.002472,0.001126,0.001477
test,515,0,0.972589,0.006842,0.006261,0.002045,0.012264
test,518,0,0.912481,0.036738,0.020437,0.004303,0.026041
test,520,0,0.96517,0.014303,0.014236,0.002226,0.004066
test,521,0,0.946981,0.023182,0.026175,0.001961,0.001701
test,527,0,0.927881,0.016984,0.047415,0.003815,0.003905
test,542,0,0.987648,0.006375,0.003412,0.000974,0.00159
test,543,0,0.856562,0.02907,0.019194,0.024836,0.070338
test,544,0,0.892632,0.026363,0.042749,0.014405,0.023852
test,547,0,0.919296,0.013871,0.016439,0.034107,0.016287
test,554,0,0.943838,0.029316,0.017754,0.004837,0.004256
test,566,0,0.994496,0.004111,0.000751,0.000391,0.000252
test,575,0,0.939639,0.011873,0.017934,0.022938,0.007616
test,587,0,0.965763,0.008909,0.006295,0.002881,0.016152
test,591,0,0.583199,0.073813,0.313516,0.020025,0.009448
test,610,0,0.903097,0.031371,0.031163,0.020869,0.0135
test,611,0,0.297013,0.037582,0.053729,0.597234,0.014441
test,618,0,0.998602,0.000804,0.000456,9.1e-05,4.7e-05
test,624,0,0.93175,0.019723,0.008433,0.003615,0.036478
test,635,0,0.968335,0.013364,0.006618,0.003534,0.008149
test,639,0,0.985296,0.009794,0.00225,0.000838,0.001822
test,650,0,0.989229,0.004758,0.002348,0.003116,0.000549
test,653,0,0.895381,0.031344,0.026909,0.031836,0.014529
test,658,0,0.956972,0.017244,0.016398,0.004819,0.004568
test,662,0,0.954185,0.011353,0.021075,0.003956,0.009431
test,663,0,0.961325,0.01566,0.008246,0.003048,0.011721
test,666,0,0.981848,0.004999,0.003451,0.005259,0.004443
test,670,0,0.848338,0.056992,0.046605,0.014373,0.033693
test,674,0,0.967976,0.014923,0.008541,0.003145,0.005415
test,679,0,0.993765,0.00389,0.001065,0.000765,0.000516
test,681,0,0.970799,0.013414,0.008195,0.002596,0.004995
test,687,0,0.956479,0.015385,0.01076,0.006779,0.010597
test,700,0,0.887397,0.060066,0.02214,0.016847,0.01355
test,728,0,0.959036,0.011881,0.009856,0.006071,0.013157
test,761,0,0.798814,0.029231,0.012089,0.020475,0.139391
test,763,0,0.919534,0.040796,0.020791,0.004945,0.013934
test,764,0,0.981877,0.005416,0.004689,0.003356,0.004663
test,765,0,0.995043,0.002616,0.001129,0.000618,0.000594
test,766,0,0.923713,0.020454,0.027593,0.012023,0.016218
test,796,0,0.873032,0.024984,0.02416,0.007245,0.070579
test,802,0,0.951217,0.01236,0.007268,0.009046,0.02011
test,803,0,0.94855,0.015326,0.010648,0.015189,0.010288
test,809,0,0.990134,0.007306,0.001154,0.000841,0.000565
test,814,0,0.931779,0.020853,0.014517,0.008551,0.024299
test,818,0,0.970846,0.003195,0.002873,0.001701,0.021385
test,819,0,0.970027,0.005444,0.021458,0.001127,0.001945
test,829,0,0.989498,0.005884,0.002049,0.00161,0.000959
test,867,0,0.987421,0.003726,0.003757,0.001891,0.003205
test,871,0,0.93077,0.031015,0.019974,0.007919,0.010321
test,872,0,0.849416,0.103942,0.021038,0.019969,0.005636
test,876,0,0.960912,0.016463,0.010078,0.004294,0.008252
test,882,0,0.957433,0.01135,0.008334,0.004003,0.01888
test,891,0,0.990117,0.00749,0.001867,0.000223,0.000302
test,895,0,0.953246,0.016369,0.01927,0.004763,0.006352
test,902,0,0.97435,0.019637,0.003106,0.001068,0.001839
test,937,0,0.979377,0.006874,0.007251,0.002255,0.004242
test,941,0,0.961753,0.011607,0.018131,0.003738,0.004771
test,942,0,0.952826,0.015698,0.025498,0.002595,0.003382
test,944,0,0.89413,0.048354,0.046301,0.004475,0.006739
test,947,0,0.978953,0.005572,0.005565,0.003068,0.006841
test,954,0,0.958199,0.019495,0.012224,0.004775,0.005308
test,959,0,0.887068,0.024946,0.007093,0.040357,0.040537
test,986,0,0.927642,0.021506,0.02907,0.011972,0.00981
test,988,0,0.993191,0.004227,0.00131,0.000805,0.000468
test,992,0,0.96625,0.012837,0.007782,0.003845,0.009286
test,997,0,0.966204,0.012904,0.008612,0.005205,0.007076
test,999,0,0.986972,0.006774,0.0039,0.000933,0.001421
test,1000,0,0.967263,0.011538,0.006235,0.008983,0.005981
test,1002,0,0.763936,0.085588,0.051906,0.027502,0.071067
test,1004,0,0.96308,0.008119,0.007688,0.002548,0.018565
test,1005,0,0.950766,0.016837,0.011471,0.012498,0.008427
test,1011,3,0.967061,0.011522,0.008034,0.004367,0.009015
test,1025,0,0.754711,0.017728,0.016666,0.201882,0.009013
test,1040,0,0.970804,0.013976,0.005052,0.007458,0.002711
test,1041,0,0.976068,0.006697,0.006248,0.008057,0.00293
test,1043,0,0.882194,0.068981,0.020165,0.006414,0.022246
test,1061,0,0.979307,0.008575,0.007654,0.00215,0.002314
test,1069,0,0.673159,0.058898,0.129343,0.009023,0.129577
test,1073,0,0.951607,0.016577,0.014916,0.008729,0.008171
test,1085,0,0.98815,0.006405,0.003849,0.000583,0.001013
test,1087,0,0.914629,0.021513,0.009352,0.034778,0.019728
test,1100,0,0.96537,0.016566,0.006141,0.007133,0.004789
test,1129,0,0.991595,0.004635,0.001901,0.001255,0.000614
test,1131,0,0.957288,0.017581,0.016129,0.005931,0.00307
test,1138,0,0.984779,0.006227,0.002087,0.001586,0.00532
test,1144,0,0.986977,0.006481,0.002371,0.001298,0.002874
test,1148,0,0.943428,0.020053,0.009903,0.021642,0.004974
test,1150,0,0.825854,0.097171,0.051445,0.012313,0.013217
test,1156,3,0.965132,0.016973,0.007986,0.002968,0.00694
test,1161,0,0.941374,0.012722,0.012123,0.007848,0.025933
test,1165,0,0.989732,0.006589,0.001701,0.001422,0.000556
test,1187,0,0.892039,0.03655,0.02219,0.03467,0.014551
test,1199,0,0.965877,0.011147,0.016658,0.002355,0.003963
test,1205,0,0.9544,0.017097,0.011076,0.005202,0.012224
test,1208,0,0.904969,0.034997,0.030956,0.01523,0.013847
test,1212,0,0.939953,0.017951,0.010748,0.006405,0.024942
test,1215,0,0.931612,0.022606,0.019837,0.018148,0.007798
test,1217,0,0.916589,0.02262,0.031028,0.008374,0.021388
test,1218,0,0.959587,0.019655,0.006088,0.006094,0.008576
test,1228,0,0.758261,0.016075,0.016481,0.150116,0.059067
test,1236,3,0.992573,0.004137,0.001702,0.000982,0.000606
test,1260,0,0.97325,0.008864,0.009048,0.003251,0.005587
test,1268,0,0.97334,0.010492,0.004742,0.005878,0.005549
test,1272,0,0.940479,0.025838,0.01687,0.011901,0.004912
test,1277,0,0.990323,0.003653,0.002292,0.002133,0.001599
test,1279,0,0.992693,0.003913,0.001963,0.000537,0.000894
test,1294,0,0.939785,0.023466,0.01855,0.007129,0.01107
test,1297,0,0.992219,0.003171,0.001635,0.001283,0.001691
test,1315,0,0.89312,0.044808,0.03014,0.012023,0.019908
test,1333,0,0.984367,0.006979,0.004352,0.002355,0.001946
test,1334,0,0.969961,0.009086,0.005677,0.002538,0.012739
test,1336,0,0.95601,0.01449,0.017632,0.005119,0.006749
test,1337,0,0.85591,0.076144,0.023578,0.012774,0.031594
test,1346,0,0.982284,0.011671,0.003379,0.001104,0.001561
test,1349,0,0.96346,0.011815,0.011864,0.004541,0.008319
test,1350,0,0.874099,0.092835,0.016529,0.00899,0.007547
test,1382,0,0.922303,0.058765,0.007696,0.003531,0.007704
test,1390,0,0.960352,0.015974,0.01041,0.001775,0.011489
test,1407,0,0.983098,0.008284,0.004696,0.002464,0.001458
test,1412,0,0.96618,0.006661,0.02121,0.003427,0.002522
test,1419,0,0.98402,0.006768,0.003879,0.002455,0.002877
test,1426,0,0.971708,0.013428,0.009625,0.002184,0.003055
test,1428,0,0.539041,0.422742,0.012319,0.011971,0.013928
test,1430,1,0.92663,0.031659,0.020448,0.016272,0.004991
test,1434,0,0.98731,0.007067,0.002838,0.001104,0.001681
test,1436,0,0.985524,0.006263,0.004364,0.001699,0.002149
test,1441,0,0.97067,0.011693,0.012785,0.002759,0.002092
test,1456,0,0.961535,0.022354,0.008043,0.003152,0.004917
test,1458,0,0.96961,0.008071,0.013874,0.004764,0.003681
test,1483,0,0.880061,0.058354,0.016837,0.024165,0.020583
test,1488,0,0.971187,0.009317,0.01277,0.002101,0.004624
test,1492,0,0.788387,0.060059,0.018976,0.006711,0.125867
test,1495,0,0.996085,0.001591,0.000664,0.001046,0.000615
test,1500,0,0.964032,0.015365,0.010826,0.004549,0.005228
test,1501,0,0.961974,0.012094,0.013045,0.003572,0.009315
test,1502,4,0.950003,0.01202,0.013917,0.010128,0.013933
test,1503,0,0.968253,0.022918,0.005851,0.001437,0.001541
test,1507,0,0.993577,0.002836,0.001413,0.000831,0.001343
test,1509,0,0.892232,0.033154,0.037038,0.005867,0.031707
test,1522,0,0.001738,0.000168,2.5e-05,0.997986,8.2e-05
test,1525,0,0.939721,0.027284,0.009998,0.013335,0.009662
test,1526,0,0.985441,0.005724,0.003675,0.002154,0.003006
test,1530,0,0.987462,0.005766,0.003442,0.001383,0.001947
test,1531,0,0.957852,0.01555,0.009626,0.004586,0.012386
test,1533,0,0.991015,0.00395,0.002818,0.001053,0.001164
test,1541,0,0.956967,0.015552,0.014861,0.003005,0.009615
test,1542,0,0.974174,0.011479,0.012258,0.001077,0.001012
test,1549,0,0.98347,0.006756,0.004295,0.002127,0.003352
test,1564,0,0.979708,0.011314,0.006046,0.000922,0.002009
test,1570,0,0.989963,0.006277,0.001349,0.001683,0.000728
test,1571,0,0.972292,0.006159,0.015106,0.002925,0.003519
test,1586,0,0.980136,0.009133,0.006634,0.00207,0.002027
test,1591,0,0.988545,0.003951,0.003214,0.003056,0.001234
test,1597,0,0.985139,0.009056,0.002658,0.001596,0.00155
test,1598,0,0.977276,0.01091,0.005171,0.003424,0.003219
test,1600,0,0.914701,0.010117,0.064546,0.004551,0.006086
test,1605,0,0.881674,0.083071,0.01793,0.009789,0.007537
test,1606,0,0.980636,0.008666,0.006909,0.001012,0.002776
test,1616,0,0.968661,0.007985,0.012396,0.003306,0.007652
test,1618,0,0.994076,0.003185,0.001322,0.000364,0.001054
test,1622,0,0.974937,0.015346,0.005593,0.001903,0.002222
test,1634,0,0.89048,0.024417,0.008284,0.061916,0.014903
test,1639,0,0.983884,0.006012,0.005856,0.001691,0.002557
test,1641,0,0.739915,0.17434,0.048658,0.024597,0.012489
test,1642,0,0.872513,0.030657,0.022484,0.04758,0.026766
test,1663,0,0.978389,0.006154,0.005225,0.005745,0.004486
test,1665,0,0.900484,0.040581,0.030915,0.010664,0.017355
test,1670,0,0.601202,0.257451,0.072942,0.019328,0.049076
test,1673,4,0.932614,0.031269,0.00959,0.008281,0.018246
test,1675,0,0.959367,0.017789,0.011788,0.006447,0.004608
test,1677,0,0.954754,0.016991,0.015211,0.0074,0.005643
test,1679,0,0.983619,0.007347,0.002955,0.003418,0.002661
test,1681,0,0.975681,0.012459,0.005147,0.003124,0.003589
test,1690,0,0.99326,0.002907,0.001546,0.00065,0.001638
test,1697,0,0.986554,0.005643,0.004763,0.001727,0.001314
test,1707,0,0.920065,0.023042,0.018437,0.003633,0.034823
test,1708,0,0.500248,0.010799,0.00107,0.48507,0.002813
test,1720,0,0.751524,0.089208,0.037005,0.008494,0.11377
test,1731,0,0.965792,0.011021,0.009188,0.00913,0.004869
test,1746,0,0.988059,0.005726,0.003432,0.001442,0.001341
test,1753,0,0.923574,0.01837,0.011374,0.009437,0.037246
test,1755,0,0.912294,0.039914,0.014469,0.013849,0.019474
test,1767,0,0.98785,0.004725,0.004627,0.001278,0.00152
test,1771,0,0.983318,0.005053,0.002752,0.001535,0.007343
test,1774,0,0.974948,0.012994,0.006991,0.002248,0.002818
test,1781,0,0.958876,0.009227,0.003638,0.002756,0.025503
test,1790,0,0.915876,0.01926,0.010021,0.004419,0.050424
test,1791,0,0.968496,0.017317,0.008801,0.001876,0.00351
test,1820,0,0.910979,0.036284,0.03376,0.007624,0.011353
test,1824,0,0.86901,0.051144,0.029761,0.025587,0.024498
test,1839,0,0.946123,0.02043,0.019772,0.003087,0.010587
test,1842,0,0.973387,0.013814,0.006089,0.003505,0.003205
test,1843,0,0.990128,0.00699,0.001646,0.000525,0.000711
test,1846,0,0.880537,0.065202,0.024268,0.009094,0.0209
test,1862,0,0.996315,0.001971,0.000715,0.000483,0.000516
test,1864,0,0.02412,0.001005,0.000303,0.974199,0.000374
test,1871,0,0.978074,0.008644,0.004585,0.001898,0.006799
test,1884,0,0.963823,0.014534,0.009127,0.006693,0.005823
test,1890,0,0.973262,0.008273,0.009944,0.002845,0.005676
test,1891,3,0.774788,0.102695,0.04536,0.025949,0.051208
test,1895,0,0.980963,0.009028,0.004171,0.001262,0.004576
test,1899,0,0.649865,0.272882,0.05015,0.00624,0.020863
test,1901,0,0.958785,0.020598,0.010719,0.006654,0.003244
test,1903,0,0.961131,0.019386,0.009018,0.00722,0.003245
test,1907,3,0.977937,0.01819,0.002102,0.000741,0.00103
test,1909,0,0.937957,0.018385,0.013383,0.008855,0.02142
test,1923,0,0.355479,0.010584,0.003486,0.628327,0.002124
test,1933,0,0.99073,0.003408,0.002825,0.000602,0.002436
test,1937,0,0.908378,0.032637,0.032067,0.018128,0.00879
test,1941,0,0.924678,0.020195,0.022559,0.009516,0.023051
test,1948,0,0.99283,0.003892,0.001509,0.000987,0.000782
test,1951,0,0.966281,0.005273,0.01582,0.002437,0.010189
test,1954,0,0.991412,0.004468,0.002365,0.000766,0.00099
test,1959,0,0.963273,0.013342,0.006508,0.003173,0.013704
test,1983,0,0.971585,0.011077,0.007439,0.00283,0.007069
test,1986,0,0.981595,0.008049,0.005899,0.001805,0.002652
test,1991,0,0.900402,0.067308,0.012932,0.01222,0.007139
test,1995,0,0.726799,0.051044,0.024677,0.0123,0.185181
test,2001,0,0.098305,0.02523,0.00399,0.839484,0.032991
test,2008,0,0.990013,0.004063,0.004099,0.000993,0.000832
test,2011,0,0.95871,0.016988,0.011465,0.00666,0.006177
test,2019,0,0.932308,0.018136,0.014981,0.00434,0.030235
test,2021,0,0.955288,0.010012,0.009104,0.004435,0.021161
test,2025,0,0.984021,0.005562,0.003929,0.004174,0.002314
test,2033,0,0.980161,0.009435,0.00453,0.002646,0.003228
test,2042,0,0.935684,0.02422,0.016828,0.008233,0.015034
test,2054,0,0.96552,0.019006,0.008413,0.003112,0.003948
test,2058,0,0.924625,0.030989,0.019951,0.01439,0.010045
test,2072,0,0.988061,0.00939,0.002081,0.000106,0.000362
test,2073,0,0.976787,0.006403,0.00713,0.002707,0.006973
test,2076,0,0.958439,0.025265,0.007669,0.002851,0.005776
test,2080,0,0.992794,0.004428,0.001941,0.000599,0.000238
test,2081,0,0.978753,0.015574,0.004597,0.000488,0.000588
test,2082,0,0.937924,0.013564,0.032922,0.006837,0.008752
test,2084,2,0.985425,0.008625,0.002855,0.001861,0.001234
test,2086,0,0.983342,0.007042,0.004038,0.002061,0.003518
test,2090,0,0.995636,0.003386,0.000483,0.000293,0.000201
test,2096,0,0.990454,0.006432,0.001668,0.000662,0.000783
test,2098,0,0.961159,0.006499,0.016689,0.009641,0.006012
test,2100,0,0.993228,0.004386,0.001402,0.000526,0.000458
test,2106,0,0.966271,0.010495,0.009809,0.002348,0.011077
test,2117,0,0.997314,0.001558,0.000647,0.000271,0.00021
test,2124,0,0.947224,0.013065,0.012835,0.010607,0.016269
test,2125,0,0.641356,0.293537,0.026388,0.009385,0.029334
test,2138,4,0.981488,0.00744,0.004746,0.001467,0.00486
test,2158,0,0.978597,0.013686,0.005603,0.000855,0.001259
test,2170,0,0.989346,0.00511,0.003504,0.000732,0.001308
test,2179,0,0.987868,0.00487,0.003346,0.003328,0.000588
test,2190,0,0.967112,0.0164,0.00762,0.003078,0.00579
test,2209,0,0.91168,0.055068,0.016055,0.007355,0.009842
test,2220,0,0.730728,0.260112,0.004256,0.001591,0.003313
test,2249,0,0.958797,0.011984,0.015297,0.004214,0.009708
test,2287,0,0.944208,0.031889,0.008329,0.007192,0.008383
test,2289,0,0.977311,0.007479,0.009152,0.002106,0.003952
test,2303,0,0.863393,0.053516,0.059671,0.00416,0.01926
test,2304,0,0.914076,0.030834,0.030255,0.009778,0.015057
test,2306,0,0.97205,0.012091,0.004364,0.003582,0.007912
test,2311,0,0.914799,0.053634,0.021733,0.004187,0.005647
test,2328,0,0.99703,0.001029,0.001015,0.000489,0.000437
test,2329,0,0.958445,0.015511,0.018362,0.003094,0.004588
test,2337,0,0.914105,0.044573,0.015319,0.006341,0.019662
test,2369,0,0.973745,0.007918,0.009036,0.004615,0.004686
test,2375,0,0.946666,0.029032,0.010388,0.004891,0.009023
test,2400,0,0.862187,0.081792,0.02829,0.013943,0.013787
test,2405,0,0.993545,0.004118,0.001146,0.0006,0.00059
test,2407,0,0.977292,0.013842,0.003025,0.002234,0.003607
test,2408,0,0.926303,0.019265,0.015564,0.009168,0.029699
test,2418,0,0.451267,0.07197,0.025664,0.406292,0.044807
test,2419,0,0.981754,0.01201,0.00318,0.001302,0.001755
test,2428,0,0.992207,0.00352,0.002899,0.000734,0.000641
test,2433,0,0.728637,0.163036,0.059582,0.018151,0.030594
test,2436,0,0.98566,0.009507,0.002356,0.000877,0.0016
test,2439,0,0.854443,0.036349,0.067816,0.032543,0.008849
test,2441,0,0.981515,0.008354,0.00402,0.002741,0.00337
test,2447,0,0.983198,0.010341,0.003722,0.001318,0.00142
test,2452,0,0.935289,0.031335,0.018738,0.008508,0.00613
test,2462,0,0.960451,0.01269,0.007826,0.007727,0.011306
test,2481,0,0.988021,0.004853,0.00248,0.003303,0.001344
test,2487,0,0.949256,0.02428,0.012603,0.003491,0.01037
test,2488,0,0.903778,0.047397,0.033053,0.007768,0.008004
test,2499,0,0.944945,0.031724,0.014577,0.005723,0.003031
test,2501,0,0.965939,0.010229,0.004693,0.001558,0.017581
test,2502,0,0.996412,0.003026,0.00016,0.000107,0.000296
test,2513,0,0.900943,0.019196,0.014184,0.020585,0.045092
test,2515,0,0.982709,0.008352,0.005812,0.00172,0.001407
test,2525,0,0.820417,0.037126,0.092134,0.008225,0.042097
test,2529,0,0.948191,0.022829,0.019401,0.005234,0.004344
test,2530,0,0.973786,0.013566,0.005883,0.003295,0.003469
test,2535,0,0.924301,0.019924,0.008325,0.024143,0.023307
test,2538,0,0.958834,0.026524,0.007055,0.002765,0.004822
test,2548,0,0.910635,0.015734,0.012655,0.053557,0.007419
test,2553,0,0.927678,0.033167,0.019821,0.012299,0.007034
test,2555,0,0.908667,0.020587,0.040137,0.014425,0.016184
test,2565,0,0.973912,0.01098,0.004064,0.00103,0.010015
test,2570,0,0.990154,0.005114,0.003123,0.000639,0.00097
test,2571,0,0.966903,0.011961,0.007765,0.008401,0.00497
test,2572,0,0.941738,0.03313,0.012741,0.006416,0.005975
test,2583,0,0.978604,0.009498,0.007258,0.002632,0.002008
test,2587,0,0.966601,0.00825,0.010448,0.007693,0.007007
test,2595,0,0.872212,0.038827,0.014061,0.012138,0.062762
test,2609,4,0.889219,0.043303,0.022795,0.010781,0.033902
test,2611,0,0.891041,0.052251,0.019231,0.011165,0.026312
test,2614,0,0.947573,0.010543,0.00597,0.017197,0.018717
test,2618,0,0.976753,0.01521,0.00516,0.001717,0.00116
test,2620,0,0.914906,0.024223,0.017725,0.008315,0.034831
test,2638,0,0.991289,0.004524,0.001852,0.001433,0.000902
test,2644,0,0.460688,0.49345,0.020099,0.004672,0.021092
test,2653,0,0.987977,0.004366,0.002971,0.00163,0.003056
test,2663,0,0.963919,0.006627,0.005876,0.002104,0.021474
test,2670,0,0.966431,0.01477,0.00571,0.004768,0.008321
test,2673,0,0.985363,0.00714,0.00303,0.00181,0.002657
test,2674,0,0.984446,0.007411,0.003649,0.00177,0.002724
test,2683,0,0.98123,0.008932,0.003221,0.005236,0.001381
test,2687,0,0.98608,0.007538,0.00342,0.0008,0.002162
test,2710,0,0.995815,0.003157,0.000705,0.0002,0.000122
test,2716,0,0.95624,0.017345,0.009685,0.010811,0.005919
test,2718,0,0.968167,0.011819,0.007909,0.007034,0.00507
test,2743,0,0.70304,0.026289,0.019506,0.24318,0.007985
test,2744,0,0.822758,0.165571,0.004849,0.00145,0.005372
test,2746,4,0.862368,0.055753,0.054036,0.014382,0.01346
test,2747,0,0.991014,0.005755,0.002107,0.000569,0.000555
test,2770,0,0.970463,0.016511,0.006657,0.003332,0.003037
test,2771,0,0.922156,0.045424,0.011141,0.008424,0.012855
test,2774,0,0.934373,0.039051,0.013389,0.008581,0.004606
test,2779,0,0.809182,0.062433,0.057686,0.019032,0.051668
test,2784,4,0.932902,0.012573,0.009397,0.009727,0.035402
test,2789,0,0.90463,0.02788,0.019574,0.007434,0.040482
test,2793,0,0.889822,0.022798,0.033416,0.034355,0.019608
test,2795,0,0.92804,0.03099,0.015956,0.008746,0.016268
test,2799,0,0.534915,0.067958,0.3495,0.02613,0.021496
test,2804,0,0.937215,0.023508,0.023506,0.003361,0.01241
test,2805,0,0.902337,0.019013,0.014283,0.008263,0.056105
test,2809,0,0.880598,0.019488,0.034039,0.052454,0.01342
test,2815,0,0.990788,0.00417,0.001531,0.003111,0.0004
test,2824,4,0.980804,0.008631,0.006067,0.000941,0.003556
test,2828,0,0.979799,0.010684,0.004744,0.00168,0.003094
test,2838,0,0.991262,0.005091,0.001642,0.001248,0.000757
test,2846,0,0.997185,0.001767,0.000481,0.000301,0.000266
test,2856,0,0.879441,0.018775,0.047837,0.031444,0.022502
test,2857,0,0.993278,0.002468,0.002105,0.000655,0.001493
test,2870,0,0.986776,0.002627,0.0008,0.009292,0.000505
test,2884,0,0.967068,0.011803,0.010967,0.003204,0.006958
test,2887,0,0.969285,0.008686,0.003857,0.01031,0.007862
test,2888,0,0.975513,0.012656,0.006038,0.003552,0.002242
test,2896,0,0.262269,0.031238,0.628748,0.054638,0.023108
test,2897,0,0.976124,0.009596,0.006688,0.002334,0.005259
test,2900,0,0.995722,0.002655,0.000999,0.000296,0.000328
test,2904,0,0.992163,0.00522,0.001522,0.00046,0.000635
test,2906,0,0.813511,0.013242,0.019223,0.128431,0.025593
test,2910,0,0.986113,0.00595,0.003988,0.001931,0.002018
test,2912,0,0.940133,0.028853,0.014949,0.006983,0.009081
test,2920,4,0.984184,0.009309,0.002543,0.00178,0.002184
test,2929,0,0.990236,0.006303,0.001781,0.000883,0.000797
test,2934,0,0.726524,0.102905,0.075929,0.014707,0.079936
test,2939,0,0.830836,0.064967,0.017628,0.014341,0.072228
test,2940,0,0.99008,0.004963,0.004403,0.000243,0.000312
test,2943,0,0.944722,0.030661,0.008542,0.003577,0.0125
test,2945,0,0.806858,0.120633,0.056092,0.007089,0.009327
test,2946,0,0.993895,0.003466,0.001354,0.000605,0.00068
test,2947,0,0.951412,0.020479,0.017642,0.004429,0.006037
test,2949,0,0.99675,0.001593,0.000785,0.000413,0.00046
test,2951,0,0.925307,0.045292,0.015317,0.003144,0.01094
test,2953,0,0.845546,0.101292,0.007717,0.011994,0.033451
test,2973,0,0.960318,0.017462,0.008302,0.001959,0.011959
test,2976,0,0.97841,0.009863,0.002982,0.003896,0.004849
test,2990,0,0.976021,0.008683,0.006352,0.001712,0.007232
test,2993,0,0.981859,0.010289,0.004313,0.002308,0.001231
test,3016,0,0.931639,0.038707,0.010845,0.007603,0.011206
test,3023,0,0.992579,0.004562,0.001627,0.000718,0.000514
test,3025,0,0.968101,0.014044,0.00729,0.003092,0.007473
test,3027,0,0.99749,0.001953,0.000295,8.5e-05,0.000177
test,3033,0,0.988217,0.006579,0.003189,0.000877,0.001138
test,3034,0,0.934457,0.013251,0.013464,0.010476,0.028351
test,3041,0,0.975893,0.013341,0.004854,0.002213,0.003699
test,3049,0,0.995518,0.00251,0.000276,0.000293,0.001403
test,3055,0,0.970811,0.01156,0.010741,0.003482,0.003406
test,3057,0,0.999147,0.000552,0.000203,5.7e-05,4.1e-05
test,3065,0,0.775277,0.128941,0.049716,0.016397,0.029668
test,3104,0,0.968956,0.007994,0.003486,0.016411,0.003153
test,3106,0,0.910867,0.021924,0.022135,0.037532,0.007542
test,3117,0,0.978635,0.00677,0.007007,0.002471,0.005117
test,3119,0,0.894428,0.042017,0.017884,0.010953,0.034718
test,3123,0,0.998432,0.000889,0.000395,0.000217,6.7e-05
test,3146,0,0.982964,0.004368,0.008407,0.001426,0.002834
test,3148,0,0.953746,0.014475,0.015965,0.007254,0.00856
test,3151,0,0.986531,0.004593,0.003937,0.00189,0.003049
test,3158,0,0.991667,0.004726,0.001532,0.00069,0.001385
test,3160,0,0.590226,0.191713,0.110534,0.062775,0.044752
test,3161,0,0.995707,0.002568,0.000911,0.000434,0.00038
test,3164,0,0.951604,0.018468,0.016571,0.007416,0.005941
test,3181,0,0.969136,0.01385,0.010441,0.002135,0.004439
test,3186,0,0.955134,0.024645,0.00765,0.005648,0.006923
test,3187,0,0.947312,0.02599,0.013295,0.005248,0.008154
test,3190,0,0.8992,0.033254,0.031822,0.010177,0.025546
test,3191,0,0.928695,0.038199,0.009816,0.013727,0.009562
test,3192,0,0.988635,0.005489,0.002961,0.00096,0.001955
test,3193,0,0.88355,0.0588,0.037683,0.006459,0.013508
test,3194,0,0.980339,0.010221,0.001487,0.005212,0.002741
test,3197,0,0.802532,0.057613,0.032216,0.017483,0.090156
test,3202,0,0.514337,0.43734,0.007636,0.023819,0.016869
test,3215,0,0.910129,0.034892,0.018543,0.0071,0.029337
test,3222,0,0.908277,0.041028,0.020279,0.020557,0.009859
test,3225,0,0.983541,0.009983,0.002924,0.001735,0.001816
test,3230,0,0.99162,0.004506,0.001965,0.000877,0.001032
test,3246,0,0.997854,0.00118,0.000481,0.000232,0.000252
test,3248,0,0.910354,0.028345,0.036371,0.008747,0.016183
test,3250,0,0.941095,0.025221,0.01409,0.004133,0.015461
test,3253,0,0.998884,0.000605,0.000232,0.000184,9.5e-05
test,3269,0,0.91397,0.019891,0.044318,0.004504,0.017317
test,3270,0,0.99238,0.004196,0.001745,0.000844,0.000835
test,3281,0,0.988261,0.006294,0.002815,0.001227,0.001403
test,3282,0,0.92576,0.013027,0.019449,0.007272,0.034491
test,3283,0,0.968061,0.017952,0.007832,0.004764,0.001391
test,3287,0,0.985784,0.006975,0.003453,0.001186,0.002602
test,3294,0,0.980419,0.011324,0.004891,0.001468,0.001898
test,3304,0,0.802263,0.057828,0.066299,0.055796,0.017814
test,3308,0,0.961077,0.011553,0.010293,0.005625,0.011454
test,3315,0,0.883709,0.044564,0.036758,0.009364,0.025605
test,3316,0,0.984008,0.007342,0.003609,0.003146,0.001895
test,3319,0,0.942717,0.020145,0.013096,0.005157,0.018885
test,3322,0,0.966437,0.007136,0.008332,0.009024,0.009072
test,3323,0,0.99357,0.003743,0.001555,0.000667,0.000465
test,3327,0,0.944848,0.038438,0.008669,0.004454,0.003591
test,3328,0,0.993028,0.003815,0.001411,0.000648,0.001096
test,3339,0,0.983036,0.007893,0.003631,0.002322,0.003118
test,3341,0,0.935925,0.039693,0.014073,0.003906,0.006403
test,3349,0,0.985946,0.007168,0.003095,0.002456,0.001335
test,3352,0,0.969917,0.015311,0.007641,0.004256,0.002876
test,3378,0,0.984146,0.005313,0.003492,0.001685,0.005363
test,3382,0,0.750032,0.034203,0.199403,0.006738,0.009625
test,3392,0,0.946496,0.020928,0.013035,0.00865,0.01089
test,3413,0,0.99348,0.00327,0.001882,0.000664,0.000705
test,3418,0,0.989301,0.005864,0.002246,0.001122,0.001467
test,3423,0,0.996692,0.001735,0.000772,0.000436,0.000365
test,3428,0,0.935358,0.037028,0.016286,0.002025,0.009303
test,3430,0,0.99249,0.003964,0.001794,0.00106,0.000692
test,3432,0,0.95493,0.034632,0.005457,0.001688,0.003293
test,3442,0,0.96094,0.011438,0.024882,0.001091,0.001649
test,3443,0,0.87895,0.111573,0.004088,0.001973,0.003416
test,3450,0,0.978888,0.006128,0.007037,0.002446,0.005501
test,3455,0,0.914812,0.026592,0.016709,0.010478,0.031409
test,3462,0,0.940058,0.023666,0.011816,0.018215,0.006245
test,3463,0,0.967768,0.014474,0.011001,0.00235,0.004407
test,3472,0,0.989125,0.005884,0.002154,0.002017,0.000819
test,3474,0,0.957785,0.012621,0.013678,0.006495,0.009421
test,3491,0,0.993432,0.001646,0.001274,0.000521,0.003127
test,3492,0,0.974396,0.014782,0.005788,0.001831,0.003203
test,3494,0,0.977028,0.011417,0.005811,0.00302,0.002723
test,3500,0,0.981748,0.007967,0.007346,0.001833,0.001107
test,3502,0,0.968596,0.017189,0.005776,0.003179,0.005261
test,3505,0,0.944315,0.007616,0.040812,0.002315,0.004941
test,3518,0,0.96998,0.017823,0.004125,0.005582,0.00249
test,3519,0,0.833761,0.044006,0.037228,0.033402,0.051603
test,3521,0,0.982792,0.008654,0.004723,0.001245,0.002586
test,3526,0,0.98341,0.006427,0.005533,0.001954,0.002676
test,3539,4,0.984109,0.006183,0.00682,0.001344,0.001545
test,3548,0,0.965649,0.013798,0.00775,0.006629,0.006174
test,3553,0,0.888304,0.053881,0.024956,0.009092,0.023767
test,3561,0,0.97111,0.006955,0.006177,0.001627,0.014131
test,3565,0,0.968384,0.011665,0.009531,0.005225,0.005195
test,3573,0,0.99455,0.002092,0.002441,0.000452,0.000465
test,3577,0,0.991172,0.00241,0.004257,0.001632,0.000529
test,3578,0,0.996429,0.003231,0.000123,9.2e-05,0.000124
test,3579,0,0.992845,0.002793,0.002511,0.001126,0.000726
test,3582,0,0.983128,0.009519,0.003194,0.001153,0.003005
test,3615,0,0.988277,0.00546,0.002805,0.00178,0.001678
test,3627,0,0.991971,0.003271,0.002187,0.001019,0.001552
test,3641,0,0.928089,0.03738,0.017253,0.009082,0.008197
test,3643,0,0.994158,0.00153,0.002241,0.000659,0.001413
test,3660,0,0.929756,0.037562,0.014531,0.005212,0.01294
test,3664,0,0.938417,0.040487,0.006324,0.003756,0.011017
test,3668,0,0.956512,0.015397,0.011499,0.009923,0.006669
test,3681,0,0.98166,0.010583,0.00416,0.002152,0.001445
test,3689,0,0.48444,0.37348,0.079623,0.019552,0.042905
test,3692,0,0.994026,0.003412,0.001605,0.000521,0.000437
test,3703,0,0.986084,0.007999,0.002937,0.001475,0.001505
test,3706,0,0.932469,0.031964,0.018682,0.008338,0.008547
test,3713,0,0.898959,0.054377,0.012699,0.006109,0.027856
test,3733,0,0.977364,0.011695,0.005074,0.002711,0.003156
test,3734,0,0.981787,0.009703,0.003479,0.002747,0.002284
test,3736,0,0.994705,0.002746,0.001124,0.00051,0.000916
test,3737,0,0.994054,0.003229,0.001311,0.000643,0.000762
test,3757,0,0.982405,0.011267,0.00278,0.002062,0.001485
test,3767,0,0.986777,0.003902,0.008327,0.000554,0.00044
test,3776,0,0.97928,0.007804,0.003874,0.005801,0.003241
test,3778,0,0.983191,0.009834,0.003917,0.001883,0.001175
test,3786,0,0.966833,0.011863,0.006806,0.004789,0.009709
test,3789,0,0.807918,0.053793,0.069721,0.051622,0.016946
test,3795,0,0.992414,0.004071,0.002346,0.000655,0.000513
test,3798,0,0.936713,0.020982,0.013018,0.013558,0.015728
test,3860,0,0.982006,0.008844,0.004329,0.00277,0.002051
test,3866,0,0.90998,0.020776,0.010104,0.047831,0.01131
test,3869,0,0.983301,0.006408,0.005175,0.002892,0.002225
test,3874,0,0.983858,0.008199,0.005197,0.001206,0.00154
test,3878,0,0.973561,0.009781,0.007638,0.002742,0.006278
test,3887,0,0.968837,0.009192,0.006871,0.004037,0.011064
test,3900,0,0.988457,0.003534,0.001178,0.001632,0.005198
test,3909,0,0.836103,0.025141,0.076348,0.056549,0.00586
test,3911,0,0.954931,0.030623,0.006941,0.005082,0.002422
test,3912,0,0.000616,0.00014,0.000154,0.066906,0.932184
test,3918,0,0.972718,0.018275,0.004126,0.00333,0.00155
test,3936,0,0.984539,0.008772,0.002668,0.001073,0.002949
test,3951,0,0.981945,0.00818,0.004081,0.001755,0.004039
test,3954,0,0.958816,0.012808,0.015763,0.004431,0.008183
test,3971,0,0.887812,0.077704,0.014973,0.005732,0.013778
test,3972,0,0.986713,0.007577,0.002613,0.001282,0.001815
test,3973,0,0.980729,0.007483,0.004131,0.002246,0.005411
test,3982,0,0.868872,0.011579,0.00704,0.109304,0.003205
test,3985,0,0.990518,0.005667,0.001791,0.00087,0.001154
test,3993,0,0.941708,0.014553,0.012266,0.014911,0.016562
test,3995,0,0.896681,0.083845,0.009937,0.002763,0.006774
test,4001,0,0.965788,0.020134,0.007299,0.003282,0.003497
test,4006,0,0.953125,0.010918,0.011836,0.01428,0.009841
test,4010,0,0.99449,0.002427,0.001737,0.000566,0.00078
test,4016,0,0.95503,0.027328,0.009411,0.002776,0.005454
test,4022,0,0.93575,0.007531,0.015464,0.022393,0.018862
test,4024,0,0.953886,0.018632,0.017339,0.006345,0.003798
test,4028,0,0.966978,0.012381,0.014581,0.002524,0.003536
test,4033,0,0.867108,0.020597,0.042614,0.053127,0.016554
test,4040,0,0.996346,0.001598,0.001142,0.000536,0.000379
test,4049,0,0.988109,0.007087,0.003061,0.000697,0.001046
test,4052,0,0.972619,0.009518,0.011577,0.002665,0.003621
test,4055,0,0.975595,0.008466,0.010104,0.002427,0.003408
test,4056,0,0.980237,0.010092,0.003897,0.003321,0.002453
test,4064,0,0.947231,0.014223,0.006982,0.004365,0.027199
test,4069,0,0.910553,0.02096,0.04906,0.001667,0.01776
test,4082,0,0.992257,0.005143,0.001452,0.00049,0.000658
test,4096,0,0.990169,0.005329,0.002615,0.00113,0.000758
test,4100,0,0.976141,0.012707,0.006969,0.000802,0.003381
test,4110,0,0.900893,0.031295,0.0243,0.022845,0.020667
test,4111,0,0.967307,0.017278,0.004824,0.004958,0.005633
test,4116,0,0.992728,0.003741,0.001801,0.000945,0.000786
test,4123,0,0.942197,0.036633,0.010505,0.00328,0.007385
test,4128,0,0.969849,0.011599,0.007443,0.007497,0.003612
test,4133,0,0.990738,0.003548,0.002832,0.001389,0.001494
test,4134,0,0.979013,0.009774,0.007684,0.00111,0.002419
test,4135,0,0.997755,0.00179,0.000219,0.000162,7.4e-05
test,4143,0,0.98263,0.006301,0.005751,0.002676,0.002643
test,4145,0,0.945193,0.020706,0.019802,0.006702,0.007597
test,4164,0,0.984761,0.006381,0.005999,0.000869,0.00199
test,4175,0,0.971206,0.014934,0.00812,0.002903,0.002837
test,4180,0,0.991628,0.004952,0.001742,0.000842,0.000835
test,4188,0,0.983874,0.008007,0.003352,0.002326,0.002441
test,4189,4,0.827825,0.048217,0.044386,0.027524,0.052049
test,4208,0,0.950184,0.019001,0.013574,0.009637,0.007603
test,4211,0,0.982162,0.005446,0.004752,0.001694,0.005946
test,4215,0,0.996522,0.002493,0.000469,0.00023,0.000287
test,4218,0,0.900027,0.058203,0.022631,0.00681,0.012328
test,4219,0,0.995414,0.001935,0.000875,0.000651,0.001125
test,4220,0,0.982885,0.008949,0.003117,0.002856,0.002194
test,4221,0,0.984793,0.009398,0.002135,0.001644,0.00203
test,4224,0,0.983136,0.005113,0.006618,0.00236,0.002774
test,4225,0,0.799722,0.148951,0.030814,0.008084,0.012429
test,4235,0,0.974884,0.003371,0.011786,0.000946,0.009013
test,4239,0,0.995867,0.0026,0.000894,0.000355,0.000284
test,4246,0,0.987323,0.006469,0.003738,0.001206,0.001264
test,4247,0,0.997493,0.001382,0.000576,0.000288,0.000261
test,4249,0,0.855095,0.085553,0.027152,0.011854,0.020346
test,4266,0,0.984589,0.010203,0.00249,0.001327,0.001391
test,4271,0,0.960011,0.01421,0.010298,0.007494,0.007987
test,4274,0,0.995851,0.002099,0.001142,0.000321,0.000587
test,4279,3,0.860234,0.055743,0.045146,0.009401,0.029477
test,4280,0,0.822598,0.040512,0.120425,0.010682,0.005782
test,4299,0,0.911144,0.03344,0.021489,0.016421,0.017506
test,4303,0,0.971565,0.006762,0.010206,0.006212,0.005255
test,4305,0,0.964799,0.016549,0.006274,0.003498,0.00888
test,4315,0,0.971745,0.006976,0.002708,0.00182,0.016752
test,4318,0,0.976142,0.007809,0.004305,0.002064,0.00968
test,4320,0,0.990078,0.00618,0.002041,0.000964,0.000737
test,4324,0,0.984616,0.005513,0.00544,0.002275,0.002156
test,4326,0,0.95687,0.012516,0.017554,0.005471,0.007589
test,4328,0,0.968827,0.013313,0.009374,0.004026,0.00446
test,4333,0,0.967899,0.016883,0.006427,0.002675,0.006116
test,4336,0,0.978676,0.009893,0.003938,0.002319,0.005173
test,4338,0,7e-05,1.4e-05,4e-06,2e-06,0.999911
test,4339,0,0.983895,0.009281,0.003239,0.001761,0.001824
test,4348,0,0.989953,0.004489,0.002709,0.001259,0.00159
test,4350,0,0.995429,0.002042,0.00109,0.000769,0.000669
test,4363,0,0.935413,0.040193,0.014206,0.004181,0.006007
test,4366,0,0.992112,0.003156,0.002325,0.000936,0.00147
test,4367,4,0.923744,0.009728,0.009717,0.038665,0.018147
test,4378,0,0.884641,0.091551,0.009893,0.00781,0.006105
test,4379,0,0.965833,0.012978,0.010325,0.003418,0.007445
test,4380,0,0.996611,0.001389,0.000616,0.000884,0.000501
test,4391,0,0.981118,0.010072,0.003892,0.001736,0.003182
test,4404,0,0.987458,0.004147,0.002475,0.004577,0.001343
test,4410,0,0.979035,0.01068,0.003936,0.003637,0.002712
test,4422,0,0.939192,0.007206,0.048332,0.001736,0.003534
test,4424,0,0.994061,0.003123,0.001264,0.000438,0.001114
test,4432,0,0.941772,0.038627,0.010705,0.004328,0.004567
test,4433,0,0.980279,0.009587,0.004439,0.003388,0.002308
test,4437,0,0.958345,0.015322,0.011349,0.006777,0.008207
test,4438,0,0.98367,0.007861,0.005285,0.001544,0.001641
test,4448,2,0.979248,0.00918,0.005976,0.002982,0.002614
test,4449,0,0.949922,0.03045,0.010117,0.003752,0.005759
test,4452,0,0.97736,0.00634,0.011812,0.001756,0.002732
test,4461,0,0.000662,0.000124,4.6e-05,2.1e-05,0.999147
test,4468,4,0.989295,0.006317,0.001969,0.001317,0.001102
test,4472,0,0.995244,0.00289,0.000685,0.000782,0.000399
test,4477,0,0.970708,0.016776,0.006819,0.00383,0.001867
test,4480,0,0.984226,0.010796,0.002427,0.001297,0.001254
test,4481,0,0.964983,0.014928,0.007829,0.003886,0.008374
test,4487,0,0.988548,0.004846,0.002938,0.001633,0.002036
test,4488,0,0.955959,0.028859,0.005031,0.006359,0.003792
test,4492,0,0.893613,0.02736,0.044287,0.029528,0.005212
test,4493,0,0.972108,0.008031,0.005772,0.009393,0.004696
test,4495,0,0.988314,0.006403,0.001505,0.002108,0.00167
test,4497,0,0.005065,0.000257,2.9e-05,1e-05,0.994639
test,4498,0,0.997977,0.000988,0.000722,0.000195,0.000119
test,4503,0,0.995426,0.002023,0.001353,0.000611,0.000586
test,4505,0,0.981502,0.006485,0.004957,0.002377,0.004679
test,4507,0,0.907686,0.037405,0.022106,0.011884,0.020918
test,4514,0,0.964143,0.007586,0.005809,0.017677,0.004784
test,4518,0,0.997519,0.001507,0.000417,0.000283,0.000274
test,4522,0,0.977392,0.010584,0.008736,0.000902,0.002385
test,4544,0,0.985023,0.006091,0.003134,0.003196,0.002557
test,4550,0,0.998112,0.001546,0.000263,2.8e-05,5.1e-05
test,4551,0,0.965078,0.012865,0.010557,0.002116,0.009383
test,4552,0,0.707745,0.02778,0.014616,0.22759,0.022269
test,4553,0,0.979466,0.013446,0.003524,0.001996,0.001567
test,4573,0,0.979223,0.010848,0.004291,0.002207,0.003432
test,4580,0,0.822769,0.113312,0.018525,0.004705,0.040689
test,4588,0,0.996796,0.001591,0.000621,0.000322,0.00067
test,4591,0,0.992177,0.003453,0.001794,0.000949,0.001627
test,4606,0,0.97185,0.009087,0.009559,0.00329,0.006214
test,4609,0,0.857437,0.026847,0.072254,0.033497,0.009965
test,4612,0,0.840178,0.019905,0.026626,0.031815,0.081476
test,4614,0,0.996796,0.0012,0.000929,0.000544,0.00053
test,4621,0,0.987244,0.004806,0.003957,0.001482,0.00251
test,4635,0,0.994416,0.002763,0.001527,0.00062,0.000674
test,4636,0,0.972902,0.01679,0.006489,0.001585,0.002234
test,4644,0,0.910405,0.049257,0.02404,0.005272,0.011027
test,4646,0,0.96217,0.016048,0.013188,0.0025,0.006094
test,4655,0,0.828921,0.08319,0.033685,0.015243,0.038961
test,4656,0,0.932155,0.032504,0.01397,0.009826,0.011545
test,4670,0,0.88956,0.05284,0.022727,0.007478,0.027394
test,4674,1,0.912731,0.038984,0.011679,0.005672,0.030933
test,4681,0,0.988837,0.005903,0.003079,0.001124,0.001057
test,4712,0,0.991587,0.004643,0.001708,0.001069,0.000993
test,4727,0,0.860973,0.025778,0.060142,0.006107,0.047
test,4742,0,0.980215,0.011661,0.004886,0.001843,0.001395
test,4750,0,0.993554,0.002887,0.001764,0.000682,0.001113
test,4755,0,0.987845,0.005884,0.003291,0.001591,0.001389
test,4761,0,0.921506,0.005106,0.002583,0.068766,0.002039
test,4763,0,0.969698,0.0079,0.003811,0.002102,0.016489
test,4766,0,0.679213,0.204087,0.090503,0.016826,0.009371
test,4772,0,0.98768,0.008403,0.002336,0.000743,0.000838
test,4773,0,0.988606,0.005647,0.002475,0.001109,0.002163
test,4776,0,0.972218,0.012364,0.008096,0.003906,0.003416
test,4797,0,0.98936,0.004152,0.002394,0.000964,0.00313
test,4803,3,0.985517,0.008418,0.003057,0.001647,0.001362
test,4804,0,0.977959,0.0132,0.004524,0.001205,0.003113
test,4811,0,0.933781,0.013222,0.007717,0.001663,0.043617
test,4815,0,0.940468,0.026428,0.015253,0.005639,0.012212
test,4823,0,0.987807,0.005822,0.002505,0.002307,0.001559
test,4825,0,0.975273,0.009253,0.012126,0.001787,0.001562
test,4834,0,0.986293,0.008105,0.002692,0.001374,0.001536
test,4838,0,0.968229,0.01625,0.006743,0.005333,0.003445
test,4839,0,0.977847,0.010284,0.006079,0.0019,0.00389
test,4844,0,0.98743,0.004832,0.004385,0.00144,0.001913
test,4849,0,0.944066,0.037632,0.009128,0.003915,0.005259
test,4854,0,0.979639,0.009121,0.00506,0.002231,0.003949
test,4855,0,0.986598,0.004442,0.002425,0.004973,0.001561
test,4859,0,0.97929,0.008508,0.004593,0.00185,0.005759
test,4862,0,0.945136,0.024782,0.020459,0.006039,0.003583
test,4871,0,0.976946,0.010557,0.004783,0.002559,0.005154
test,4887,0,0.997048,0.001633,0.00058,0.000264,0.000476
test,4891,0,0.942464,0.018176,0.021852,0.010852,0.006655
test,4894,0,0.978908,0.009526,0.005132,0.002053,0.004381
test,4895,0,0.964151,0.012021,0.010654,0.003281,0.009893
test,4896,0,0.989483,0.006386,0.002059,0.001262,0.00081
test,4906,0,0.996056,0.001533,0.001097,0.000939,0.000375
test,4912,0,0.929595,0.042266,0.012736,0.008559,0.006844
test,4921,0,0.974229,0.014728,0.005483,0.002288,0.003272
test,4925,0,0.995698,0.002682,0.000845,0.000381,0.000394
test,4927,0,0.997586,0.001245,0.000553,0.000239,0.000377
test,4938,0,0.988429,0.004178,0.002918,0.000919,0.003557
test,4943,0,0.954795,0.023731,0.011158,0.003393,0.006922
test,4946,0,0.98828,0.005995,0.002962,0.000999,0.001763
test,4952,0,0.97898,0.005658,0.006023,0.006475,0.002864
test,4971,0,0.845531,0.037949,0.016692,0.077317,0.02251
test,4976,0,0.974928,0.012944,0.005572,0.003521,0.003035
test,4985,0,0.987901,0.006958,0.003761,0.000813,0.000566
test,4989,0,0.993261,0.003622,0.001718,0.000698,0.000701
test,4990,0,0.97039,0.011227,0.005763,0.002456,0.010164
test,4994,0,0.980727,0.006843,0.00419,0.001717,0.006524
test,4995,0,0.973138,0.00639,0.011605,0.002513,0.006354
test,5001,0,0.913477,0.069017,0.007328,0.004394,0.005785
test,5005,0,0.938649,0.009378,0.045754,0.002389,0.003831
test,5017,0,0.97701,0.010106,0.004879,0.003235,0.00477
test,5018,0,0.984867,0.011909,0.001926,0.000798,0.000501
test,5029,0,0.986175,0.007536,0.003748,0.001228,0.001313
test,5037,0,0.954571,0.029421,0.005116,0.004595,0.006297
test,5043,0,0.995464,0.001919,0.000764,0.001474,0.000379
test,5044,0,0.958112,0.013961,0.009943,0.006979,0.011004
test,5045,0,0.962718,0.011367,0.007576,0.015217,0.003122
test,5063,0,0.989025,0.00452,0.004881,0.001065,0.000509
test,5065,0,0.997986,0.00169,0.000118,8.9e-05,0.000117
test,5068,0,0.981422,0.006438,0.007506,0.001476,0.003158
test,5081,0,0.952556,0.010438,0.005281,0.02723,0.004495
test,5084,0,0.998744,0.001129,5.3e-05,4.1e-05,3.3e-05
test,5092,0,0.974238,0.009142,0.005249,0.00189,0.009482
test,5109,0,0.971137,0.01524,0.003972,0.004856,0.004794
test,5110,0,0.67784,0.027789,0.110097,0.140194,0.04408
test,5111,0,0.963697,0.016111,0.013663,0.003081,0.003448
test,5126,0,0.958458,0.017375,0.015202,0.00402,0.004945
test,5128,0,0.989008,0.004817,0.003096,0.001427,0.001651
test,5129,0,0.979781,0.006393,0.004459,0.001133,0.008234
test,5140,0,0.87484,0.046636,0.022582,0.015847,0.040095
test,5144,0,0.990233,0.004748,0.002799,0.001152,0.001068
test,5145,0,0.985374,0.006724,0.003579,0.001904,0.002418
test,5154,0,0.888286,0.058119,0.014365,0.01503,0.024201
test,5157,0,0.976364,0.010409,0.008568,0.001955,0.002705
test,5160,0,0.931864,0.010523,0.05193,0.002484,0.003199
test,5162,0,0.994757,0.003087,0.001557,0.000337,0.000262
test,5165,0,0.979375,0.008858,0.007312,0.002061,0.002394
test,5168,0,0.995184,0.002731,0.001095,0.000369,0.000621
test,5172,0,0.645135,0.016414,0.006933,0.310381,0.021137
test,5181,0,0.907923,0.041045,0.017731,0.009394,0.023906
test,5187,0,0.976226,0.011314,0.006872,0.002739,0.002849
test,5201,0,0.989159,0.005082,0.002083,0.001291,0.002385
test,5216,0,0.979413,0.010832,0.004864,0.001924,0.002968
test,5221,0,0.953713,0.019974,0.012325,0.007988,0.006
test,5222,0,0.964545,0.020157,0.005918,0.004163,0.005217
test,5234,0,0.98482,0.009502,0.002472,0.001145,0.002061
test,5236,0,0.988839,0.004838,0.00282,0.002753,0.00075
test,5237,0,0.979571,0.01057,0.003557,0.002558,0.003744
test,5243,0,0.993932,0.002865,0.001544,0.00077,0.000888
test,5248,0,0.981162,0.009135,0.003847,0.001864,0.003992
test,5252,0,0.984856,0.00683,0.003802,0.002006,0.002505
test,5254,0,0.899059,0.041679,0.015377,0.008142,0.035743
test,5255,0,0.950965,0.024925,0.015755,0.003833,0.004521
test,5265,0,0.977825,0.012688,0.00525,0.001313,0.002924
test,5274,0,0.938939,0.030491,0.011131,0.00301,0.016428
test,5275,0,0.857766,0.033504,0.020693,0.021199,0.066837
test,5278,0,0.966501,0.01131,0.007162,0.006114,0.008914
test,5282,0,0.961049,0.023815,0.005959,0.002485,0.006692
test,5289,0,0.99854,0.000777,0.000298,0.000207,0.000178
test,5291,0,0.986676,0.005916,0.003847,0.001986,0.001575
test,5300,0,0.926064,0.03402,0.017089,0.014142,0.008686
test,5306,0,0.922861,0.035381,0.013116,0.008129,0.020513
test,5331,0,0.972999,0.01697,0.005003,0.003163,0.001865
test,5335,0,0.992332,0.003315,0.002602,0.000763,0.000988
test,5340,0,0.993187,0.002609,0.001281,0.001718,0.001205
test,5343,0,0.982446,0.008534,0.004896,0.002516,0.001608
test,5349,0,0.959053,0.017823,0.006619,0.004362,0.012143
test,5354,0,0.934747,0.01498,0.040285,0.004736,0.005253
test,5359,0,0.928462,0.030629,0.021318,0.010125,0.009466
test,5360,0,0.923009,0.026508,0.02707,0.011252,0.012162
test,5363,0,0.941995,0.027414,0.017738,0.00542,0.007433
test,5364,0,0.920713,0.053378,0.00875,0.0134,0.003759
test,5365,0,0.776131,0.015838,0.004789,0.198144,0.005099
test,5381,0,0.974381,0.010058,0.006339,0.002836,0.006387
test,5391,0,0.985735,0.008207,0.00302,0.000992,0.002047
test,5395,0,0.974962,0.007408,0.005448,0.002437,0.009744
test,5396,0,0.975823,0.012122,0.005559,0.002639,0.003856
test,5406,0,0.983273,0.008137,0.00567,0.000944,0.001975
test,5407,0,0.89604,0.014882,0.062477,0.00444,0.022161
test,5412,0,0.982375,0.011005,0.002989,0.001482,0.00215
test,5421,0,0.974345,0.008952,0.003936,0.005505,0.007263
test,5424,0,0.977864,0.009978,0.005684,0.003224,0.00325
test,5427,0,0.688241,0.299088,0.006596,0.002165,0.00391
test,5433,0,0.927914,0.037046,0.014914,0.007953,0.012173
test,5434,0,0.987907,0.006142,0.00253,0.000909,0.002511
test,5438,0,0.981833,0.009074,0.005145,0.001537,0.002412
test,5440,0,0.952012,0.018006,0.020192,0.002808,0.006982
test,5441,0,0.72729,0.079914,0.022181,0.083906,0.086709
test,5444,0,0.963149,0.02021,0.008724,0.003325,0.004592
test,5445,0,0.988872,0.00757,0.002001,0.000974,0.000584
test,5453,0,0.973736,0.01321,0.007838,0.003115,0.002101
test,5464,0,0.980484,0.007328,0.003632,0.004668,0.003888
test,5472,0,0.968054,0.012916,0.009522,0.007009,0.002499
test,5473,0,0.979298,0.007531,0.006952,0.004602,0.001617
test,5481,0,0.936098,0.040121,0.013159,0.003512,0.007111
test,5488,0,0.962654,0.017641,0.01055,0.002705,0.006451
test,5497,0,0.932105,0.033939,0.013401,0.007962,0.012593
test,5499,0,0.908571,0.024124,0.010525,0.006179,0.0506
test,5500,0,0.77509,0.043568,0.011213,0.068826,0.101303
test,5504,0,0.994698,0.00316,0.001287,0.000451,0.000405
test,5510,0,0.948065,0.015764,0.007987,0.004025,0.024159
test,5511,0,0.561739,0.043844,0.035459,0.344653,0.014305
test,5515,4,0.819752,0.062511,0.037451,0.050455,0.029831
test,5522,0,0.010284,0.000153,0.000374,0.027221,0.961967
test,5538,0,0.98957,0.004067,0.00266,0.001136,0.002567
test,5557,0,0.975759,0.012057,0.004943,0.001841,0.0054
test,5561,0,0.990724,0.004485,0.002403,0.000807,0.001581
test,5568,0,0.991227,0.004396,0.002642,0.000618,0.001116
test,5576,0,0.853591,0.107144,0.025084,0.008534,0.005646
test,5581,0,0.967629,0.014409,0.007084,0.008645,0.002233
test,5591,0,0.729138,0.200583,0.034344,0.021055,0.01488
test,5597,0,0.46998,0.070951,0.381603,0.010532,0.066934
test,5599,0,0.886249,0.047493,0.017125,0.018559,0.030574
test,5603,0,0.650632,0.068882,0.062909,0.009027,0.20855
test,5613,0,0.931695,0.028219,0.017805,0.009968,0.012313
test,5621,0,0.597094,0.059325,0.050149,0.271882,0.02155
test,5627,0,0.840344,0.062279,0.053102,0.035691,0.008583
test,5630,0,0.951903,0.012372,0.012741,0.016121,0.006862
test,5638,0,0.931337,0.022307,0.040216,0.001596,0.004544
test,5650,0,0.967065,0.01798,0.004471,0.006831,0.003653
test,5654,0,0.992758,0.004217,0.001641,0.000593,0.000791
test,5655,0,0.984501,0.007537,0.003554,0.001494,0.002915
test,5658,0,0.994099,0.003219,0.001719,0.000576,0.000387
test,5664,0,0.991631,0.004025,0.001903,0.001199,0.001242
test,5670,0,0.976445,0.015289,0.00372,0.001667,0.002879
test,5674,0,0.911343,0.047512,0.014782,0.017383,0.00898
test,5675,0,0.995618,0.002629,0.000944,0.000445,0.000364
test,5679,0,0.997228,0.001019,0.001055,0.000572,0.000125
test,5684,0,0.988094,0.002672,0.007648,0.000625,0.000961
test,5686,0,0.997172,0.001514,0.00053,0.000376,0.000408
test,5690,0,0.897049,0.053918,0.019525,0.009066,0.020442
test,5705,0,0.98031,0.009002,0.005049,0.002485,0.003155
test,5712,1,0.838499,0.065585,0.030209,0.019916,0.045791
test,5728,0,0.955584,0.030931,0.005271,0.001562,0.006653
test,5730,0,0.978102,0.012208,0.003376,0.002129,0.004185
test,5733,0,0.985292,0.012336,0.001628,0.000372,0.000372
test,5736,0,0.968799,0.01586,0.007535,0.003262,0.004544
test,5746,0,0.990468,0.005275,0.002055,0.000999,0.001203
test,5750,0,0.995175,0.001909,0.000624,0.001793,0.0005
test,5753,0,0.959493,0.02629,0.007434,0.00281,0.003973
test,5766,0,0.991894,0.003007,0.000829,0.000492,0.003778
test,5783,0,0.944384,0.032606,0.0117,0.0055,0.00581
test,5787,0,0.943169,0.037161,0.009516,0.00385,0.006304
test,5788,0,0.974182,0.012547,0.008806,0.002016,0.002448
test,5793,0,0.992906,0.001485,0.004995,0.00051,0.000104
test,5794,0,0.952088,0.019407,0.009636,0.004635,0.014233
test,5800,0,0.004599,0.000116,9.7e-05,0.995032,0.000156
test,5801,0,0.77931,0.011092,0.173757,0.03227,0.00357
test,5816,0,0.901162,0.054636,0.024544,0.006387,0.013272
test,5826,0,0.822342,0.028733,0.009057,0.135287,0.004581
test,5844,0,0.973669,0.009008,0.003216,0.00129,0.012817
test,5858,0,0.943712,0.019814,0.012598,0.00922,0.014656
test,5866,0,0.993483,0.002945,0.002483,0.000589,0.0005
test,5895,0,0.977494,0.010836,0.005209,0.001495,0.004966
test,5904,0,0.9273,0.03846,0.015714,0.007388,0.011139
test,5926,0,0.966095,0.013246,0.006636,0.007627,0.006396
test,5943,0,0.976634,0.007973,0.004568,0.000969,0.009857
test,5954,0,0.998353,0.00078,0.000336,0.000178,0.000353
test,5955,0,0.98495,0.006668,0.004435,0.001133,0.002814
test,5963,0,0.997771,0.001168,0.000701,0.000131,0.000229
test,5967,0,0.876911,0.043819,0.021805,0.025748,0.031717
test,5989,0,0.968713,0.01608,0.006824,0.00429,0.004093
test,5994,0,0.983495,0.006453,0.003609,0.003343,0.0031
test,5997,0,0.988576,0.004305,0.004239,0.001273,0.001606
test,6000,0,0.910386,0.040659,0.023469,0.014591,0.010894
test,6015,0,0.982862,0.007876,0.005467,0.001499,0.002296
test,6022,0,0.985139,0.008911,0.003241,0.000732,0.001977
test,6034,0,0.999458,0.00033,9.8e-05,6.5e-05,4.8e-05
test,6036,0,0.994513,0.004254,0.000607,0.000312,0.000315
test,6038,0,0.790763,0.123475,0.037432,0.024211,0.024119
test,6039,0,0.756391,0.118692,0.020895,0.095852,0.008169
test,6040,0,0.86659,0.063351,0.020717,0.017784,0.031558
test,6047,0,0.682533,0.165504,0.047643,0.071896,0.032424
test,6051,0,0.999449,0.000298,8.2e-05,3.2e-05,0.00014
test,6055,0,0.863406,0.043857,0.039738,0.024034,0.028965
test,6056,0,0.851436,0.09578,0.016722,0.010176,0.025885
test,6060,0,0.28381,0.035355,0.017164,0.623251,0.040421
test,6075,0,0.936723,0.035325,0.018705,0.003275,0.005972
test,6085,0,0.676809,0.192932,0.064546,0.030517,0.035196
test,6117,0,0.45868,0.133079,0.359191,0.017758,0.031292
test,6118,0,0.727922,0.112494,0.056461,0.052428,0.050696
test,6121,0,0.668593,0.046702,0.105222,0.052353,0.12713
test,6122,0,0.990885,0.004976,0.001947,0.000992,0.0012
test,6129,0,0.997411,0.000951,0.000622,0.000492,0.000524
test,6148,0,0.944006,0.010827,0.041332,0.001521,0.002314
test,6150,0,0.974813,0.01775,0.00274,0.002688,0.002009
test,6156,0,0.968134,0.009789,0.013161,0.005589,0.003327
test,6166,0,0.955524,0.024595,0.00879,0.004762,0.006328
test,6170,0,0.138097,0.011516,0.005084,0.812677,0.032627
test,6178,0,0.980405,0.015902,0.001876,0.000871,0.000946
test,6180,0,0.950241,0.01391,0.026558,0.005704,0.003587
test,6182,0,0.995915,0.00227,0.00124,0.000211,0.000364
test,6187,0,0.942495,0.023955,0.011091,0.00912,0.013338
test,6191,0,0.973461,0.009037,0.010973,0.002398,0.00413
test,6200,0,0.987559,0.00583,0.003062,0.001309,0.002241
test,6201,0,0.94862,0.017509,0.010654,0.014927,0.00829
test,6204,0,0.929748,0.027591,0.022681,0.015149,0.004832
test,6212,0,0.983952,0.005705,0.005351,0.003412,0.001581
test,6214,0,0.990406,0.00399,0.001524,0.001203,0.002877
test,6221,0,0.979692,0.010263,0.004024,0.001824,0.004197
test,6239,0,0.949237,0.020119,0.005935,0.010568,0.01414
test,6240,0,0.988697,0.005677,0.00326,0.000945,0.00142
test,6242,0,0.897472,0.065852,0.0109,0.008813,0.016964
test,6261,0,0.909657,0.036815,0.01805,0.024616,0.010863
test,6263,0,0.700856,0.013692,0.007164,0.271417,0.006872
test,6267,0,0.899952,0.037819,0.032242,0.01778,0.012207
test,6275,0,0.839598,0.028652,0.092983,0.019851,0.018916
test,6278,0,0.930561,0.015574,0.02076,0.001288,0.031817
test,6281,0,0.99096,0.005008,0.002433,0.000569,0.001031
test,6313,0,0.993332,0.003574,0.001275,0.000536,0.001284
test,6317,0,0.953083,0.021931,0.010152,0.005171,0.009664
test,6327,0,0.941473,0.018419,0.013954,0.015236,0.010919
test,6336,0,0.963142,0.016552,0.010224,0.0051,0.004983
test,6342,0,0.995174,0.003322,0.00072,0.000433,0.000351
test,6348,0,0.997422,0.001538,0.000387,0.000277,0.000376
test,6352,0,0.956394,0.024158,0.011081,0.004354,0.004013
test,6355,0,0.985221,0.007867,0.003522,0.001303,0.002087
test,6358,0,0.976103,0.011644,0.004503,0.002143,0.005607
test,6359,0,0.970309,0.020521,0.005148,0.001888,0.002135
test,6381,0,0.996982,0.001846,0.000538,0.000271,0.000363
test,6386,0,0.953859,0.020292,0.015366,0.007211,0.003273
test,6387,0,0.987574,0.00556,0.003231,0.001455,0.002179
test,6406,0,0.731719,0.012758,0.008758,0.241114,0.00565
test,6410,0,0.991026,0.005048,0.002482,0.000587,0.000856
test,6417,0,0.964976,0.024272,0.008114,0.001458,0.00118
test,6425,0,0.994863,0.00197,0.001502,0.000647,0.001019
test,6434,0,0.969475,0.017303,0.006803,0.002833,0.003586
test,6444,0,0.911858,0.037755,0.02555,0.014983,0.009855
test,6448,0,0.977132,0.004503,0.015455,0.00214,0.00077
test,6449,0,0.73338,0.117351,0.095691,0.028439,0.025139
test,6454,0,0.993896,0.002039,0.001228,0.000393,0.002444
test,6461,0,0.983308,0.010338,0.004026,0.000866,0.001461
test,6463,0,0.732163,0.111596,0.10499,0.024995,0.026255
test,6466,0,0.98472,0.00751,0.004899,0.001185,0.001686
test,6481,0,0.991381,0.005378,0.002133,0.00066,0.000449
test,6490,0,0.997,0.001713,0.000609,0.000292,0.000388
test,6491,0,0.590691,0.263276,0.055884,0.025364,0.064785
test,6496,0,0.943104,0.033677,0.011988,0.006443,0.004789
test,6500,0,0.950577,0.024795,0.008691,0.007702,0.008235
test,6507,0,0.98604,0.005736,0.004785,0.002104,0.001335
test,6509,0,0.99415,0.003694,0.000991,0.000733,0.000432
test,6513,0,0.976634,0.009428,0.004469,0.005939,0.00353
test,6521,0,0.9941,0.002822,0.001285,0.000534,0.001259
test,6522,0,0.982584,0.007585,0.004381,0.00149,0.00396
test,6553,0,0.987331,0.006459,0.002949,0.001311,0.00195
test,6562,0,0.993461,0.005037,0.000795,0.000391,0.000315
test,6566,0,0.986995,0.006376,0.002958,0.001156,0.002514
test,6574,0,0.881616,0.061272,0.021607,0.012714,0.022792
test,6581,0,0.993569,0.004454,0.001294,0.000396,0.000286
test,6583,0,0.931638,0.024478,0.01698,0.010782,0.016122
test,6593,0,0.996809,0.00137,0.000735,0.000554,0.000532
test,6595,0,0.934071,0.032917,0.0117,0.00482,0.016492
test,6607,0,0.97836,0.009504,0.005356,0.003877,0.002904
test,6625,0,0.950763,0.023415,0.008611,0.006173,0.011038
test,6627,0,0.979667,0.007901,0.005069,0.001615,0.005748
test,6640,0,0.992323,0.002956,0.002073,0.00084,0.001808
test,6644,0,0.992181,0.003204,0.003042,0.000977,0.000596
test,6649,0,0.987379,0.005278,0.004402,0.00158,0.001362
test,6656,0,0.997498,0.001196,0.000715,0.000348,0.000243
test,6667,0,0.942179,0.028252,0.010993,0.004424,0.014153
test,6678,0,0.95689,0.032043,0.00458,0.003254,0.003232
test,6696,0,0.850365,0.032178,0.019463,0.006156,0.091839
test,6710,0,0.154397,0.093947,0.037654,0.621939,0.092063
test,6721,0,0.989661,0.005472,0.002111,0.000927,0.001829
test,6737,0,0.980656,0.008459,0.004066,0.002643,0.004177
test,6739,0,0.982981,0.00653,0.002804,0.002134,0.005551
test,6741,0,0.814028,0.101869,0.037316,0.017582,0.029204
test,6744,0,0.955665,0.028268,0.009776,0.002151,0.00414
test,6745,0,0.996093,0.001612,0.000853,0.000624,0.000818
test,6747,0,0.933398,0.02603,0.028435,0.005583,0.006554
test,6749,0,0.957502,0.020322,0.012905,0.006042,0.003228
test,6757,0,0.860601,0.100157,0.020889,0.005307,0.013047
test,6769,0,0.967312,0.013516,0.008251,0.005474,0.005447
test,6770,0,0.980154,0.007445,0.003851,0.002473,0.006077
test,6776,0,0.968291,0.016803,0.00672,0.00186,0.006327
test,6781,0,0.996501,0.00133,0.001187,0.000356,0.000626
test,6791,0,0.7364,0.09826,0.095153,0.049516,0.020672
test,6802,0,0.992779,0.002953,0.001908,0.00088,0.00148
test,6830,0,0.95927,0.027656,0.007291,0.001954,0.003829
test,6847,0,0.982611,0.007991,0.005129,0.001517,0.002752
test,6851,0,0.984026,0.011055,0.002374,0.001265,0.00128
test,6854,0,0.988568,0.005373,0.002618,0.001638,0.001803
test,6865,0,0.068629,0.059871,0.120558,0.653487,0.097455
test,6868,0,0.897264,0.062643,0.022955,0.0088,0.008338
test,6871,0,0.971386,0.012771,0.006006,0.003106,0.006732
test,6882,0,0.966629,0.026636,0.00393,0.001448,0.001356
test,6888,0,0.995473,0.00214,0.000795,0.000662,0.000929
test,6891,0,0.845484,0.047991,0.060119,0.031998,0.014408
test,6893,0,0.986357,0.008681,0.001898,0.001386,0.001679
test,6897,0,0.893691,0.018084,0.005876,0.069875,0.012474
test,6899,0,0.894026,0.017319,0.011428,0.070964,0.006264
test,6912,0,0.945986,0.029333,0.009567,0.00932,0.005794
test,6914,0,0.97153,0.013641,0.007071,0.002701,0.005057
test,6919,0,0.993773,0.003025,0.001431,0.001021,0.00075
test,6920,0,0.985837,0.00794,0.004313,0.001031,0.000879
test,6921,0,0.945125,0.029102,0.011277,0.004382,0.010115
test,6924,0,0.953826,0.020715,0.010818,0.006723,0.007918
test,6933,0,0.919307,0.033564,0.022967,0.016762,0.0074
test,6953,0,0.968898,0.013791,0.007777,0.002469,0.007066
test,6954,0,0.993974,0.002996,0.000828,0.000761,0.001441
test,6970,0,0.956158,0.023364,0.00893,0.005545,0.006004
test,6974,0,0.973249,0.013009,0.006694,0.004018,0.003029
test,6982,0,0.262055,0.044737,0.038395,0.642735,0.012077
test,6986,0,0.917537,0.053828,0.0128,0.007945,0.007891
test,6987,0,0.993499,0.003184,0.002192,0.000292,0.000833
test,6996,0,0.930625,0.030431,0.01836,0.013653,0.00693
test,7007,0,0.95848,0.015731,0.010297,0.007232,0.00826
test,7012,0,0.98564,0.008892,0.002915,0.00153,0.001024
test,7018,0,0.980114,0.009744,0.004378,0.003139,0.002625
test,7028,0,0.922428,0.059125,0.005631,0.004548,0.008269
test,7035,0,0.963852,0.016321,0.007622,0.005039,0.007166
test,7039,0,0.764085,0.040467,0.014969,0.009521,0.170959
test,7046,0,0.980575,0.010443,0.003649,0.00278,0.002552
test,7048,0,0.968741,0.017442,0.007597,0.003533,0.002687
test,7049,0,0.994714,0.001948,0.000456,0.000618,0.002264
test,7066,0,0.995357,0.001744,0.001697,0.000507,0.000696
test,7070,0,0.986361,0.005879,0.004674,0.000993,0.002092
test,7074,0,0.896077,0.042428,0.011199,0.028045,0.022251
test,7078,0,0.986925,0.006168,0.003551,0.001053,0.002302
test,7089,0,0.996796,0.000892,0.000536,0.000713,0.001064
test,7095,0,0.994587,0.003159,0.00131,0.000665,0.000278
test,7099,0,0.918868,0.029972,0.012277,0.008559,0.030323
test,7101,0,0.981412,0.010118,0.005123,0.001373,0.001974
test,7110,0,0.993378,0.00314,0.002512,0.000582,0.000388
test,7115,0,0.994806,0.003864,0.000931,0.000106,0.000292
test,7117,0,0.997487,0.001596,0.000512,0.000286,0.000119
test,7119,0,0.996495,0.002695,0.000534,9.3e-05,0.000183
test,7129,0,0.974311,0.012823,0.006459,0.002627,0.003779
test,7136,0,0.945194,0.034902,0.009253,0.005013,0.005638
test,7160,0,0.734176,0.014102,0.238545,0.00528,0.007896
test,7161,0,0.981009,0.006505,0.004282,0.003057,0.005147
test,7170,2,0.978629,0.010777,0.005181,0.002149,0.003263
test,7173,0,0.99642,0.002147,0.000546,0.000348,0.000539
test,7178,0,0.995345,0.002799,0.000539,0.000569,0.000748
test,7179,0,0.989049,0.005444,0.002315,0.001809,0.001383
test,7190,0,0.987653,0.006485,0.002286,0.002164,0.001412
test,7195,0,0.992991,0.003365,0.002248,0.000556,0.00084
test,7205,0,0.950867,0.015297,0.027393,0.002549,0.003894
test,7206,0,0.914766,0.053085,0.01574,0.006618,0.00979
test,7208,0,0.984571,0.011267,0.002931,0.000601,0.000631
test,7212,0,0.988046,0.009145,0.001378,0.000653,0.000777
test,7223,0,0.97432,0.011249,0.005726,0.00259,0.006114
test,7228,0,0.953273,0.023728,0.010268,0.004116,0.008615
test,7243,0,0.961911,0.013357,0.015657,0.003467,0.005608
test,7249,0,0.992667,0.003278,0.002561,0.000708,0.000786
test,7250,1,0.01577,0.012794,0.364965,0.041221,0.56525
test,7259,0,0.989644,0.005995,0.002194,0.000733,0.001434
test,7261,0,0.909229,0.029992,0.039609,0.009577,0.011593
test,7263,0,0.95005,0.043161,0.004111,0.00093,0.001748
test,7269,0,0.964975,0.017215,0.008273,0.004382,0.005155
test,7276,0,0.820417,0.100342,0.040446,0.011355,0.02744
test,7277,0,0.984052,0.004215,0.002254,0.004129,0.00535
test,7278,0,0.985811,0.009057,0.003261,0.000859,0.001013
test,7279,0,0.950339,0.027958,0.011313,0.004129,0.00626
test,7309,0,0.774647,0.050007,0.026594,0.011022,0.137731
test,7316,0,0.978764,0.007805,0.008301,0.002582,0.002549
test,7332,0,0.996509,0.002134,0.00089,0.00031,0.000156
test,7339,0,0.968665,0.01528,0.006459,0.003082,0.006514
test,7342,0,0.900318,0.045697,0.031614,0.006011,0.016361
test,7352,0,0.990524,0.004873,0.002217,0.001158,0.001227
test,7353,0,0.978605,0.01135,0.005924,0.001677,0.002444
test,7355,0,0.90524,0.066183,0.016188,0.00433,0.008059
test,7361,0,0.99712,0.001479,0.000616,0.000342,0.000443
test,7373,0,0.946529,0.021116,0.005735,0.002605,0.024014
test,7385,0,0.992426,0.005783,0.001062,0.000399,0.00033
test,7389,0,0.975151,0.01619,0.005503,0.002202,0.000953
test,7399,0,0.995627,0.003031,0.000909,7.1e-05,0.000363
test,7404,0,0.615206,0.215865,0.074993,0.032047,0.061889
test,7406,0,0.366479,0.049982,0.010658,0.549206,0.023675
test,7407,4,0.931518,0.052746,0.006873,0.00359,0.005272
test,7411,0,0.791702,0.101461,0.080731,0.010555,0.015552
test,7424,0,0.994241,0.003142,0.001863,0.000334,0.000421
test,7429,0,0.986249,0.007388,0.002989,0.001182,0.002192
test,7434,0,0.987089,0.004603,0.00444,0.002321,0.001548
test,7436,0,0.99125,0.005373,0.001234,0.001213,0.00093
test,7438,0,0.748836,0.192556,0.017743,0.012267,0.028599
test,7451,0,0.978471,0.008945,0.006558,0.001932,0.004094
test,7458,4,0.789132,0.112563,0.027429,0.050865,0.02001
test,7465,0,0.987419,0.00736,0.002473,0.001205,0.001543
test,7471,0,0.984418,0.007767,0.00338,0.0027,0.001735
test,7494,0,0.947698,0.019637,0.015128,0.010096,0.007441
test,7499,0,0.991704,0.004696,0.001606,0.001098,0.000896
test,7501,0,0.963087,0.016595,0.007684,0.006984,0.005651
test,7513,0,0.998096,0.00132,0.000382,4.9e-05,0.000153
test,7529,0,0.961001,0.015361,0.015968,0.003653,0.004017
test,7532,0,0.00121,9.2e-05,6.3e-05,1.5e-05,0.99862
test,7539,0,0.974216,0.017387,0.004351,0.002083,0.001963
test,7543,0,0.980995,0.00854,0.005602,0.00223,0.002633
test,7546,0,0.975497,0.011681,0.005949,0.003657,0.003216
test,7548,0,0.989581,0.006096,0.002272,0.000768,0.001283
test,7553,0,0.945607,0.020077,0.005365,0.00218,0.026771
test,7572,0,0.981301,0.008398,0.006382,0.00216,0.00176
test,7573,0,0.994408,0.002876,0.001379,0.000594,0.000744
test,7583,0,0.99752,0.001116,0.000558,0.000579,0.000227
test,7584,0,0.885723,0.05166,0.022072,0.007673,0.032871
test,7589,0,0.992479,0.004232,0.001959,0.000959,0.00037
test,7595,0,0.977821,0.014334,0.003356,0.002218,0.002271
test,7597,0,0.943166,0.004943,0.049522,0.000922,0.001447
test,7604,0,0.994033,0.003102,0.001355,0.000765,0.000745
test,7606,0,0.948088,0.029133,0.012354,0.005295,0.00513
test,7610,0,0.820007,0.063396,0.04422,0.011109,0.061268
test,7624,0,0.948343,0.018107,0.012263,0.015874,0.005413
test,7627,0,0.971116,0.010575,0.008467,0.001884,0.007957
test,7631,0,0.99486,0.003429,0.00078,0.000373,0.000558
test,7638,0,0.997819,0.000914,0.00043,0.00052,0.000318
test,7645,0,0.875446,0.047685,0.037367,0.01102,0.028483
test,7648,0,0.954216,0.021205,0.012443,0.006325,0.005811
test,7658,0,0.341019,0.631075,0.007464,0.00478,0.015662
test,7660,0,0.993137,0.002075,0.000938,0.000675,0.003175
test,7663,0,0.867693,0.073386,0.024154,0.011045,0.023722
test,7672,0,0.97405,0.013803,0.005909,0.002297,0.003941
test,7675,0,0.972173,0.016177,0.004791,0.002485,0.004375
test,7687,0,0.997805,0.000614,0.001348,9.6e-05,0.000137
test,7697,0,0.974987,0.01107,0.007498,0.003054,0.003391
test,7700,0,0.989648,0.004313,0.003793,0.001191,0.001055
test,7704,0,0.985696,0.006233,0.003889,0.003764,0.000419
test,7712,0,0.991009,0.005507,0.002131,0.000682,0.000671
test,7715,0,0.976519,0.009425,0.005239,0.002864,0.005953
test,7741,0,0.991191,0.00436,0.002051,0.00115,0.001248
test,7742,0,0.978008,0.009902,0.004853,0.00208,0.005156
test,7746,0,0.987302,0.006278,0.002613,0.002417,0.001391
test,7749,0,0.460687,0.167993,0.322151,0.038721,0.010448
test,7762,0,0.978767,0.009044,0.006833,0.002418,0.002938
test,7763,4,0.969121,0.015645,0.008329,0.00258,0.004325
test,7764,0,0.910584,0.027233,0.035009,0.011455,0.015719
test,7766,0,0.991923,0.003829,0.002651,0.000675,0.000921
test,7797,0,0.886835,0.073168,0.022916,0.006042,0.011039
test,7800,0,0.987435,0.00615,0.00337,0.002392,0.000653
test,7802,0,0.9763,0.010253,0.00699,0.002612,0.003845
test,7806,0,0.932763,0.036574,0.01152,0.013329,0.005814
test,7807,0,0.867341,0.075131,0.030524,0.005811,0.021193
test,7808,0,0.997688,0.00101,0.00065,0.000444,0.000208
test,7811,0,0.998383,0.000809,0.000388,0.00018,0.000239
test,7828,0,0.992001,0.004659,0.001745,0.00098,0.000615
test,7832,0,0.973535,0.009429,0.012602,0.003051,0.001383
test,7837,0,0.993512,0.003387,0.001092,0.001119,0.000889
test,7841,0,0.770889,0.088325,0.037574,0.043441,0.059771
test,7846,0,0.957819,0.018366,0.010563,0.008515,0.004737
test,7851,0,0.994186,0.003507,0.001219,0.000611,0.000476
test,7857,0,0.991074,0.004337,0.001742,0.000914,0.001933
test,7858,0,0.917356,0.028215,0.01521,0.0135,0.025719
test,7860,0,0.97079,0.017594,0.005917,0.003431,0.002268
test,7875,0,0.901107,0.034585,0.020795,0.024999,0.018514
test,7877,0,0.997587,0.001497,0.000565,0.000172,0.000179
test,7897,0,0.991801,0.004066,0.002596,0.000574,0.000964
test,7903,0,0.953382,0.030809,0.008654,0.003517,0.003639
test,7911,0,0.941322,0.029611,0.016684,0.005532,0.006852
test,7923,0,0.869237,0.105071,0.013868,0.008095,0.00373
test,7929,0,0.923221,0.03254,0.017055,0.019545,0.007638
test,7931,0,0.997085,0.001781,0.000544,0.000225,0.000365
test,7933,0,0.988437,0.00521,0.003541,0.001231,0.001582
test,7947,0,0.889832,0.079741,0.007675,0.005677,0.017075
test,7964,0,0.993588,0.0042,0.001282,0.000587,0.000343
test,7970,0,0.987987,0.005198,0.004512,0.000961,0.001342
test,7978,0,0.862088,0.046782,0.042007,0.005741,0.043382
test,7993,0,0.869463,0.018879,0.009774,0.03783,0.064055
test,8001,0,0.969483,0.012093,0.006341,0.006309,0.005773
test,8003,0,0.98986,0.005855,0.003115,0.000527,0.000643
test,8005,0,0.988211,0.005683,0.002498,0.000829,0.002779
test,8009,0,0.966833,0.020174,0.006275,0.001671,0.005046
test,8010,0,0.978246,0.009556,0.006185,0.002394,0.003618
test,8016,0,0.995754,0.001979,0.00118,0.000486,0.000602
test,8018,0,0.796975,0.134751,0.045292,0.012379,0.010602
test,8022,0,0.995117,0.003365,0.000593,0.000492,0.000433
test,8034,0,0.964289,0.009792,0.018956,0.002911,0.004051
test,8037,0,0.885177,0.049896,0.026804,0.012702,0.02542
test,8050,0,0.997729,0.001545,0.000489,0.000152,8.5e-05
test,8054,0,0.9946,0.003094,0.001285,0.000386,0.000635
test,8055,0,0.996946,0.002209,0.000645,7.7e-05,0.000122
test,8059,0,0.995475,0.001803,0.000882,0.001198,0.000643
test,8062,4,0.751646,0.104765,0.095073,0.037657,0.010858
test,8068,0,0.95292,0.021744,0.013159,0.003707,0.00847
test,8082,1,0.902466,0.067552,0.012603,0.006345,0.011034
test,8083,0,0.993352,0.002371,0.002531,0.001114,0.000633
test,8085,0,0.989728,0.006322,0.002492,0.000838,0.00062
test,8087,0,0.985883,0.008841,0.002888,0.001309,0.001079
test,8108,0,0.992163,0.003126,0.003791,0.000415,0.000505
test,8116,0,0.823095,0.051492,0.022568,0.08919,0.013656
test,8135,0,0.664804,0.144631,0.131956,0.033547,0.025062
test,8136,0,0.880384,0.062705,0.031555,0.005451,0.019905
test,8141,0,0.969884,0.013756,0.007441,0.004274,0.004645
test,8151,0,0.931799,0.032771,0.020601,0.007828,0.007002
test,8156,0,0.991212,0.004925,0.001793,0.000757,0.001312
test,8166,0,0.977847,0.0088,0.008081,0.002854,0.002418
test,8167,0,0.984666,0.007332,0.00428,0.001224,0.002497
test,8183,0,0.993316,0.004059,0.001619,0.000603,0.000404
test,8186,0,0.960661,0.022495,0.008249,0.003206,0.005388
test,8195,0,0.981504,0.007369,0.004708,0.00361,0.002809
test,8201,0,0.953424,0.021154,0.010497,0.003132,0.011793
test,8202,0,0.872539,0.046608,0.029655,0.010285,0.040914
test,8220,0,0.997424,0.001266,0.000643,0.00031,0.000357
test,8221,0,0.992251,0.003855,0.001969,0.001226,0.000699
test,8238,0,0.497318,0.016631,0.025033,0.004487,0.456531
test,8247,0,0.995534,0.003707,0.000582,7.2e-05,0.000105
test,8250,0,0.995214,0.002413,0.001057,0.000579,0.000737
test,8252,0,0.977924,0.008111,0.003547,0.008048,0.00237
test,8277,0,0.96739,0.014753,0.006368,0.001804,0.009685
test,8278,0,0.996934,0.001814,0.000655,0.00024,0.000357
test,8279,0,0.919024,0.032288,0.008524,0.033001,0.007162
test,8290,0,0.950235,0.021323,0.01193,0.005595,0.010918
test,8291,0,0.925421,0.043459,0.01742,0.00411,0.00959
test,8295,0,0.994475,0.002301,0.001379,0.000832,0.001013
test,8300,0,0.994071,0.003267,0.001128,0.000508,0.001026
test,8306,0,0.97772,0.010703,0.005746,0.001857,0.003974
test,8307,0,0.785852,0.008185,0.008104,0.19183,0.006028
test,8313,0,0.997529,0.00128,0.000538,0.000368,0.000284
test,8315,0,0.983458,0.008863,0.004864,0.00139,0.001425
test,8317,0,0.872424,0.015707,0.096256,0.011552,0.004061
test,8318,0,0.992674,0.003617,0.001653,0.000813,0.001242
test,8319,0,0.922891,0.025217,0.044625,0.003313,0.003954
test,8323,0,0.98661,0.005444,0.002978,0.002724,0.002243
test,8326,0,0.957195,0.028287,0.010917,0.002129,0.00147
test,8336,0,0.886662,0.062541,0.018466,0.010505,0.021826
test,8338,0,0.995563,0.002407,0.001045,0.000466,0.00052
test,8352,0,0.997704,0.001433,0.000401,0.00021,0.000252
test,8357,0,0.968175,0.013586,0.007365,0.002399,0.008475
test,8358,0,0.940773,0.038211,0.008579,0.006619,0.005818
test,8363,0,0.977032,0.0199,0.001633,0.000723,0.000712
test,8364,0,0.968113,0.016673,0.005597,0.005398,0.004219
test,8365,0,0.997432,0.001564,0.00058,0.000216,0.000208
test,8370,0,0.991519,0.004159,0.001942,0.00107,0.00131
test,8381,0,0.989474,0.006076,0.003624,0.000466,0.00036
test,8387,0,0.962098,0.024131,0.008237,0.002441,0.003093
test,8401,0,0.990897,0.004798,0.001773,0.000878,0.001654
test,8413,0,0.447382,0.220832,0.104124,0.019154,0.208508
test,8417,0,0.749798,0.094036,0.077979,0.039864,0.038324
test,8418,0,0.990783,0.005081,0.002108,0.001044,0.000984
test,8419,0,0.799349,0.074424,0.051388,0.062096,0.012744
test,8432,0,0.97111,0.015134,0.008817,0.002252,0.002687
test,8434,0,0.99047,0.00365,0.001948,0.002415,0.001517
test,8440,0,0.990264,0.006685,0.001656,0.000647,0.000748
test,8441,0,0.970323,0.015148,0.006488,0.004111,0.00393
test,8444,0,0.983608,0.011258,0.003206,0.000919,0.001009
test,8459,0,0.946823,0.027198,0.011264,0.003262,0.011453
test,8463,0,0.921842,0.02561,0.017826,0.009196,0.025526
test,8470,0,0.965148,0.016761,0.007008,0.001247,0.009836
test,8474,0,0.998507,0.000866,0.000391,0.000149,8.6e-05
test,8477,0,0.977213,0.011425,0.004089,0.001937,0.005336
test,8481,0,0.995008,0.002702,0.001044,0.00048,0.000765
test,8487,0,0.964253,0.01747,0.012183,0.002552,0.003542
test,8492,0,0.982751,0.006471,0.002717,0.001341,0.00672
test,8493,0,0.968435,0.010971,0.005838,0.002642,0.012114
test,8497,0,0.987917,0.006638,0.002797,0.001373,0.001275
test,8501,0,0.951043,0.027393,0.004933,0.010674,0.005957
test,8539,0,0.922142,0.00939,0.011404,0.05203,0.005034
test,8541,0,0.992668,0.003785,0.001892,0.000728,0.000928
test,8553,0,0.910356,0.056978,0.01522,0.008136,0.00931
test,8571,0,0.975599,0.006919,0.003475,0.006455,0.007552
test,8578,0,0.992153,0.004529,0.001987,0.000801,0.00053
test,8583,0,0.986516,0.00294,0.00897,0.000681,0.000894
test,8591,0,0.973697,0.009498,0.003693,0.005094,0.008019
test,8595,0,0.957566,0.008058,0.030911,0.002048,0.001417
test,8600,0,0.995594,0.002822,0.000872,0.0004,0.000312
test,8614,0,0.836819,0.123645,0.015905,0.008651,0.01498
test,8624,0,0.845209,0.090223,0.039143,0.007053,0.018372
test,8626,0,0.968368,0.003904,0.025529,0.001192,0.001007
test,8628,0,0.983686,0.009025,0.004489,0.001421,0.001379
test,8639,0,0.996602,0.001957,0.000928,0.000261,0.000251
test,8642,0,0.996873,0.001834,0.000729,0.000282,0.000282
test,8644,0,0.990705,0.006631,0.001225,0.000614,0.000825
test,8646,0,0.98911,0.007983,0.001715,0.000574,0.000619
test,8647,0,0.987987,0.006153,0.002741,0.00121,0.001908
test,8658,0,0.941091,0.029961,0.010469,0.006937,0.011542
test,8680,0,0.987863,0.006056,0.004175,0.001431,0.000474
test,8681,0,0.909353,0.049577,0.015951,0.004208,0.020911
test,8683,0,0.918667,0.02623,0.00622,0.041266,0.007618
test,8705,0,0.133375,0.194151,0.267541,0.038628,0.366304
test,8706,0,0.985721,0.002804,0.010559,0.000539,0.000376
test,8712,0,0.985359,0.004917,0.00637,0.001736,0.001617
test,8716,0,0.994023,0.003056,0.00171,0.000684,0.000527
test,8718,0,0.993739,0.003694,0.001452,0.000474,0.000641
test,8724,0,0.783417,0.096236,0.048936,0.006481,0.06493
test,8728,0,0.990254,0.004677,0.004185,0.000354,0.000531
test,8753,0,0.806696,0.049825,0.016698,0.108545,0.018236
test,8754,0,0.911214,0.046247,0.02283,0.009077,0.010632
test,8756,0,0.079843,0.167076,0.448605,0.105273,0.199203
test,8761,0,0.99049,0.003278,0.002048,0.00113,0.003054
test,8763,0,0.000183,4.1e-05,5.7e-05,0.000996,0.998723
test,8778,0,0.997937,0.001146,0.000595,0.000163,0.000159
test,8785,0,0.981119,0.008959,0.002999,0.003646,0.003277
test,8787,0,0.897159,0.066113,0.020073,0.007434,0.00922
test,8789,0,0.995548,0.002074,0.000681,0.000205,0.00149
test,8790,0,0.979563,0.009135,0.006549,0.002729,0.002025
test,8792,0,0.885754,0.07469,0.020457,0.004602,0.014497
test,8797,0,0.77482,0.027699,0.021746,0.006643,0.169092
test,8835,0,0.81471,0.131853,0.022965,0.005553,0.024919
test,8840,0,0.95022,0.027875,0.014389,0.003916,0.0036
test,8845,0,0.983906,0.008555,0.004309,0.001181,0.002048
test,8851,0,0.995881,0.002445,0.000837,0.000313,0.000524
test,8852,0,0.985374,0.006235,0.004422,0.003404,0.000565
test,8856,0,0.997568,0.001301,0.000483,0.000312,0.000337
test,8858,0,0.865192,0.043295,0.017263,0.005255,0.068996
test,8862,0,0.99499,0.002385,0.00127,0.001035,0.000321
test,8867,0,0.982196,0.006941,0.008573,0.001048,0.001243
test,8873,0,0.933933,0.048501,0.00794,0.002486,0.00714
test,8874,0,0.991084,0.002844,0.004781,0.000601,0.00069
test,8876,0,0.893635,0.044147,0.032742,0.012048,0.017427
test,8883,0,0.976236,0.01331,0.005283,0.003042,0.002129
test,8891,0,0.96738,0.010925,0.013773,0.004034,0.003888
test,8922,0,0.217154,0.575497,0.099864,0.015097,0.092389
test,8930,0,0.964951,0.008185,0.021361,0.001414,0.004088
test,8932,0,0.973043,0.016423,0.004666,0.002104,0.003765
test,8935,0,0.930058,0.031791,0.018622,0.005616,0.013912
test,8937,0,0.544051,0.245283,0.026521,0.167832,0.016313
test,8957,0,0.957505,0.02969,0.006903,0.002339,0.003563
test,8958,0,0.970374,0.011482,0.010564,0.002089,0.005491
test,8964,0,0.983634,0.006885,0.00258,0.001657,0.005244
test,8971,0,0.788576,0.023347,0.184545,0.00147,0.002062
test,8975,0,0.929024,0.029697,0.016909,0.009088,0.015281
test,8993,0,0.998473,0.000805,0.000361,0.000158,0.000204
test,8996,0,0.98203,0.010549,0.003829,0.001864,0.001728
test,8997,0,0.988709,0.005531,0.002661,0.001826,0.001272
test,9003,0,0.997179,0.001529,0.000594,0.000327,0.000372
test,9007,0,0.996963,0.001667,0.000696,0.000395,0.00028
test,9011,0,0.931263,0.020727,0.018021,0.016577,0.013411
test,9020,0,0.981505,0.005636,0.00542,0.001514,0.005924
test,9029,0,0.997117,0.001534,0.000852,0.000286,0.000212
test,9036,0,0.716695,0.166566,0.052367,0.027573,0.0368
test,9050,0,0.992589,0.003607,0.002513,0.000527,0.000764
test,9059,0,0.974863,0.012426,0.006244,0.002731,0.003736
test,9064,0,0.994124,0.002256,0.000918,0.002247,0.000455
test,9069,0,0.912167,0.030673,0.010546,0.010338,0.036277
test,9075,0,0.953959,0.013019,0.005119,0.022518,0.005386
test,9078,0,0.988272,0.007291,0.002396,0.000937,0.001105
test,9086,0,0.98964,0.00495,0.002502,0.000592,0.002316
test,9089,0,0.976098,0.009431,0.005191,0.005255,0.004025
test,9106,0,0.890927,0.071809,0.017931,0.005196,0.014137
test,9107,0,0.971098,0.018538,0.006825,0.001648,0.00189
test,9121,0,0.96368,0.025485,0.005929,0.00169,0.003217
test,9127,0,0.794333,0.107204,0.01277,0.002444,0.083249
test,9135,0,0.990286,0.004585,0.001788,0.001361,0.00198
test,9149,0,0.357706,0.119337,0.152839,0.335991,0.034127
test,9155,0,0.996075,0.003361,0.000207,0.000108,0.000249
test,9160,0,0.978822,0.010482,0.005122,0.001986,0.003588
test,9162,0,0.94782,0.037417,0.010872,0.002088,0.001803
test,9168,0,0.958086,0.025768,0.006448,0.00621,0.003488
test,9170,0,0.961314,0.019228,0.010682,0.003677,0.005099
test,9175,0,0.987388,0.006343,0.003803,0.001077,0.001388
test,9182,0,0.961326,0.026181,0.007912,0.00278,0.001801
test,9185,0,0.977031,0.010776,0.006872,0.00217,0.003152
test,9201,0,0.963592,0.015292,0.010343,0.004278,0.006494
test,9207,0,0.964631,0.017524,0.008001,0.003929,0.005916
test,9218,0,0.937684,0.041636,0.008142,0.004133,0.008405
test,9224,0,0.985933,0.005755,0.003541,0.001949,0.002822
test,9225,0,0.956126,0.025633,0.008969,0.007107,0.002166
test,9235,3,0.924892,0.009022,0.002938,0.026958,0.036191
test,9243,0,0.858224,0.016856,0.11256,0.002803,0.009557
test,9261,0,0.9785,0.006443,0.010202,0.000905,0.00395
test,9263,0,0.971118,0.013965,0.006744,0.002839,0.005333
test,9268,0,0.995226,0.002481,0.001515,0.000436,0.000342
test,9274,0,0.946931,0.013468,0.008537,0.007952,0.023113
test,9282,0,0.972389,0.018126,0.004243,0.00234,0.002902
test,9318,0,0.967094,0.010235,0.007182,0.002423,0.013065
test,9323,0,0.988328,0.004826,0.003138,0.002376,0.001332
test,9333,0,0.974875,0.010006,0.006374,0.002555,0.006189
test,9334,0,0.993127,0.003195,0.001784,0.000755,0.001139
test,9338,0,0.937106,0.022504,0.0124,0.004586,0.023404
test,9351,0,0.982515,0.007432,0.003475,0.002083,0.004496
test,9364,0,0.967436,0.006492,0.022713,0.002073,0.001286
test,9392,0,0.992122,0.005217,0.001199,0.000619,0.000844
test,9395,0,0.995512,0.002821,0.000962,0.000371,0.000334
test,9396,0,0.972559,0.019584,0.002906,0.002837,0.002115
test,9397,0,0.943033,0.016146,0.008575,0.028761,0.003484
test,9399,0,0.829931,0.048182,0.089838,0.007604,0.024446
test,9407,0,0.995223,0.002492,0.000875,0.000607,0.000803
test,9408,0,0.984526,0.008815,0.003056,0.001577,0.002027
test,9413,0,0.980533,0.010064,0.003673,0.00236,0.00337
test,9426,0,0.970085,0.016553,0.005758,0.002879,0.004726
test,9434,0,0.915734,0.027199,0.019759,0.025172,0.012136
test,9441,0,0.85777,0.052905,0.068631,0.002973,0.01772
test,9447,0,0.985313,0.007744,0.002386,0.001443,0.003113
test,9450,1,0.964633,0.013704,0.005546,0.009838,0.006279
test,9451,0,0.997421,0.001056,0.000572,0.000346,0.000605
test,9455,0,0.986258,0.006893,0.003107,0.002189,0.001554
test,9456,0,0.994417,0.002687,0.001701,0.000623,0.000573
test,9457,0,0.992051,0.004186,0.00199,0.000677,0.001096
test,9464,0,0.958389,0.015272,0.009814,0.005309,0.011216
test,9469,0,0.992514,0.003096,0.002742,0.000546,0.001102
test,9475,0,0.977454,0.010073,0.0047,0.004031,0.003743
test,9477,1,0.96499,0.020409,0.008904,0.002985,0.002711
test,9482,0,0.988036,0.005692,0.003183,0.001017,0.002072
test,9485,0,0.993916,0.003338,0.00114,0.000708,0.000898
test,9492,0,0.992001,0.004413,0.001566,0.001129,0.000892
test,9493,0,0.989462,0.005121,0.002554,0.001063,0.001801
test,9494,0,0.985636,0.007612,0.002873,0.002229,0.00165
test,9505,0,0.99254,0.00426,0.001662,0.000873,0.000664
test,9515,0,0.994336,0.002588,0.001556,0.001001,0.000519
test,9516,0,0.960223,0.025216,0.008163,0.002261,0.004136
test,9517,0,0.863977,0.062925,0.024883,0.009122,0.039093
test,9521,0,0.987899,0.007104,0.003559,0.000742,0.000697
test,9527,0,0.902835,0.050413,0.010815,0.006611,0.029327
test,9528,0,0.960516,0.021471,0.009134,0.005235,0.003644
test,9529,0,0.990523,0.005207,0.001705,0.001094,0.001471
test,9531,0,0.869412,0.024405,0.06815,0.005091,0.032941
test,9550,0,0.987113,0.006959,0.002432,0.001436,0.002061
test,9554,0,0.976224,0.010641,0.00965,0.002036,0.00145
test,9576,0,0.996086,0.00159,0.001334,0.000488,0.000502
test,9584,0,0.927343,0.048794,0.013104,0.004926,0.005832
test,9592,4,0.971276,0.018732,0.003898,0.004129,0.001965
test,9595,0,0.982732,0.009538,0.004181,0.002137,0.001411
test,9599,0,0.845809,0.040394,0.021354,0.082498,0.009945
test,9600,0,0.969591,0.014088,0.009685,0.002793,0.003843
test,9613,0,0.939296,0.025394,0.013747,0.01496,0.006603
test,9616,0,0.000265,5e-06,4e-06,1.6e-05,0.99971
test,9630,0,0.881947,0.061947,0.019965,0.008689,0.027453
test,9641,0,0.995486,0.002015,0.001478,0.000448,0.000574
test,9642,0,0.968179,0.010286,0.005934,0.00184,0.013761
test,9646,0,0.993265,0.002713,0.002817,0.00062,0.000585
test,9653,0,0.978889,0.00928,0.002454,0.0075,0.001877
test,9659,0,0.998291,0.000686,0.000686,0.00023,0.000107
test,9661,4,0.664507,0.210018,0.036296,0.019998,0.069182
test,9668,0,0.93406,0.02755,0.016095,0.009118,0.013176
test,9672,0,0.98866,0.004506,0.00093,0.002007,0.003897
test,9673,0,0.896128,0.036487,0.035706,0.005851,0.025828
test,9677,0,0.999159,0.000404,0.000272,0.000119,4.5e-05
test,9678,0,0.944293,0.020313,0.007597,0.018886,0.008911
test,9683,0,0.977655,0.003588,0.015866,0.001165,0.001726
test,9684,0,0.999045,0.000493,0.000283,0.000101,7.8e-05
test,9690,0,0.983891,0.01286,0.001842,0.000838,0.000568
test,9692,0,0.885126,0.060784,0.020434,0.023084,0.010572
test,9695,0,0.995944,0.00215,0.001091,0.000349,0.000466
test,9701,0,0.944418,0.024926,0.01219,0.005846,0.01262
test,9708,0,0.987865,0.004895,0.003199,0.002044,0.001998
test,9712,0,0.980349,0.011024,0.004435,0.002335,0.001857
test,9718,0,0.993942,0.003009,0.001578,0.000509,0.000962
test,9721,0,0.982689,0.008112,0.005494,0.001826,0.00188
test,9729,0,0.998024,0.000985,0.000534,0.00023,0.000227
test,9730,0,0.966056,0.004022,0.002479,0.001195,0.026248
test,9736,0,0.995355,0.002912,0.00112,0.000366,0.000247
test,9755,0,0.96322,0.014631,0.005885,0.007738,0.008527
test,9758,0,0.998416,0.001085,0.000216,0.000142,0.000142
test,9768,0,0.993127,0.002117,0.002205,0.001855,0.000695
test,9769,0,0.988579,0.006606,0.001946,0.001523,0.001345
test,9772,0,0.992146,0.003855,0.002697,0.00069,0.000612
test,9775,0,0.827715,0.088109,0.028187,0.015194,0.040795
test,9777,0,0.996688,0.001846,0.000761,0.000371,0.000334
test,9789,0,0.96168,0.026561,0.007168,0.002442,0.002148
test,9796,0,0.940533,0.021,0.024912,0.005502,0.008052
test,9805,0,0.972248,0.011042,0.00696,0.002692,0.007057
test,9823,0,0.970814,0.014098,0.009348,0.002181,0.003558
test,9824,0,0.990394,0.005909,0.001996,0.000612,0.001089
test,9826,0,0.991246,0.004882,0.001647,0.000921,0.001304
test,9834,0,0.994383,0.002126,0.002632,0.000392,0.000467
test,9835,0,0.989177,0.003404,0.002976,0.003132,0.001312
test,9839,0,0.996623,0.001164,0.001336,0.000263,0.000613
test,9845,0,0.995626,0.002251,0.001168,0.000404,0.000551
test,9846,0,0.995108,0.002436,0.000496,0.001657,0.000303
test,9850,0,0.565658,0.22831,0.114025,0.021857,0.07015
test,9851,0,0.892448,0.070789,0.026414,0.004508,0.005842
test,9856,0,0.977288,0.009077,0.003568,0.006503,0.003564
test,9860,0,0.936085,0.0372,0.013057,0.005012,0.008646
test,9862,0,0.950095,0.02364,0.016137,0.005077,0.005051
test,9873,0,0.969266,0.013701,0.010758,0.003926,0.002349
test,9874,0,0.935185,0.031748,0.015935,0.005137,0.011995
test,9879,0,0.941773,0.035675,0.014317,0.001683,0.006552
test,9883,0,0.98621,0.006944,0.003248,0.001263,0.002336
test,9892,0,0.991696,0.004654,0.002128,0.000761,0.000762
test,9895,0,0.87906,0.02961,0.084318,0.001988,0.005025
test,9906,0,0.998665,0.000667,0.000394,0.000145,0.000128
test,9908,0,0.975336,0.009681,0.0042,0.007996,0.002787
test,9910,0,0.944706,0.039244,0.006883,0.005032,0.004135
test,9912,0,0.000371,3.9e-05,6e-06,6e-06,0.999578
test,9919,0,0.99207,0.004163,0.00261,0.000615,0.000541
test,9920,0,0.970032,0.0144,0.005759,0.006293,0.003516
test,9925,0,0.978884,0.008145,0.007447,0.00342,0.002104
test,9926,0,0.92607,0.05003,0.008743,0.004471,0.010686
test,9928,0,0.982774,0.006606,0.005176,0.0029,0.002543
test,9959,0,0.955447,0.025592,0.013572,0.002474,0.002915
test,9963,0,0.948064,0.022505,0.018916,0.005216,0.0053
test,9967,0,0.928734,0.053698,0.01056,0.00441,0.002599
test,9978,0,0.836448,0.027173,0.125611,0.003478,0.00729
test,9998,0,0.992255,0.004434,0.001391,0.000895,0.001025
test,10001,0,0.948694,0.023645,0.01814,0.004421,0.0051
test,10018,0,0.906795,0.051554,0.018185,0.00861,0.014856
test,10044,0,0.997415,0.001476,0.000605,0.000284,0.000219
test,10051,0,0.955821,0.017964,0.009877,0.003366,0.012972
test,10054,0,0.985303,0.011073,0.001926,0.000827,0.000871
test,10056,0,0.99401,0.003511,0.001172,0.000202,0.001104
test,10062,0,0.98463,0.006489,0.004115,0.0019,0.002866
test,10085,0,0.995773,0.001931,0.001405,0.000423,0.000468
test,10103,0,0.996715,0.000881,0.001909,0.000183,0.000311
test,10106,0,0.973472,0.008153,0.007356,0.002039,0.00898
test,10107,0,0.991221,0.005364,0.001975,0.000636,0.000804
test,10108,0,0.978471,0.014327,0.005116,0.001341,0.000745
test,10115,0,0.982207,0.007258,0.005014,0.00299,0.002531
test,10137,0,0.993188,0.00349,0.00182,0.000783,0.000719
test,10141,0,0.798453,0.064162,0.028069,0.014946,0.09437
test,10143,0,0.704852,0.115,0.008964,0.068772,0.102411
test,10146,0,0.99187,0.004959,0.001753,0.000941,0.000477
test,10154,0,0.984048,0.005952,0.004777,0.001618,0.003605
test,10167,0,0.96632,0.01894,0.00785,0.001719,0.005171
test,10184,0,0.711246,0.078664,0.188361,0.010932,0.010797
test,10193,0,0.99521,0.002125,0.001458,0.00083,0.000376
test,10196,0,0.894981,0.050546,0.036525,0.007435,0.010512
test,10203,0,0.971859,0.01643,0.006151,0.00265,0.002909
test,10206,0,0.998917,0.000533,0.000193,0.000162,0.000195
test,10214,0,0.033927,0.015677,0.93394,0.008416,0.008041
test,10221,0,0.914481,0.029955,0.027397,0.015687,0.012481
test,10223,0,0.936819,0.035831,0.013713,0.004244,0.009393
test,10227,0,0.950317,0.024678,0.010496,0.004817,0.009691
test,10270,0,0.971726,0.008204,0.013748,0.003372,0.00295
test,10271,0,0.860799,0.039674,0.067718,0.020516,0.011294
test,10274,0,0.911206,0.048768,0.017102,0.007059,0.015865
test,10276,0,0.991044,0.003927,0.001681,0.00078,0.002568
test,10284,0,0.607392,0.281331,0.039729,0.010763,0.060785
test,10291,0,0.978794,0.010885,0.007209,0.001915,0.001197
test,10293,0,0.844062,0.057054,0.061159,0.010299,0.027426
test,10299,0,0.997447,0.001382,0.000648,0.000284,0.00024
test,10322,0,0.938323,0.035,0.014049,0.004423,0.008206
test,10326,0,0.908591,0.059803,0.011282,0.010438,0.009886
test,10333,0,0.96898,0.020684,0.004969,0.003313,0.002053
test,10345,0,0.700144,0.051589,0.233526,0.003261,0.011479
test,10352,0,0.856671,0.038982,0.039274,0.012998,0.052075
test,10355,0,0.995276,0.003438,0.000668,0.000349,0.000268
test,10366,0,0.978011,0.008698,0.004677,0.002762,0.005852
test,10384,1,0.59361,0.150395,0.042575,0.042566,0.170855
test,10389,0,0.986856,0.007054,0.002571,0.00134,0.002179
test,10432,0,0.991394,0.005077,0.001959,0.000829,0.000741
test,10439,0,0.993448,0.003006,0.002124,0.000931,0.00049
test,10462,3,0.94451,0.036211,0.011549,0.003339,0.004392
test,10470,0,0.980048,0.009875,0.00636,0.001497,0.002221
test,10471,0,0.962818,0.01928,0.008393,0.003668,0.00584
test,10472,0,0.970336,0.01081,0.015208,0.001914,0.001731
test,10478,0,0.982807,0.007929,0.004156,0.002256,0.002851
test,10479,0,0.008128,0.008298,0.001838,0.91583,0.065906
test,10480,0,0.994763,0.002567,0.001057,0.00108,0.000533
test,10484,0,0.96991,0.011367,0.011082,0.004524,0.003117
test,10486,0,0.996948,0.001262,0.000919,0.000557,0.000313
test,10494,0,0.915245,0.029929,0.032494,0.00994,0.012392
test,10502,0,0.991861,0.003708,0.002027,0.000945,0.001458
test,10512,0,0.840669,0.038805,0.037746,0.073315,0.009465
test,10521,0,0.946952,0.023449,0.011036,0.013626,0.004937
test,10528,0,0.793865,0.062537,0.119554,0.01149,0.012553
test,10541,0,0.97838,0.010484,0.00551,0.003121,0.002505
test,10547,0,0.834367,0.091652,0.023946,0.0419,0.008136
test,10550,0,0.953775,0.022187,0.011392,0.00879,0.003855
test,10552,0,0.979116,0.013486,0.003595,0.001338,0.002466
test,10554,0,0.996682,0.001614,0.000934,0.000326,0.000444
test,10564,0,0.965179,0.014602,0.004424,0.003116,0.012679
test,10567,0,0.990575,0.005149,0.002691,0.000821,0.000764
test,10590,0,0.929967,0.032225,0.012607,0.004516,0.020685
test,10591,0,0.965815,0.019528,0.006151,0.006096,0.00241
test,10594,0,0.947767,0.007028,0.042396,0.00191,0.0009
test,10595,0,0.989863,0.003786,0.004575,0.001143,0.000633
test,10597,0,0.997077,0.001678,0.000624,0.000476,0.000145
test,10600,0,0.94436,0.01824,0.010334,0.011146,0.01592
test,10606,0,0.431691,0.070576,0.017158,0.004602,0.475973
test,10608,3,0.979532,0.009028,0.004029,0.001669,0.005743
test,10609,3,0.329344,0.0176,0.028322,0.002735,0.621998
test,10617,0,0.971907,0.017066,0.00445,0.002609,0.003968
test,10621,0,0.995018,0.003547,0.001169,0.000145,0.000123
test,10640,0,0.914028,0.029638,0.016105,0.005293,0.034935
test,10642,0,0.660023,0.068657,0.036641,0.185629,0.04905
test,10651,0,0.918691,0.043182,0.021284,0.006001,0.010842
test,10653,0,0.886504,0.054267,0.033577,0.017324,0.008329
test,10656,0,0.983067,0.006328,0.004145,0.002622,0.003838
test,10663,0,0.97798,0.012191,0.005421,0.002608,0.001799
test,10671,0,0.976133,0.013947,0.004179,0.003001,0.002739
test,10682,0,0.96868,0.014741,0.007823,0.00536,0.003396
test,10687,0,0.981237,0.008659,0.004542,0.002145,0.003418
test,10694,0,0.882135,0.03505,0.026356,0.02496,0.0315
test,10696,0,0.973694,0.011683,0.004082,0.004811,0.00573
test,10703,0,0.978295,0.014837,0.002629,0.001384,0.002855
test,10710,0,0.941335,0.022392,0.011674,0.004806,0.019794
test,10711,0,0.879371,0.071659,0.012962,0.026903,0.009105
test,10726,0,0.623035,0.108764,0.049139,0.017779,0.201284
test,10729,0,0.993898,0.003304,0.001377,0.000668,0.000754
test,10732,0,0.663566,0.049237,0.069981,0.198338,0.018878
test,10733,0,0.975033,0.011865,0.006824,0.002903,0.003374
test,10741,0,0.92616,0.025539,0.02007,0.022462,0.005769
test,10755,0,0.983242,0.007542,0.004733,0.003229,0.001254
test,10756,1,0.877009,0.07213,0.022937,0.019602,0.008323
test,10760,0,0.957921,0.017101,0.004807,0.002671,0.0175
test,10762,0,0.971659,0.008346,0.014698,0.002837,0.00246
test,10763,0,0.976133,0.012189,0.007478,0.001667,0.002533
test,10766,0,0.971717,0.011303,0.009598,0.002437,0.004945
test,10775,0,0.950382,0.030788,0.007374,0.005538,0.00592
test,10782,0,0.959927,0.01447,0.005192,0.003086,0.017326
test,10792,0,0.181577,0.143508,0.024725,0.020088,0.630103
test,10808,0,0.956734,0.026969,0.011133,0.003342,0.001822
test,10841,0,0.001667,0.000369,6.9e-05,0.001953,0.995943
test,10843,0,0.950902,0.01885,0.006494,0.010183,0.01357
test,10854,0,0.995641,0.002907,0.000682,0.000455,0.000315
test,10859,0,0.878279,0.07306,0.024582,0.010556,0.013523
test,10885,0,0.860775,0.037442,0.034295,0.017508,0.049979
test,10886,0,0.968623,0.013154,0.014084,0.001353,0.002786
test,10887,0,0.626634,0.243313,0.076001,0.025624,0.028427
test,10895,0,0.937081,0.028454,0.019622,0.003873,0.01097
test,10899,0,0.994724,0.002399,0.001025,0.001228,0.000624
test,10902,0,0.600922,0.113623,0.251785,0.006535,0.027136
test,10908,0,0.989113,0.004866,0.001836,0.000526,0.00366
test,10910,0,0.940339,0.038827,0.009502,0.004718,0.006614
test,10914,0,0.989116,0.007933,0.001865,0.000582,0.000504
test,10918,0,0.995166,0.002663,0.001134,0.000596,0.00044
test,10922,0,0.992209,0.006,0.001554,0.000157,8.1e-05
test,10932,0,0.374477,0.024704,0.003819,0.043705,0.553295
test,10936,0,0.977636,0.0128,0.004921,0.001768,0.002875
test,10941,0,0.886425,0.062292,0.024151,0.01253,0.014602
test,10951,0,0.902875,0.048052,0.021422,0.011062,0.01659
test,10956,0,0.909719,0.067965,0.010085,0.005976,0.006255
test,10966,0,0.980391,0.011374,0.004806,0.00128,0.002149
test,10970,0,0.827152,0.056002,0.027425,0.040882,0.048539
test,10992,0,0.931419,0.043238,0.011874,0.004945,0.008524
test,10998,0,0.947295,0.022764,0.009573,0.004021,0.016347
test,11005,0,0.397735,0.032255,0.005867,0.544435,0.019708
test,11009,0,0.990673,0.00544,0.001559,0.000773,0.001554
test,11013,0,0.990904,0.004579,0.001784,0.000603,0.00213
test,11014,0,0.982099,0.008971,0.004063,0.00191,0.002957
test,11015,0,0.959688,0.025979,0.005541,0.004293,0.0045
test,11023,0,0.856662,0.100386,0.014628,0.012431,0.015893
test,11025,0,0.978309,0.010591,0.004302,0.003923,0.002875
test,11027,0,0.979778,0.008718,0.004052,0.005456,0.001997
test,11032,0,0.987884,0.008996,0.00158,0.000929,0.000611
test,11034,0,0.766221,0.023207,0.00777,0.009907,0.192895
test,11037,0,0.990571,0.005026,0.002173,0.001116,0.001114
test,11040,0,0.80805,0.036959,0.020127,0.008531,0.126332
test,11058,0,0.994015,0.003473,0.001193,0.000467,0.000851
test,11079,0,0.989812,0.00531,0.002559,0.001159,0.00116
test,11081,0,0.512039,0.188579,0.002458,0.001786,0.295138
test,11101,4,0.000356,0.000667,3.7e-05,0.015728,0.983211
test,11103,0,0.9054,0.067959,0.009435,0.004943,0.012262
test,11133,0,0.864791,0.071143,0.019595,0.00814,0.036332
test,11142,0,0.912676,0.042296,0.015389,0.024429,0.005209
test,11149,0,0.920937,0.024574,0.009499,0.009778,0.035212
test,11155,0,0.869342,0.078776,0.02599,0.004665,0.021226
test,11156,0,0.96874,0.020855,0.004942,0.002421,0.003042
test,11159,0,0.9755,0.013213,0.005958,0.001866,0.003462
test,11168,3,0.892756,0.039117,0.025768,0.031021,0.011338
test,11172,0,0.908112,0.036863,0.027419,0.010247,0.017359
test,11191,0,0.982129,0.009227,0.002943,0.004059,0.001642
test,11192,0,0.356937,0.287094,0.084917,0.044035,0.227017
test,11200,0,0.757401,0.028518,0.01494,0.009123,0.190018
test,11204,0,0.99861,0.000694,0.000433,0.000145,0.000119
test,11208,0,0.962687,0.019481,0.008075,0.005321,0.004436
test,11216,0,0.992212,0.003874,0.001261,0.001618,0.001035
test,11221,4,0.963073,0.02154,0.006802,0.003155,0.00543
test,11229,0,0.967053,0.018782,0.006596,0.00272,0.004849
test,11250,0,0.894329,0.032604,0.017072,0.008726,0.047269
test,11256,0,0.981692,0.008905,0.006484,0.001339,0.00158
test,11268,0,0.992389,0.004317,0.001933,0.000968,0.000392
test,11286,0,0.796875,0.143728,0.016773,0.024364,0.018259
test,11289,0,0.980678,0.009949,0.002536,0.004807,0.002029
test,11291,0,0.513139,0.060164,0.02417,0.009664,0.392863
test,11297,0,0.920623,0.041093,0.030686,0.002931,0.004667
test,11299,0,0.994746,0.002832,0.001791,0.00025,0.000382
test,11300,0,0.784242,0.153003,0.01616,0.015986,0.030609
test,11308,3,0.832712,0.056867,0.030835,0.055942,0.023644
test,11309,0,0.985889,0.011222,0.001274,0.000774,0.000842
test,11311,0,0.843885,0.095818,0.038329,0.010686,0.011281
test,11313,0,0.970236,0.010733,0.005048,0.005152,0.00883
test,11317,0,0.991766,0.003859,0.001139,0.00086,0.002376
test,11322,0,0.74471,0.016084,0.225363,0.005146,0.008697
test,11334,0,0.972008,0.014912,0.005668,0.003138,0.004274
test,11351,0,0.995151,0.001657,0.00107,0.00147,0.000652
test,11354,3,0.993342,0.002805,0.002798,0.00051,0.000545
test,11363,0,0.96208,0.024283,0.004716,0.002308,0.006613
test,11374,0,0.743412,0.18508,0.016676,0.011133,0.043699
test,11375,0,0.732028,0.150296,0.04402,0.042417,0.031238
test,11381,0,0.935775,0.032751,0.013066,0.006251,0.012157
test,11393,0,0.937693,0.027059,0.017436,0.00596,0.011852
test,11394,0,0.994813,0.003061,0.001215,0.000472,0.000438
test,11402,0,0.898948,0.009653,0.084706,0.002458,0.004236
test,11404,0,0.974662,0.012503,0.006362,0.003011,0.003462
test,11411,0,0.952887,0.023852,0.011074,0.006678,0.005508
test,11413,0,0.968213,0.019817,0.00607,0.002251,0.00365
test,11417,0,0.850447,0.064696,0.01891,0.014866,0.05108
test,11425,0,0.885507,0.032854,0.020187,0.026415,0.035037
test,11426,0,0.979125,0.013761,0.002681,0.001531,0.002902
test,11439,0,0.992023,0.003526,0.001971,0.001548,0.000933
test,11444,0,0.396927,0.554116,0.035929,0.005261,0.007768
test,11460,0,0.641749,0.046865,0.016823,0.006886,0.287676
test,11465,0,0.964683,0.027839,0.004708,0.0014,0.001371
test,11466,0,0.997009,0.001453,0.00068,0.000619,0.00024
test,11475,0,0.799987,0.167277,0.015855,0.004796,0.012084
test,11478,0,0.956111,0.019174,0.009932,0.004088,0.010695
test,11479,0,0.901598,0.05293,0.018504,0.006229,0.020739
test,11484,4,0.609314,0.02948,0.032776,0.060399,0.268031
test,11489,0,0.81861,0.079835,0.023572,0.031544,0.046439
test,11498,2,0.811177,0.070428,0.037701,0.038853,0.04184
test,11502,0,0.962951,0.019986,0.008463,0.003612,0.004988
test,11516,0,0.995702,0.001817,0.001403,0.000511,0.000566
test,11536,0,0.922639,0.057441,0.012908,0.004815,0.002197
test,11537,0,0.880899,0.018137,0.009205,0.003823,0.087937
test,11545,0,0.994584,0.002013,0.001658,0.00067,0.001075
test,11553,4,0.538994,0.247134,0.05737,0.013873,0.14263
test,11556,0,0.926398,0.022766,0.021512,0.003957,0.025367
test,11557,0,0.912938,0.04759,0.019963,0.004939,0.014569
test,11561,0,0.979998,0.010531,0.003717,0.003464,0.002291
test,11562,0,0.993452,0.00433,0.001049,0.000422,0.000748
test,11576,0,0.992933,0.005253,0.000948,0.000362,0.000504
test,11580,0,0.074612,0.007303,0.003455,0.913631,0.000998
test,11581,0,0.984674,0.006372,0.003908,0.003412,0.001634
test,11584,0,0.938298,0.034721,0.016359,0.006779,0.003842
test,11588,0,0.869867,0.059807,0.048909,0.009878,0.011539
test,11591,0,0.975756,0.010158,0.003249,0.001614,0.009223
test,11594,0,0.959536,0.022343,0.009163,0.004215,0.004744
test,11599,0,0.970187,0.014681,0.0085,0.004088,0.002544
test,11605,0,0.975122,0.012244,0.006426,0.003278,0.00293
test,11607,0,0.95731,0.01666,0.012062,0.006864,0.007103
test,11613,0,0.945866,0.034059,0.009058,0.003119,0.007898
test,11620,0,0.967111,0.014756,0.010265,0.002489,0.005379
test,11621,0,0.155703,0.019338,0.816283,0.004254,0.004422
test,11631,0,0.994874,0.002813,0.001253,0.000789,0.000271
test,11641,0,0.993194,0.00429,0.001189,0.000979,0.000348
test,11664,0,0.85289,0.072287,0.018216,0.031474,0.025133
test,11685,0,0.955746,0.02508,0.007094,0.004427,0.007652
test,11687,0,0.142259,0.027287,0.016693,0.809293,0.004468
test,11691,0,0.952639,0.025438,0.013363,0.003898,0.004663
test,11697,0,0.984662,0.007587,0.003371,0.002314,0.002067
test,11698,0,0.981796,0.008918,0.004098,0.00258,0.002608
test,11700,0,0.993382,0.004008,0.001295,0.000564,0.000751
test,11702,0,0.992898,0.003566,0.001852,0.000734,0.00095
test,11709,0,0.682982,0.088468,0.11511,0.048886,0.064554
test,11711,0,0.899633,0.069725,0.0189,0.004075,0.007666
test,11713,0,0.888425,0.083033,0.014548,0.004361,0.009633
test,11714,0,0.963452,0.015006,0.016227,0.002112,0.003203
test,11717,0,0.67656,0.048418,0.073547,0.006469,0.195006
test,11727,0,0.998443,0.000823,0.000392,0.000195,0.000147
test,11728,0,0.993564,0.003785,0.001123,0.000885,0.000643
test,11731,0,0.994596,0.003167,0.001178,0.000385,0.000674
test,11745,0,0.984197,0.007484,0.006128,0.001094,0.001098
test,11754,0,0.983047,0.009508,0.003162,0.001384,0.002898
test,11762,0,0.97744,0.010512,0.005801,0.00185,0.004397
test,11764,0,0.882602,0.079415,0.013524,0.006361,0.018097
test,11771,0,0.965203,0.018917,0.007838,0.004395,0.003647
test,11776,0,0.927794,0.031186,0.023207,0.006742,0.011072
test,11779,0,0.977084,0.011839,0.004214,0.003329,0.003533
test,11781,0,0.997226,0.000867,0.001194,0.000211,0.000502
test,11790,4,0.913622,0.039918,0.037127,0.00544,0.003892
test,11802,0,0.998461,0.000897,0.000356,0.000153,0.000134
test,11805,0,0.814044,0.074318,0.044979,0.014592,0.052068
test,11818,0,0.755917,0.092456,0.038367,0.039463,0.073797
test,11827,0,0.911126,0.029372,0.013327,0.010384,0.035791
test,11830,0,0.964812,0.007192,0.003751,0.005173,0.019072
test,11849,0,0.992555,0.003778,0.001058,0.000876,0.001733
test,11850,0,0.992518,0.004489,0.001508,0.000924,0.000561
test,11853,0,0.98449,0.007101,0.00328,0.001358,0.00377
test,11883,0,0.915515,0.038901,0.014091,0.022324,0.009169
test,11888,0,0.995832,0.002228,0.000826,0.000425,0.00069
test,11905,0,0.991315,0.006215,0.000963,0.000642,0.000865
test,11907,0,0.947397,0.015018,0.008839,0.004434,0.024312
test,11922,4,0.939515,0.038557,0.010605,0.004656,0.006667
test,11925,0,0.997909,0.000994,0.000463,0.000319,0.000315
test,11932,0,0.899042,0.023001,0.011818,0.00489,0.061248
test,11933,0,0.896963,0.020144,0.05477,0.006756,0.021368
test,11953,0,0.91145,0.047984,0.014687,0.007401,0.018478
test,11968,0,0.970242,0.014405,0.006706,0.003645,0.005002
test,11969,0,0.944029,0.038807,0.007554,0.002915,0.006695
test,11975,0,0.945688,0.001806,0.044029,0.00105,0.007427
test,11979,0,0.996281,0.002669,0.000514,0.000258,0.000279
test,11983,0,0.993471,0.004018,0.001103,0.00055,0.000858
test,11988,0,0.998951,0.000573,0.00022,0.00014,0.000116
test,11993,0,0.870719,0.061653,0.015464,0.04129,0.010875
test,11996,0,0.998627,0.000824,0.00025,0.00013,0.000169
test,12001,0,0.410955,0.102352,0.041258,0.425506,0.019928
test,12008,0,0.990677,0.007041,0.00141,0.000485,0.000387
test,12010,0,0.608221,0.1311,0.18359,0.028896,0.048192
test,12012,0,0.973028,0.014631,0.005816,0.002153,0.004372
test,12016,0,0.960292,0.028678,0.006962,0.001214,0.002855
test,12025,0,0.99054,0.003962,0.003305,0.001119,0.001074
test,12030,0,0.971176,0.014091,0.005283,0.002923,0.006527
test,12032,0,0.996619,0.002677,0.00025,0.000108,0.000346
test,12040,0,0.977339,0.012744,0.004901,0.002362,0.002654
test,12045,0,0.92461,0.023352,0.039771,0.005701,0.006566
test,12052,0,0.948964,0.013366,0.008982,0.003359,0.02533
test,12053,0,0.15878,0.061386,0.016781,0.012244,0.750809
test,12059,0,1e-06,0.0,0.0,0.0,0.999998
test,12073,0,0.950762,0.026799,0.007581,0.006705,0.008153
test,12079,0,0.124996,0.047241,0.007888,0.003609,0.816265
test,12086,0,0.948265,0.024196,0.017998,0.006174,0.003366
test,12088,0,0.992123,0.004265,0.002343,0.000774,0.000496
test,12096,0,0.988004,0.005767,0.00406,0.001091,0.001079
test,12117,0,0.99253,0.00358,0.002486,0.000778,0.000626
test,12121,0,0.992014,0.003662,0.001681,0.000993,0.00165
test,12130,0,0.626464,0.103865,0.1395,0.017944,0.112227
test,12144,4,8e-06,0.0,1e-06,0.0,0.99999
test,12155,0,0.983737,0.008612,0.004,0.001636,0.002015
test,12156,0,0.952208,0.030635,0.00845,0.00338,0.005326
test,12163,0,0.985977,0.007455,0.003144,0.001161,0.002263
test,12166,0,0.97181,0.012214,0.004959,0.008166,0.002851
test,12167,0,0.85617,0.027766,0.01989,0.010104,0.08607
test,12187,0,0.988263,0.006422,0.002273,0.000953,0.002089
test,12195,0,0.882213,0.081385,0.015152,0.006014,0.015236
test,12198,0,0.941931,0.032202,0.011997,0.004241,0.009629
test,12213,0,0.942811,0.031226,0.010901,0.004316,0.010745
test,12226,0,0.956912,0.026817,0.006057,0.004448,0.005766
test,12238,0,0.83955,0.076626,0.017742,0.013376,0.052706
test,12247,0,0.956554,0.013463,0.017688,0.00588,0.006416
test,12249,0,0.994316,0.003177,0.001558,0.000465,0.000483
test,12250,0,0.996152,0.002554,0.000706,0.00036,0.000227
test,12271,0,0.988537,0.005434,0.003306,0.000719,0.002004
test,12281,0,0.633508,0.025214,0.325019,0.004151,0.012108
test,12287,0,0.83084,0.025293,0.01643,0.00908,0.118358
test,12293,0,0.965498,0.0197,0.006887,0.003008,0.004907
test,12298,0,0.892272,0.056926,0.025941,0.011383,0.013478
test,12300,0,0.979986,0.008016,0.00397,0.002684,0.005344
test,12301,0,0.989203,0.005562,0.00262,0.00151,0.001106
test,12305,0,0.976487,0.014578,0.00417,0.002092,0.002673
test,12316,0,0.897928,0.065321,0.025883,0.006413,0.004455
test,12322,0,0.9305,0.024718,0.012446,0.008891,0.023444
test,12323,0,0.995175,0.002101,0.001497,0.000516,0.000712
test,12332,0,0.886264,0.039125,0.016979,0.051876,0.005756
test,12335,0,0.573316,0.020265,0.011063,0.007136,0.388219
test,12338,0,0.973994,0.011208,0.007414,0.005156,0.002227
test,12339,0,0.992664,0.003168,0.001802,0.000574,0.001791
test,12340,0,0.954133,0.02191,0.00893,0.010319,0.004708
test,12342,0,0.787633,0.03753,0.022432,0.099865,0.05254
test,12345,0,0.913458,0.050798,0.01337,0.00797,0.014404
test,12356,0,0.994534,0.002955,0.001432,0.000563,0.000516
test,12365,0,0.662958,0.018462,0.011739,0.301171,0.00567
test,12366,0,0.99608,0.002589,0.000481,0.000444,0.000406
test,12390,0,0.994893,0.003109,0.001084,0.000488,0.000426
test,12392,0,0.969999,0.016041,0.006925,0.003733,0.003302
test,12398,0,0.970197,0.015445,0.008126,0.003813,0.002419
test,12403,0,0.807147,0.018446,0.169046,0.002171,0.003189
test,12404,0,0.936047,0.033659,0.011445,0.008165,0.010684
test,12417,0,0.414187,0.562406,0.008288,0.008462,0.006657
test,12423,0,0.977154,0.012646,0.005236,0.002361,0.002604
test,12432,0,0.780893,0.034314,0.010909,0.007539,0.166345
test,12438,0,0.488236,0.028748,0.030481,0.011751,0.440784
test,12439,0,0.942109,0.031275,0.0116,0.004175,0.010841
test,12446,0,0.994409,0.00276,0.001259,0.000585,0.000986
test,12448,0,0.983458,0.007607,0.002315,0.005159,0.001461
test,12453,0,0.543791,0.027803,0.011983,0.005294,0.411129
test,12457,0,0.993422,0.003517,0.001468,0.000725,0.000869
test,12484,0,0.994855,0.001814,0.00109,0.000848,0.001393
test,12485,0,0.968905,0.012406,0.006357,0.003033,0.009299
test,12486,0,0.926625,0.025654,0.013332,0.029655,0.004734
test,12491,0,0.949926,0.022458,0.012904,0.004539,0.010173
test,12506,0,0.98337,0.011586,0.002884,0.000661,0.001499
test,12510,0,0.96523,0.015073,0.009209,0.002053,0.008434
test,12514,0,0.530073,0.158097,0.053545,0.039572,0.218714
test,12516,0,0.983626,0.010181,0.004043,0.00126,0.000889
test,12521,0,0.571176,0.068629,0.01617,0.008668,0.335357
test,12522,0,0.95621,0.026043,0.007728,0.003752,0.006266
test,12526,0,0.958802,0.014898,0.01175,0.005294,0.009256
test,12532,0,0.948962,0.030149,0.009281,0.003664,0.007944
test,12534,0,0.87183,0.061302,0.021559,0.021126,0.024183
test,12540,0,0.987821,0.006515,0.002715,0.00187,0.00108
test,12545,0,0.672541,0.24244,0.036535,0.018505,0.029979
test,12546,0,0.984032,0.008333,0.003664,0.00163,0.002341
test,12555,0,0.99341,0.003472,0.001648,0.000585,0.000886
test,12558,0,0.967273,0.02161,0.004918,0.001757,0.004443
test,12560,0,0.973819,0.009871,0.008191,0.001716,0.006402
test,12574,0,0.96275,0.014982,0.006238,0.002403,0.013627
test,12577,0,0.978231,0.011701,0.004042,0.003039,0.002986
test,12578,0,0.984919,0.009979,0.002062,0.001192,0.001847
test,12585,0,0.997902,0.000901,0.000441,0.000291,0.000465
test,12586,3,0.920478,0.052119,0.012531,0.004421,0.01045
test,12604,0,0.939897,0.018967,0.017041,0.012832,0.011263
test,12606,0,0.943749,0.034188,0.010173,0.006916,0.004973
test,12615,0,0.951133,0.031453,0.007661,0.002753,0.007
test,12621,0,0.937788,0.02124,0.013115,0.010545,0.017313
test,12635,0,0.927917,0.033546,0.019328,0.013609,0.0056
test,12637,0,0.905812,0.038609,0.034585,0.00995,0.011044
test,12661,0,0.996322,0.002025,0.000861,0.000386,0.000406
test,12668,0,0.973057,0.020516,0.004357,0.001078,0.000993
test,12685,0,0.906286,0.048401,0.021677,0.008003,0.015633
test,12700,0,0.996488,0.002156,0.000818,0.000306,0.000232
test,12707,0,0.87376,0.074186,0.017879,0.021177,0.012997
test,12709,0,0.987453,0.004873,0.003336,0.000761,0.003578
test,12711,0,0.929022,0.031658,0.018781,0.011859,0.00868
test,12722,0,0.781709,0.023558,0.176751,0.005503,0.012479
test,12729,0,0.97524,0.011402,0.005556,0.003606,0.004196
test,12730,0,0.956922,0.022597,0.011407,0.001911,0.007163
test,12731,0,0.988352,0.005364,0.003252,0.001574,0.001457
test,12732,0,0.928586,0.052973,0.008588,0.004583,0.00527
test,12736,0,0.98259,0.009628,0.004343,0.001808,0.001631
test,12745,0,0.998513,0.000764,0.000319,0.000271,0.000132
test,12762,0,0.994977,0.002457,0.001209,0.000442,0.000915
test,12781,0,0.793368,0.012505,0.020359,0.163995,0.009773
test,12783,0,0.999096,0.000505,0.000181,9.2e-05,0.000126
test,12784,0,0.173155,0.011471,0.002008,0.028691,0.784676
test,12789,0,0.980837,0.012265,0.003559,0.002053,0.001286
test,12798,0,0.988347,0.001376,0.009486,0.000305,0.000486
test,12800,0,0.941054,0.032419,0.010881,0.008608,0.007039
test,12808,0,0.997634,0.001207,0.000521,0.000328,0.00031
test,12811,0,0.993846,0.00375,0.001016,0.000602,0.000787
test,12817,0,0.974076,0.013129,0.005807,0.002857,0.004131
test,12824,0,0.998579,0.000707,0.000448,0.00012,0.000145
test,12835,0,0.433707,0.052176,0.015645,0.03738,0.461092
test,12839,0,0.984936,0.011376,0.001271,0.000374,0.002043
test,12840,0,0.996516,0.001998,0.00074,0.000248,0.000498
test,12848,0,0.997826,0.001213,0.000544,0.000246,0.000171
test,12849,0,0.907459,0.029571,0.009374,0.009061,0.044536
test,12867,0,0.919537,0.045058,0.017295,0.00761,0.0105
test,12872,0,0.994029,0.003588,0.000815,0.001194,0.000374
test,12876,1,0.97961,0.010635,0.006015,0.001486,0.002255
test,12885,0,0.950512,0.021976,0.010424,0.003713,0.013375
test,12891,0,0.014445,0.005563,0.953371,0.001528,0.025093
test,12892,0,0.96776,0.016062,0.006716,0.002196,0.007266
test,12896,0,0.870106,0.035385,0.026566,0.045707,0.022237
test,12897,0,0.950118,0.026106,0.014253,0.005128,0.004394
test,12899,0,0.941453,0.014612,0.010095,0.029218,0.004622
test,12914,0,0.996559,0.002691,0.000323,9.3e-05,0.000334
test,12918,0,0.965798,0.016303,0.009869,0.002686,0.005344
test,12923,0,0.961928,0.006072,0.016993,0.005427,0.00958
test,12924,0,0.937365,0.011807,0.005176,0.001346,0.044307
test,12942,0,0.97985,0.010803,0.004631,0.002439,0.002277
test,12946,0,0.983207,0.006065,0.005177,0.003301,0.002249
test,12970,0,0.985099,0.008212,0.003836,0.00152,0.001333
test,12973,0,0.95681,0.01881,0.010451,0.004918,0.00901
test,12976,0,0.962221,0.018191,0.011922,0.003677,0.003989
test,12979,0,0.981423,0.009778,0.005285,0.002154,0.00136
test,12980,0,0.989856,0.004637,0.002166,0.001082,0.002258
test,12999,0,0.776362,0.095366,0.039496,0.009134,0.079642
test,13012,0,0.850356,0.040377,0.052575,0.045272,0.01142
test,13019,0,0.857578,0.058893,0.022914,0.018465,0.042151
test,13022,0,0.987957,0.005671,0.004162,0.001153,0.001057
test,13039,0,0.986111,0.005314,0.003792,0.001797,0.002986
test,13040,0,0.983289,0.008383,0.004608,0.002763,0.000956
test,13043,0,0.961532,0.016875,0.004678,0.001455,0.015459
test,13047,0,0.981438,0.007508,0.002046,0.007404,0.001604
test,13052,0,0.981368,0.009054,0.0056,0.001655,0.002323
test,13056,0,0.731496,0.03729,0.011853,0.028269,0.191092
test,13071,0,0.985588,0.009485,0.002982,0.000788,0.001156
test,13073,0,0.976498,0.011828,0.005708,0.003212,0.002754
test,13076,0,0.981717,0.008705,0.00475,0.002326,0.002502
test,13084,0,0.990565,0.004514,0.002514,0.001113,0.001293
test,13085,0,0.99727,0.001919,0.000462,0.000141,0.000207
test,13103,0,0.967381,0.012849,0.010453,0.003888,0.005429
test,13106,0,0.979691,0.010627,0.006732,0.001526,0.001424
test,13108,0,0.994038,0.002964,0.001219,0.001188,0.000591
test,13113,0,0.960466,0.017606,0.011169,0.003951,0.006808
test,13115,0,0.984897,0.007523,0.004944,0.001126,0.00151
test,13118,0,0.944859,0.031601,0.011147,0.005297,0.007095
test,13119,0,0.858951,0.020301,0.013408,0.017574,0.089766
test,13121,0,0.998772,0.000578,0.000388,0.000118,0.000143
test,13127,0,0.985322,0.009253,0.003373,0.001195,0.000857
test,13133,0,0.935838,0.031091,0.016303,0.004448,0.01232
test,13146,0,0.907234,0.032511,0.030708,0.015194,0.014353
test,13159,0,0.001975,8.8e-05,3.8e-05,0.000715,0.997183
test,13180,0,0.911638,0.043231,0.024329,0.007339,0.013463
test,13187,0,0.978167,0.01077,0.006428,0.001532,0.003103
test,13189,0,0.948387,0.02276,0.018131,0.003601,0.007121
test,13190,0,0.963706,0.013807,0.006293,0.011488,0.004706
test,13201,0,0.967663,0.018063,0.007828,0.003341,0.003104
test,13203,0,0.995186,0.000896,0.002996,0.000801,0.000121
test,13212,0,0.853531,0.029327,0.008338,0.002095,0.10671
test,13217,0,0.132654,0.009591,0.81332,0.00202,0.042415
test,13218,0,0.98897,0.006067,0.003218,0.000824,0.000922
test,13221,0,0.934733,0.023891,0.02449,0.008814,0.008072
test,13226,0,0.894688,0.051673,0.023011,0.014477,0.016151
test,13242,0,0.946415,0.043246,0.005666,0.001994,0.002678
test,13248,0,0.99556,0.003385,0.000587,0.000214,0.000253
test,13251,0,0.925508,0.047002,0.01141,0.004503,0.011576
test,13262,0,0.971011,0.007143,0.013658,0.000994,0.007193
test,13265,0,0.993846,0.003081,0.002172,0.000469,0.000432
test,13271,0,0.973339,0.013018,0.00492,0.004033,0.00469
test,13272,0,0.941534,0.027229,0.022195,0.00469,0.004352
test,13274,0,0.988014,0.006935,0.003329,0.000983,0.000738
test,13277,0,0.917967,0.052435,0.014787,0.004712,0.010099
test,13278,0,0.974993,0.011437,0.00459,0.005459,0.003521
test,13297,0,0.973909,0.011581,0.010289,0.00209,0.002131
test,13304,0,0.98618,0.008381,0.002567,0.001512,0.00136
test,13313,0,0.940636,0.020416,0.016232,0.011842,0.010875
test,13335,0,0.990458,0.004913,0.00227,0.000789,0.00157
test,13337,0,0.922505,0.036563,0.002855,0.009291,0.028787
test,13338,0,0.98397,0.006985,0.001453,0.005544,0.002049
test,13339,0,0.874492,0.078006,0.034061,0.005116,0.008325
test,13342,0,0.889523,0.063854,0.015572,0.022275,0.008777
test,13345,0,0.975182,0.012058,0.005098,0.002136,0.005525
test,13346,0,0.043805,0.013855,0.89261,0.046208,0.003522
test,13353,0,0.579539,0.11319,0.044575,0.011037,0.251659
test,13367,0,0.90882,0.071862,0.013496,0.002924,0.002898
test,13389,0,0.958756,0.021489,0.008052,0.002666,0.009037
test,13391,0,0.951843,0.026181,0.009374,0.002933,0.00967
test,13402,0,0.995733,0.002226,0.000849,0.000519,0.000673
test,13409,0,0.964416,0.028904,0.003792,0.001859,0.001029
test,13416,0,0.910603,0.047667,0.019572,0.007569,0.014588
test,13418,0,0.96754,0.014972,0.006797,0.005435,0.005257
test,13424,0,0.983711,0.006365,0.003974,0.002916,0.003034
test,13447,0,0.964981,0.019373,0.005852,0.004236,0.005559
test,13455,0,0.921171,0.027523,0.02056,0.021538,0.009208
test,13456,0,0.997155,0.001446,0.000745,0.00041,0.000245
test,13459,0,0.995149,0.002718,0.001171,0.00063,0.000332
test,13461,0,0.978343,0.007413,0.004556,0.006731,0.002957
test,13466,0,0.987597,0.006849,0.002857,0.001084,0.001614
test,13487,0,0.963772,0.017545,0.004921,0.010468,0.003294
test,13488,0,0.975274,0.016467,0.004434,0.001422,0.002403
test,13489,0,0.985063,0.007016,0.003245,0.001291,0.003385
test,13491,0,0.986949,0.0097,0.001924,0.000946,0.000481
test,13494,0,0.973147,0.010861,0.005796,0.005431,0.004765
test,13498,0,0.988746,0.007816,0.001828,0.000782,0.000827
test,13499,0,0.974895,0.018342,0.004312,0.001228,0.001224
test,13523,1,0.95236,0.021378,0.016435,0.005003,0.004825
test,13524,0,0.987285,0.005185,0.003192,0.002941,0.001399
test,13530,0,0.996851,0.001816,0.000611,0.000359,0.000363
test,13551,0,0.950037,0.030059,0.007936,0.007312,0.004657
test,13564,0,0.980576,0.010346,0.005002,0.002121,0.001954
test,13578,0,0.98752,0.007586,0.002712,0.001099,0.001082
test,13589,0,0.889928,0.030507,0.022067,0.005419,0.052079
test,13590,0,0.925878,0.047426,0.011957,0.006908,0.00783
test,13598,0,0.990224,0.004553,0.002549,0.001359,0.001315
test,13616,0,0.925395,0.029834,0.024411,0.009068,0.011291
test,13617,0,0.976613,0.009369,0.008644,0.001908,0.003466
test,13622,0,0.997997,0.000839,0.000623,0.000221,0.000321
test,13631,0,0.991532,0.004495,0.000882,0.00098,0.002112
test,13640,0,0.976587,0.015527,0.003149,0.001812,0.002926
test,13641,0,0.987498,0.007507,0.00281,0.001078,0.001107
test,13651,0,0.955496,0.025831,0.010108,0.005626,0.002939
test,13654,0,0.889151,0.082237,0.01297,0.010943,0.004699
test,13657,0,0.021074,0.013309,0.002111,0.001351,0.962155
test,13665,0,0.974773,0.011202,0.006797,0.00344,0.003788
test,13670,0,0.984549,0.01062,0.002375,0.00092,0.001536
test,13676,0,0.985285,0.007127,0.003348,0.000947,0.003294
test,13677,0,0.660755,0.041974,0.019922,0.259604,0.017745
test,13686,0,0.988341,0.005259,0.002861,0.001182,0.002357
test,13687,0,0.998552,0.000568,0.000431,0.000168,0.000281
test,13689,0,0.857828,0.033098,0.01581,0.087323,0.005942
test,13704,0,0.961139,0.022257,0.009233,0.004305,0.003066
test,13707,0,0.924191,0.021185,0.024357,0.025179,0.005088
test,13713,0,0.954917,0.016402,0.018972,0.002741,0.006968
test,13723,0,0.93456,0.034336,0.017871,0.00756,0.005673
test,13732,0,0.996405,0.002162,0.00082,0.000317,0.000295
test,13734,0,0.949333,0.021169,0.006204,0.008591,0.014703
test,13738,0,0.979073,0.008631,0.004205,0.006276,0.001815
test,13742,0,0.917639,0.060086,0.010059,0.003212,0.009004
test,13753,0,0.808483,0.058006,0.055109,0.063123,0.01528
test,13762,0,0.997654,0.001009,0.000357,0.000879,0.000102
test,13783,0,0.970407,0.014073,0.007074,0.00217,0.006276
test,13797,0,0.994603,0.002755,0.000878,0.00039,0.001374
test,13801,0,0.963319,0.015017,0.012358,0.002535,0.00677
test,13804,0,0.966534,0.016248,0.008617,0.003226,0.005375
test,13805,0,0.585157,0.018232,0.024849,0.007515,0.364246
test,13837,0,0.950858,0.027199,0.009861,0.005902,0.006179
test,13838,0,0.973377,0.012466,0.003385,0.005107,0.005665
test,13840,0,0.588307,0.015633,0.388153,0.001612,0.006296
test,13841,0,0.431698,0.18396,0.191266,0.044677,0.148399
test,13846,0,0.909353,0.023456,0.034194,0.004077,0.028921
test,13857,0,0.990625,0.004688,0.001812,0.001362,0.001514
test,13858,0,0.984257,0.006571,0.004286,0.003065,0.001821
test,13876,0,0.986371,0.008269,0.002863,0.001648,0.000849
test,13878,0,0.987281,0.005021,0.00461,0.001523,0.001565
test,13879,0,0.967114,0.017673,0.004407,0.003057,0.007749
test,13887,0,0.696231,0.049176,0.113762,0.121297,0.019533
test,13891,0,0.81923,0.041482,0.111331,0.014339,0.013618
test,13900,0,0.749006,0.166971,0.021349,0.049897,0.012777
test,13903,4,0.646242,0.186506,0.051173,0.031043,0.085036
test,13915,0,0.974822,0.011945,0.008713,0.001328,0.003192
test,13923,0,0.943763,0.019504,0.0106,0.021402,0.004731
test,13924,0,0.960148,0.025589,0.005438,0.006163,0.002662
test,13926,0,0.973732,0.007862,0.002692,0.002348,0.013366
test,13933,0,0.998797,0.000639,0.000299,0.000198,6.7e-05
test,13940,0,0.998226,0.000825,0.000526,0.000198,0.000225
test,13946,0,0.964491,0.025049,0.004685,0.002358,0.003417
test,13947,0,0.962865,0.018243,0.010148,0.005006,0.003738
test,13957,0,0.937271,0.025984,0.010224,0.02142,0.005101
test,13966,0,0.95929,0.022594,0.008424,0.004986,0.004707
test,13969,0,0.993877,0.003991,0.001083,0.000477,0.000571
test,13971,0,0.963111,0.016532,0.008451,0.009209,0.002697
test,13975,0,0.918145,0.03854,0.027771,0.007573,0.007972
test,13978,0,0.890041,0.069619,0.018955,0.011918,0.009468
test,13979,0,0.996719,0.001313,0.000767,0.000655,0.000545
test,13984,0,0.935802,0.030037,0.020366,0.005221,0.008573
test,13986,0,0.917751,0.029515,0.027045,0.0058,0.019889
test,13997,0,0.996822,0.001736,0.00075,0.000289,0.000404
test,13998,0,0.995743,0.002303,0.001227,0.000324,0.000403
test,13999,0,0.997166,0.001694,0.000524,0.000353,0.000263
test,14000,0,0.945484,0.033129,0.011574,0.004578,0.005236
test,14008,0,0.988022,0.007974,0.001891,0.001418,0.000695
test,14025,0,0.859722,0.036772,0.036866,0.04959,0.01705
test,14029,0,0.854577,0.104996,0.019538,0.007599,0.01329
test,14031,0,0.991692,0.00477,0.001312,0.000662,0.001563
test,14040,0,0.984004,0.010683,0.003445,0.000815,0.001053
test,14047,0,0.867921,0.014893,0.108506,0.001447,0.007233
test,14051,0,0.996551,0.001706,0.000587,0.000245,0.000911
test,14064,0,0.997811,0.001077,0.000417,0.000279,0.000416
test,14067,0,0.984012,0.010338,0.00269,0.000983,0.001977
test,14070,0,0.986667,0.007133,0.004112,0.001203,0.000886
test,14071,0,0.914647,0.037627,0.021531,0.008143,0.018052
test,14080,0,0.936476,0.031087,0.015914,0.006372,0.01015
test,14089,0,0.997984,0.000835,0.000986,0.000121,7.4e-05
test,14090,0,0.974901,0.011102,0.006775,0.002976,0.004246
test,14094,0,0.94475,0.009306,0.023496,0.010361,0.012087
test,14104,4,0.977097,0.012634,0.005767,0.001936,0.002567
test,14113,0,0.897162,0.055605,0.020635,0.008493,0.018104
test,14119,0,0.961726,0.022883,0.00763,0.00391,0.003851
test,14127,0,0.956652,0.026217,0.006306,0.008662,0.002162
test,14129,0,0.925489,0.028946,0.013301,0.013864,0.0184
test,14139,0,0.729717,0.027696,0.062738,0.004932,0.174917
test,14142,0,0.992989,0.004193,0.00158,0.000771,0.000468
test,14146,0,0.931072,0.047465,0.008508,0.004329,0.008626
test,14151,0,0.95303,0.005766,0.03937,0.001029,0.000806
test,14166,0,0.956842,0.015117,0.020642,0.00169,0.005709
test,14190,0,0.71829,0.072065,0.011374,0.018963,0.179307
test,14200,0,0.978009,0.010561,0.00842,0.001448,0.001562
test,14203,0,0.972802,0.013993,0.005986,0.003052,0.004166
test,14223,0,0.831777,0.036115,0.030851,0.005207,0.09605
test,14225,0,0.915098,0.039051,0.014541,0.022028,0.009281
test,14229,0,3e-06,0.0,0.0,1e-06,0.999995
test,14240,0,0.997167,0.001438,0.000593,0.000603,0.000199
test,14247,0,0.988061,0.004428,0.002315,0.002176,0.003021
test,14251,0,0.987353,0.004888,0.005174,0.001291,0.001295
test,14258,0,0.999509,0.000345,4.4e-05,3.9e-05,6.4e-05
test,14260,0,0.9414,0.024725,0.004044,0.020329,0.009502
test,14261,0,0.937592,0.050713,0.006587,0.002507,0.002601
test,14262,0,0.985164,0.004986,0.003086,0.005603,0.001162
test,14263,0,0.950741,0.037539,0.006414,0.002158,0.003148
test,14285,0,0.950381,0.026635,0.01222,0.009069,0.001695
test,14293,0,0.990367,0.004377,0.002537,0.00151,0.001209
test,14300,0,0.961209,0.021698,0.007795,0.001807,0.00749
test,14310,0,0.998214,0.001096,0.000362,0.000228,0.0001
test,14314,0,0.998749,0.000706,0.000225,0.000186,0.000134
test,14319,0,0.950386,0.01778,0.005786,0.004243,0.021804
test,14329,0,0.972342,0.013593,0.004365,0.004329,0.005371
test,14337,0,0.958809,0.017055,0.00442,0.001109,0.018607
test,14347,0,0.895192,0.077758,0.010168,0.014092,0.00279
test,14348,0,0.995353,0.002788,0.001097,0.000384,0.000377
test,14350,0,0.925846,0.019837,0.040099,0.005907,0.008311
test,14357,0,0.99758,0.001124,0.000652,0.000255,0.00039
test,14360,0,0.996953,0.000877,0.000983,0.000612,0.000574
test,14361,0,0.984272,0.008305,0.003465,0.002335,0.001623
test,14381,0,0.994617,0.002831,0.001472,0.000586,0.000495
test,14398,0,0.972255,0.007966,0.010809,0.005747,0.003222
test,14401,0,0.921176,0.056367,0.009881,0.004494,0.008082
test,14414,0,0.000413,1.2e-05,1.6e-05,5e-06,0.999553
test,14424,0,0.975342,0.007767,0.008436,0.004449,0.004005
test,14428,0,0.804281,0.027822,0.085841,0.072204,0.009852
test,14432,0,0.968459,0.00963,0.010966,0.003128,0.007817
test,14433,4,0.791275,0.052751,0.111505,0.025441,0.019028
test,14445,0,0.974836,0.018659,0.002928,0.00156,0.002018
test,14446,0,0.974049,0.003201,0.003597,0.017679,0.001475
test,14456,0,0.931536,0.02563,0.032643,0.006066,0.004125
test,14457,4,0.898642,0.025267,0.023666,0.022531,0.029895
test,14459,0,0.994376,0.003384,0.001181,0.000432,0.000627
test,14471,4,0.948802,0.024781,0.013383,0.005722,0.007312
test,14472,0,0.899278,0.021552,0.041672,0.024069,0.013428
test,14497,0,0.918448,0.035868,0.010956,0.008404,0.026324
test,14504,0,0.982968,0.00519,0.007337,0.001865,0.00264
test,14510,0,0.933852,0.007548,0.039582,0.007635,0.011383
test,14511,0,0.924211,0.048409,0.010408,0.002636,0.014336
test,14522,0,0.982055,0.010969,0.003423,0.001056,0.002497
test,14526,0,0.965549,0.011521,0.007883,0.008545,0.006502
test,14530,0,0.996899,0.001464,0.000726,0.000255,0.000656
test,14537,0,0.927107,0.018097,0.016296,0.017415,0.021085
test,14539,0,0.908,0.034012,0.021006,0.017287,0.019695
test,14551,0,0.994263,0.003382,0.001017,0.000528,0.00081
test,14555,0,0.985457,0.00769,0.003453,0.001028,0.002372
test,14559,0,0.977332,0.012518,0.005655,0.001681,0.002814
test,14569,0,0.985929,0.007309,0.003449,0.001384,0.001928
test,14572,0,0.981145,0.007528,0.004671,0.00248,0.004176
test,14587,0,0.923588,0.020717,0.009452,0.038514,0.007729
test,14603,0,0.613299,0.171497,0.063565,0.112356,0.039283
test,14605,0,0.986355,0.007777,0.002893,0.002133,0.000843
test,14607,0,0.99337,0.003868,0.001555,0.000533,0.000673
test,14621,0,0.930515,0.040987,0.011572,0.004577,0.012349
test,14625,0,0.973515,0.013557,0.006302,0.004263,0.002363
test,14633,0,0.991077,0.005044,0.001814,0.000988,0.001077
test,14638,0,0.876756,0.071141,0.027522,0.012718,0.011863
test,14642,0,0.989495,0.004846,0.004062,0.000838,0.000759
test,14646,0,0.93789,0.026167,0.011557,0.003712,0.020674
test,14657,0,0.978304,0.012448,0.004989,0.001019,0.003241
test,14663,0,0.93265,0.028147,0.012862,0.020228,0.006113
test,14667,0,0.979459,0.017259,0.001439,0.000824,0.00102
test,14671,0,0.689578,0.233754,0.037952,0.033274,0.005442
test,14673,0,0.973409,0.010515,0.006776,0.005597,0.003703
test,14675,0,0.983673,0.008467,0.003891,0.002532,0.001438
test,14684,0,0.961039,0.012036,0.007388,0.011346,0.00819
test,14691,0,0.995965,0.002024,0.00102,0.000569,0.000422
test,14716,0,0.981977,0.007121,0.004666,0.002711,0.003525
test,14731,0,0.954912,0.016808,0.012177,0.005617,0.010487
test,14740,0,0.988688,0.006337,0.00242,0.000686,0.001869
test,14756,0,0.961573,0.02738,0.005785,0.002051,0.003211
test,14770,0,0.983347,0.008257,0.003739,0.002131,0.002525
test,14774,0,0.970352,0.012046,0.005991,0.004441,0.00717
test,14785,0,0.993875,0.004398,0.000918,0.000377,0.000432
test,14797,0,0.998171,0.001366,0.000221,5.1e-05,0.000191
test,14798,0,0.908305,0.042041,0.023883,0.006363,0.019407
test,14799,0,0.936439,0.019916,0.015275,0.003773,0.024596
test,14805,0,0.917342,0.049347,0.018754,0.006131,0.008426
test,14806,0,0.984991,0.008836,0.003032,0.001864,0.001277
test,14810,0,0.979206,0.011696,0.004569,0.001632,0.002897
test,14821,0,0.997866,0.001333,0.000489,0.000149,0.000163
test,14835,0,0.958307,0.02144,0.009994,0.004403,0.005857
test,14840,0,0.932787,0.020479,0.017545,0.00914,0.020049
test,14851,0,0.974536,0.013182,0.006314,0.002681,0.003287
test,14852,0,0.949637,0.028586,0.0161,0.003337,0.002341
test,14853,0,0.949336,0.020704,0.022494,0.004551,0.002914
test,14858,0,0.964448,0.010537,0.010492,0.007871,0.006652
test,14863,0,0.992664,0.004234,0.001484,0.000844,0.000774
test,14880,0,0.972825,0.006214,0.00468,0.010784,0.005497
test,14883,0,0.951282,0.018829,0.010265,0.004665,0.014959
test,14886,0,0.849328,0.02659,0.02182,0.020665,0.081597
test,14892,0,0.919882,0.016089,0.026996,0.028597,0.008436
test,14893,0,0.890484,0.041905,0.035024,0.00713,0.025457
test,14904,0,0.828001,0.025575,0.139155,0.004475,0.002793
test,14912,0,0.958038,0.010565,0.013138,0.002354,0.015905
test,14921,0,0.92026,0.023809,0.007886,0.00386,0.044185
test,14923,4,0.89822,0.048673,0.038773,0.008066,0.006268
test,14924,0,0.961739,0.01948,0.011885,0.004058,0.002838
test,14925,0,0.92934,0.045824,0.012957,0.005342,0.006538
test,14933,3,0.926373,0.039526,0.0178,0.008147,0.008155
test,14935,0,0.985427,0.005571,0.003031,0.002075,0.003896
test,14950,0,0.807316,0.104173,0.045946,0.029453,0.013112
test,14952,0,0.988264,0.006853,0.002923,0.001294,0.000665
test,14954,0,0.994526,0.003049,0.001187,0.000539,0.0007
test,14960,0,0.939334,0.026762,0.017624,0.00944,0.006839
test,14965,0,0.825329,0.07108,0.061302,0.017721,0.024567
test,14976,0,0.837276,0.043696,0.093144,0.013237,0.012647
test,14982,0,0.630273,0.293751,0.054012,0.009309,0.012654
test,15013,0,0.914912,0.011408,0.007162,0.016215,0.050302
test,15016,0,0.984967,0.009069,0.002975,0.000626,0.002363
test,15020,0,0.907871,0.075728,0.006537,0.006009,0.003854
test,15029,0,0.954336,0.022622,0.009722,0.007733,0.005587
test,15038,0,0.979553,0.015756,0.001893,0.001887,0.000913
test,15040,0,0.984998,0.006395,0.003826,0.001791,0.00299
test,15054,0,0.911926,0.016569,0.063421,0.003121,0.004964
test,15061,0,0.980342,0.009715,0.005238,0.001977,0.002727
test,15064,0,0.984568,0.010583,0.003002,0.000949,0.000898
test,15065,0,0.274772,0.619507,0.044405,0.023317,0.038
test,15068,0,0.993587,0.002845,0.001347,0.000764,0.001457
test,15072,0,0.947617,0.017293,0.007502,0.002708,0.024879
test,15073,0,0.977808,0.008974,0.009299,0.002927,0.000993
test,15085,1,0.890294,0.034085,0.037591,0.013764,0.024267
test,15088,0,0.914123,0.037927,0.023055,0.013152,0.011743
test,15093,0,0.974115,0.018062,0.005933,0.000869,0.001021
test,15094,0,0.986358,0.006935,0.005065,0.00102,0.000623
test,15103,0,0.791673,0.117835,0.030647,0.013695,0.046151
test,15117,0,0.914823,0.036148,0.024868,0.009727,0.014434
test,15123,0,0.962198,0.009797,0.014937,0.008229,0.004839
test,15125,0,0.847366,0.043506,0.022964,0.070414,0.01575
test,15133,0,0.976494,0.010317,0.009338,0.001159,0.002692
test,15135,0,0.977833,0.007127,0.006672,0.002839,0.005529
test,15136,0,0.99558,0.003854,0.00035,6.5e-05,0.00015
test,15137,0,0.870505,0.037961,0.031299,0.025459,0.034776
test,15138,0,0.888783,0.023114,0.025401,0.005998,0.056704
test,15143,0,0.989645,0.004393,0.002466,0.000725,0.002771
test,15161,0,0.977347,0.013148,0.004425,0.002446,0.002634
test,15162,0,0.000163,2.7e-05,1.1e-05,0.000655,0.999143
test,15171,0,0.965023,0.01593,0.009505,0.002031,0.007511
test,15175,0,0.994846,0.002628,0.001754,0.00033,0.000441
test,15178,0,0.801205,0.171411,0.010205,0.002048,0.015131
test,15180,0,0.981904,0.008601,0.00558,0.001174,0.002742
test,15183,0,0.818655,0.052652,0.082466,0.019281,0.026945
test,15193,0,0.949627,0.024065,0.012023,0.004526,0.009758
test,15204,0,0.950016,0.016408,0.014621,0.006314,0.012642
test,15205,0,0.925639,0.025873,0.016019,0.01057,0.021899
test,15214,0,0.936269,0.040408,0.012522,0.003655,0.007145
test,15215,0,0.960418,0.02075,0.010568,0.003177,0.005088
test,15222,0,0.923206,0.032359,0.020262,0.005231,0.018942
test,15225,0,0.955296,0.013027,0.014751,0.007333,0.009593
test,15229,0,0.996112,0.002314,0.000701,0.000403,0.00047
test,15250,0,0.905137,0.02669,0.061595,0.002338,0.004239
test,15253,0,0.912866,0.042051,0.019446,0.006144,0.019494
test,15263,0,0.9198,0.021946,0.038615,0.00962,0.01002
test,15270,0,0.977299,0.011118,0.009169,0.001049,0.001364
test,15272,0,0.995824,0.002979,0.000725,0.000283,0.000188
test,15277,0,0.99178,0.005062,0.001817,0.000617,0.000724
test,15303,0,0.938218,0.028377,0.024259,0.00512,0.004027
test,15305,0,0.998117,0.000814,0.000561,0.000263,0.000245
test,15328,0,0.993562,0.003443,0.001687,0.000605,0.000704
test,15331,0,0.957728,0.012212,0.007147,0.007746,0.015167
test,15335,0,0.988902,0.00628,0.002427,0.001607,0.000783
test,15343,0,0.908309,0.025337,0.024293,0.021175,0.020886
test,15345,3,0.882161,0.039994,0.049285,0.010021,0.018539
test,15349,0,0.998157,0.001159,0.00038,0.000191,0.000113
test,15351,0,0.958214,0.023045,0.006161,0.004642,0.007938
test,15352,0,0.954548,0.01272,0.015527,0.007096,0.010109
test,15360,3,0.95433,0.023072,0.012952,0.004063,0.005583
test,15363,0,0.968144,0.016343,0.00637,0.003398,0.005745
test,15367,0,0.826949,0.065781,0.060129,0.024646,0.022494
test,15368,0,0.869675,0.046449,0.02503,0.010402,0.048443
test,15379,0,0.970398,0.010844,0.007999,0.003701,0.007059
test,15381,0,0.921244,0.03758,0.018003,0.013379,0.009795
test,15384,0,0.811554,0.075674,0.054674,0.014135,0.043963
test,15389,3,0.965373,0.015207,0.007296,0.004068,0.008056
test,15390,0,0.948053,0.017068,0.02,0.005963,0.008916
test,15394,0,0.979719,0.012183,0.002644,0.001154,0.0043
test,15396,0,0.923477,0.016552,0.020255,0.010609,0.029106
test,15403,0,0.978012,0.010579,0.006602,0.002886,0.001921
test,15406,0,0.991724,0.004983,0.001936,0.000828,0.000529
test,15408,0,0.97761,0.012716,0.004545,0.00335,0.001778
test,15427,0,0.983104,0.006651,0.004465,0.004712,0.001068
test,15432,0,0.86658,0.101614,0.012759,0.009282,0.009765
test,15438,0,0.993716,0.003793,0.001536,0.000546,0.000408
test,15441,0,0.870758,0.050914,0.025598,0.007472,0.045257
test,15443,0,0.917918,0.015227,0.045352,0.01168,0.009824
test,15447,0,0.949838,0.01995,0.010829,0.011833,0.007551
test,15459,0,0.72957,0.127216,0.087311,0.030386,0.025517
test,15472,0,0.872697,0.098348,0.011864,0.011477,0.005614
test,15473,0,0.764138,0.10355,0.070782,0.021356,0.040174
test,15485,0,0.909176,0.037336,0.017316,0.024053,0.012119
test,15489,0,0.986079,0.007045,0.002944,0.001621,0.002311
test,15497,0,0.925647,0.039161,0.012479,0.006567,0.016145
test,15504,0,0.968796,0.016632,0.00768,0.002657,0.004235
test,15519,0,0.965582,0.019307,0.008331,0.00388,0.002899
test,15520,0,0.995949,0.002314,0.000873,0.000428,0.000436
test,15527,0,0.979685,0.010038,0.004095,0.00264,0.003541
test,15536,3,0.443657,0.260695,0.041443,0.232386,0.021818
test,15540,0,0.849159,0.042231,0.04533,0.046095,0.017186
test,15550,0,0.972768,0.009726,0.010947,0.003329,0.003231
test,15556,0,0.999397,0.000514,4e-05,1.6e-05,3.4e-05
test,15558,0,0.96856,0.011978,0.01011,0.004218,0.005134
test,15561,0,0.935792,0.0308,0.013935,0.00994,0.009533
test,15566,3,0.863301,0.058268,0.050238,0.02058,0.007612
test,15583,0,0.848344,0.110387,0.017027,0.017421,0.006822
test,15596,0,0.987205,0.007336,0.002684,0.00157,0.001205
test,15611,0,0.580789,0.080727,0.036605,0.20335,0.098529
test,15613,0,0.987215,0.006483,0.002724,0.000995,0.002583
test,15620,0,0.976119,0.011231,0.004625,0.005326,0.0027
test,15629,0,0.967218,0.013614,0.009433,0.004755,0.00498
test,15632,0,0.656068,0.106568,0.091504,0.080029,0.06583
test,15639,0,0.920587,0.02509,0.029775,0.009566,0.014982
test,15650,0,0.993921,0.003467,0.001242,0.000637,0.000733
test,15659,0,0.771552,0.091537,0.052088,0.054604,0.030219
test,15661,0,0.828525,0.077725,0.043223,0.018387,0.03214
test,15666,0,0.964757,0.015524,0.006748,0.007326,0.005645
test,15671,0,0.966859,0.010883,0.012306,0.005369,0.004582
test,15678,0,0.985672,0.004704,0.004872,0.001649,0.003104
test,15706,0,0.915017,0.050409,0.014525,0.009178,0.010871
test,15707,0,0.945531,0.035042,0.011449,0.002498,0.00548
test,15708,0,0.960063,0.013016,0.009662,0.005067,0.012192
test,15713,0,0.735214,0.041231,0.012596,0.046185,0.164774
test,15715,0,0.971878,0.011299,0.005978,0.002036,0.008809
test,15717,0,0.990218,0.005094,0.002542,0.001028,0.001117
test,15721,0,0.904913,0.051313,0.023675,0.005966,0.014134
test,15734,0,0.879948,0.009268,0.108041,0.001081,0.001662
test,15738,0,0.993717,0.002753,0.001974,0.000671,0.000885
test,15739,0,0.780521,0.115705,0.057675,0.019495,0.026604
test,15742,0,0.947669,0.02333,0.017957,0.005892,0.005152
test,15748,0,0.795595,0.135036,0.030139,0.022754,0.016476
test,15749,0,0.984825,0.004562,0.004932,0.004351,0.00133
test,15777,0,0.755078,0.037228,0.026753,0.109132,0.071809
test,15780,0,0.991318,0.003589,0.002081,0.001586,0.001426
test,15782,0,0.915319,0.026616,0.019054,0.023782,0.015229
test,15787,0,0.927133,0.025299,0.030133,0.006632,0.010803
test,15789,0,0.920319,0.049618,0.012701,0.005613,0.011749
test,15791,0,0.98423,0.007583,0.004376,0.002632,0.001179
test,15792,0,0.951662,0.023624,0.012141,0.004764,0.00781
test,15813,0,0.988361,0.005822,0.00389,0.000918,0.001008
test,15823,0,0.997336,0.001457,0.000493,0.000151,0.000563
test,15824,0,0.950488,0.019524,0.019913,0.003141,0.006933
test,15826,0,0.938265,0.023106,0.017557,0.007843,0.013229
test,15847,0,0.976969,0.009552,0.006081,0.00301,0.004387
test,15848,0,0.955155,0.027229,0.008625,0.004305,0.004686
test,15850,0,0.942517,0.017091,0.010401,0.022889,0.007101
test,15851,0,0.994428,0.00292,0.001241,0.000455,0.000957
test,15872,0,0.944458,0.018589,0.005801,0.019875,0.011277
test,15875,0,0.982192,0.008009,0.005018,0.001808,0.002973
test,15880,0,0.992884,0.003844,0.001304,0.001307,0.000661
test,15883,0,0.988282,0.004666,0.003323,0.001993,0.001736
test,15887,0,0.99005,0.005358,0.002632,0.001099,0.000862
test,15901,0,0.991549,0.004366,0.002023,0.000921,0.00114
test,15917,0,0.986016,0.006357,0.003173,0.003147,0.001307
test,15924,0,0.943853,0.026345,0.016837,0.005799,0.007165
test,15933,0,0.95065,0.026734,0.015778,0.003574,0.003264
test,15937,0,0.997264,0.002585,8.2e-05,2.1e-05,4.7e-05
test,15940,0,0.981623,0.006697,0.008874,0.001526,0.001278
test,15970,0,0.908049,0.061212,0.009251,0.004695,0.016792
test,15971,0,0.986619,0.006947,0.003801,0.001569,0.001064
test,15972,0,0.961024,0.025262,0.007331,0.003696,0.002688
test,15973,0,0.973417,0.014464,0.006429,0.004308,0.001381
test,15978,0,0.959998,0.01947,0.010372,0.00473,0.00543
test,16001,0,0.96722,0.017782,0.006278,0.003224,0.005497
test,16004,0,0.990117,0.00657,0.001534,0.001013,0.000766
test,16014,0,0.813595,0.112368,0.042076,0.015801,0.01616
test,16022,0,0.938969,0.013978,0.037622,0.003579,0.005852
test,16027,0,0.938442,0.026469,0.02413,0.003994,0.006965
test,16039,0,0.918618,0.03485,0.014818,0.005771,0.025943
test,16043,0,0.904547,0.055479,0.011908,0.00464,0.023426
test,16049,0,0.976225,0.014209,0.006062,0.002046,0.001459
test,16056,0,0.925442,0.051408,0.008213,0.004904,0.010034
test,16059,0,0.995551,0.002866,0.000691,0.00053,0.000362
test,16060,0,0.995773,0.002318,0.001179,0.000294,0.000436
test,16061,0,0.989283,0.00587,0.002342,0.00088,0.001626
test,16068,0,0.976418,0.009019,0.005025,0.003975,0.005563
test,16069,0,0.955306,0.014253,0.013953,0.001704,0.014784
test,16074,0,0.894339,0.061489,0.015464,0.004296,0.024412
test,16079,0,0.980534,0.007348,0.004409,0.003028,0.004681
test,16088,0,0.980468,0.004931,0.008698,0.001652,0.004251
test,16091,0,0.809577,0.089373,0.055213,0.011537,0.0343
test,16092,0,0.995815,0.002787,0.000777,0.000259,0.000362
test,16095,0,0.943583,0.02009,0.013549,0.011837,0.010942
test,16098,0,0.998837,0.000968,9e-05,3.5e-05,6.9e-05
test,16099,0,0.981676,0.006956,0.007834,0.002689,0.000845
test,16100,0,0.996382,0.001577,0.00106,0.000522,0.000458
test,16102,0,0.99132,0.005877,0.001464,0.000689,0.00065
test,16104,0,0.992183,0.003154,0.002144,0.001229,0.00129
test,16108,0,0.973689,0.014609,0.006495,0.002039,0.003169
test,16131,0,0.990798,0.005198,0.001808,0.000768,0.001427
test,16149,0,0.987806,0.006927,0.002712,0.001226,0.001329
test,16164,0,0.994289,0.003364,0.00147,0.000484,0.000393
test,16166,0,0.994107,0.001654,0.001629,0.000378,0.002233
test,16171,0,0.961036,0.013438,0.019051,0.003206,0.003268
test,16172,0,0.930689,0.013657,0.048416,0.001186,0.006052
test,16174,0,0.832672,0.03105,0.01795,0.006925,0.111403
test,16180,0,0.880648,0.066772,0.029502,0.010066,0.013013
test,16195,0,0.814118,0.138836,0.014349,0.011035,0.021663
test,16196,0,0.916066,0.036901,0.026931,0.006817,0.013286
test,16205,0,0.734938,0.167118,0.033567,0.028234,0.036142
test,16213,0,0.932705,0.038912,0.012622,0.00437,0.011391
test,16214,0,0.986964,0.009786,0.00161,0.000514,0.001127
test,16224,0,0.876845,0.081367,0.021349,0.007176,0.013263
test,16227,0,0.978578,0.011516,0.005974,0.002524,0.001408
test,16230,0,0.824633,0.067644,0.067387,0.017882,0.022454
test,16236,0,0.985141,0.008103,0.003168,0.001331,0.002258
test,16246,0,0.960691,0.016921,0.006757,0.005162,0.010469
test,16254,0,0.913634,0.046442,0.020211,0.006867,0.012845
test,16260,0,0.932851,0.029175,0.022006,0.005184,0.010785
test,16261,0,0.945583,0.021799,0.016375,0.007397,0.008845
test,16263,0,0.976461,0.01219,0.00509,0.001933,0.004326
test,16267,0,0.978578,0.009083,0.008715,0.002123,0.001501
test,16269,0,0.986389,0.007653,0.002184,0.001397,0.002377
test,16271,0,0.981854,0.009183,0.004695,0.002742,0.001526
test,16277,0,0.991458,0.004619,0.001884,0.000751,0.001288
test,16278,4,0.975362,0.011738,0.006458,0.002204,0.004238
test,16279,0,0.874621,0.036262,0.020795,0.055698,0.012623
test,16285,0,0.827253,0.06189,0.053043,0.015796,0.042018
test,16287,0,0.98211,0.005779,0.005953,0.002291,0.003866
test,16294,0,0.882969,0.080587,0.019532,0.011309,0.005604
test,16299,0,0.996324,0.002099,0.001159,0.000307,0.000111
test,16313,0,0.985748,0.006936,0.00363,0.001083,0.002602
test,16317,0,0.985168,0.005582,0.004592,0.001791,0.002868
test,16324,0,0.970223,0.019205,0.007122,0.001247,0.002203
test,16336,0,0.131875,0.097219,0.59057,0.072394,0.107941
test,16343,0,0.989808,0.004849,0.001965,0.001479,0.001899
test,16360,0,0.959901,0.019721,0.00946,0.005255,0.005662
test,16370,0,0.86893,0.059262,0.033101,0.00673,0.031977
test,16373,0,0.96955,0.014805,0.009695,0.002308,0.003642
test,16374,0,0.95333,0.030295,0.006805,0.0045,0.00507
test,16377,0,0.990118,0.00374,0.004032,0.000842,0.001269
test,16390,0,0.978538,0.008415,0.006322,0.002297,0.004429
test,16393,0,0.979728,0.009354,0.005407,0.002091,0.003421
test,16397,0,0.978742,0.006842,0.005114,0.006836,0.002466
test,16400,0,0.991523,0.003005,0.001955,0.001126,0.00239
test,16406,0,0.938573,0.030853,0.014364,0.005576,0.010633
test,16415,0,0.954111,0.011281,0.010974,0.012098,0.011535
test,16453,0,0.964643,0.010109,0.016006,0.005027,0.004215
test,16464,0,0.98947,0.005715,0.002967,0.001012,0.000836
test,16471,0,0.369282,0.31252,0.112685,0.062067,0.143446
test,16477,0,0.900071,0.056687,0.022538,0.007938,0.012766
test,16527,0,0.98549,0.008662,0.004043,0.000973,0.000833
test,16539,0,0.950951,0.01732,0.017309,0.004777,0.009643
test,16544,0,0.787762,0.060096,0.019787,0.115083,0.017272
test,16546,0,0.937335,0.013674,0.019055,0.023557,0.006379
test,16570,0,0.970881,0.014613,0.004447,0.002481,0.007578
test,16577,0,0.983452,0.007348,0.002826,0.004963,0.001411
test,16579,0,0.99202,0.003293,0.002596,0.001657,0.000434
test,16584,0,0.783798,0.054133,0.132755,0.005953,0.023361
test,16588,0,0.941039,0.030302,0.01024,0.01139,0.007029
test,16611,0,0.927297,0.038102,0.013256,0.009168,0.012177
test,16613,0,0.70489,0.019619,0.006358,0.26313,0.006003
test,16625,0,0.98021,0.008007,0.005688,0.00301,0.003086
test,16627,0,0.977343,0.012113,0.00676,0.002026,0.001757
test,16630,0,0.996293,0.001949,0.000697,0.000562,0.000499
test,16639,0,0.181257,0.003247,0.003274,0.810564,0.001658
test,16667,0,0.898581,0.020916,0.016419,0.021055,0.04303
test,16674,0,0.940502,0.026144,0.01816,0.003895,0.0113
test,16676,0,0.606427,0.234926,0.092868,0.046119,0.01966
test,16678,0,0.924679,0.045238,0.016755,0.008277,0.005051
test,16679,0,0.920564,0.02269,0.026237,0.022786,0.007723
test,16688,0,0.976331,0.013675,0.002995,0.00122,0.00578
test,16690,0,0.930109,0.03486,0.01344,0.016717,0.004873
test,16695,0,0.997951,0.001652,0.000302,3.6e-05,6e-05
test,16699,0,0.993887,0.003634,0.001142,0.000861,0.000475
test,16702,0,0.810925,0.136187,0.011248,0.011983,0.029657
test,16704,0,0.973349,0.013608,0.010346,0.001264,0.001432
test,16706,0,0.993825,0.003125,0.001703,0.00064,0.000707
test,16731,0,0.992415,0.004712,0.001609,0.000745,0.00052
test,16737,0,0.971492,0.01021,0.011766,0.002734,0.003798
test,16749,0,0.975755,0.016057,0.002866,0.002444,0.002879
test,16752,0,0.936749,0.013874,0.010992,0.012023,0.026362
test,16755,0,0.971489,0.010554,0.011126,0.003909,0.002922
test,16758,0,0.849908,0.087492,0.032375,0.021017,0.009208
test,16761,0,0.992149,0.00397,0.002093,0.000863,0.000924
test,16778,0,0.94931,0.017932,0.019211,0.004084,0.009463
test,16780,0,0.841985,0.01247,0.005843,0.001994,0.137707
test,16783,0,0.209669,0.007623,0.005422,0.775929,0.001357
test,16786,0,0.862214,0.049123,0.019818,0.033105,0.03574
test,16798,0,0.918999,0.025284,0.022397,0.021557,0.011764
test,16800,0,0.971306,0.007972,0.007644,0.00347,0.009608
test,16827,3,0.971093,0.02216,0.003027,0.001186,0.002533
test,16841,0,0.614518,0.125388,0.160979,0.069403,0.029712
test,16843,0,0.973276,0.022114,0.002114,0.001227,0.00127
test,16866,0,0.790429,0.017751,0.04489,0.13106,0.01587
test,16884,0,0.99208,0.004019,0.002114,0.000926,0.000861
test,16893,0,0.990041,0.005091,0.004103,0.000401,0.000363
test,16902,0,0.895829,0.039112,0.00961,0.050994,0.004455
test,16904,0,0.988668,0.008583,0.001962,0.000374,0.000413
test,16914,0,0.954098,0.015577,0.006742,0.01424,0.009344
test,16917,0,0.961978,0.018031,0.012407,0.002526,0.005058
test,16922,0,0.982252,0.006899,0.006401,0.00245,0.001998
test,16926,0,0.96034,0.021734,0.008143,0.006795,0.002988
test,16930,0,0.985256,0.008307,0.003518,0.001518,0.001401
test,16931,0,0.969093,0.014092,0.006518,0.003268,0.007029
test,16944,0,0.965009,0.016307,0.006418,0.002416,0.009849
test,16969,0,0.997939,0.001693,0.000239,4.1e-05,8.7e-05
test,16970,0,0.991064,0.004561,0.002922,0.000733,0.00072
test,16978,0,0.941727,0.022721,0.026161,0.00443,0.00496
test,16979,0,0.966675,0.009047,0.019351,0.003494,0.001432
test,16986,0,0.949861,0.019741,0.009849,0.010518,0.01003
test,17004,0,0.948306,0.011342,0.012713,0.004162,0.023477
test,17012,0,0.928922,0.02689,0.006241,0.033912,0.004035
test,17014,0,0.976422,0.013104,0.005362,0.002913,0.002199
test,17019,0,0.980975,0.016858,0.00099,0.000562,0.000616
test,17026,0,0.976903,0.010147,0.005185,0.004014,0.003752
test,17027,0,0.990029,0.005245,0.001784,0.002026,0.000915
test,17028,0,0.74926,0.097127,0.095352,0.00933,0.048931
test,17035,0,0.966458,0.01919,0.009203,0.00338,0.00177
test,17042,0,0.983999,0.009061,0.003608,0.001145,0.002187
test,17043,0,0.911543,0.029931,0.016112,0.034407,0.008007
test,17044,3,0.980111,0.01098,0.004304,0.002014,0.00259
test,17047,0,0.918931,0.038369,0.009681,0.003702,0.029317
test,17050,0,0.784437,0.050427,0.126189,0.029539,0.009408
test,17053,0,0.93559,0.028054,0.01848,0.008232,0.009645
test,17056,0,0.981996,0.009316,0.003788,0.003291,0.001609
test,17068,0,0.953804,0.031102,0.006684,0.004035,0.004375
test,17076,0,0.914021,0.023031,0.040773,0.013237,0.008939
test,17079,2,0.962536,0.017501,0.010385,0.004242,0.005336
test,17084,0,0.758273,0.17279,0.029541,0.020965,0.018432
test,17092,0,0.977767,0.012574,0.004697,0.002627,0.002335
test,17095,0,0.96063,0.021064,0.007174,0.00545,0.005682
test,17099,0,0.746852,0.036094,0.173901,0.029096,0.014056
test,17103,0,0.956019,0.014211,0.0032,0.004702,0.021867
test,17113,0,0.99314,0.003494,0.001908,0.000569,0.000888
test,17122,0,0.979218,0.013273,0.00342,0.001659,0.002431
test,17124,0,0.995311,0.002825,0.000988,0.000634,0.000243
test,17131,0,0.989021,0.007604,0.001612,0.000708,0.001056
test,17137,0,0.96878,0.018506,0.00633,0.002973,0.003412
test,17138,0,0.912567,0.074917,0.006528,0.003914,0.002073
test,17142,0,0.861663,0.021521,0.061665,0.006942,0.04821
test,17179,0,0.937711,0.017755,0.021698,0.018337,0.0045
test,17181,0,0.956072,0.013151,0.012572,0.0043,0.013905
test,17188,0,0.921466,0.036739,0.020697,0.012651,0.008447
test,17191,0,0.914046,0.029626,0.044471,0.004359,0.007498
test,17196,0,0.737084,0.116954,0.105463,0.024778,0.01572
test,17203,0,0.968125,0.008925,0.016141,0.002416,0.004394
test,17204,0,0.971117,0.015941,0.005301,0.003542,0.0041
test,17206,0,0.985705,0.007431,0.003483,0.002056,0.001324
test,17209,0,0.975365,0.009549,0.010714,0.002712,0.00166
test,17219,0,0.935578,0.026935,0.016813,0.01362,0.007055
test,17222,0,0.992028,0.004725,0.001703,0.000646,0.000899
test,17227,0,0.995818,0.002945,0.000696,0.000274,0.000267
test,17233,0,0.986608,0.007026,0.003409,0.001161,0.001796
test,17234,0,0.933712,0.020259,0.033699,0.004061,0.008269
test,17236,0,0.992723,0.004983,0.001408,0.000694,0.000192
test,17248,0,0.952965,0.020041,0.013039,0.005102,0.008853
test,17257,0,0.936913,0.02976,0.013829,0.010071,0.009427
test,17261,0,0.765458,0.061969,0.039905,0.020503,0.112164
test,17267,0,0.98729,0.005805,0.004068,0.001304,0.001533
test,17281,0,0.982251,0.009007,0.006208,0.001415,0.001119
test,17296,0,0.88617,0.053882,0.012442,0.042678,0.004829
test,17314,0,0.953514,0.015829,0.026789,0.002005,0.001862
test,17319,0,0.942242,0.029864,0.009847,0.003381,0.014665
test,17341,0,0.985918,0.007304,0.003896,0.001411,0.001471
test,17348,0,0.979945,0.008664,0.007081,0.001376,0.002933
test,17365,0,0.91431,0.043664,0.019951,0.004308,0.017767
test,17372,0,0.982335,0.00982,0.003293,0.00177,0.002782
test,17374,0,0.984466,0.007997,0.002674,0.001962,0.0029
test,17381,0,0.973134,0.011942,0.008723,0.003268,0.002933
test,17391,0,0.937663,0.031612,0.011295,0.012117,0.007312
test,17405,0,0.849009,0.041595,0.090019,0.00339,0.015987
test,17414,0,0.804438,0.090668,0.035363,0.018205,0.051326
test,17416,0,0.684556,0.063916,0.233434,0.006096,0.011998
test,17449,0,0.98955,0.004112,0.004304,0.001653,0.000381
test,17450,0,0.974963,0.010982,0.006662,0.002644,0.004749
test,17452,0,0.962377,0.023257,0.008631,0.002484,0.003251
test,17457,0,0.803722,0.070618,0.099017,0.007421,0.019222
test,17468,0,0.971567,0.010385,0.011445,0.004631,0.001972
test,17470,0,0.938807,0.049462,0.007937,0.001319,0.002474
test,17473,0,0.802685,0.051524,0.104584,0.012596,0.028611
test,17484,0,0.95516,0.032854,0.004379,0.003439,0.004168
test,17488,0,0.939674,0.015148,0.028266,0.009899,0.007012
test,17500,0,0.954562,0.023656,0.010179,0.002363,0.009241
test,17508,2,0.537118,0.031514,0.017427,0.383845,0.030096
test,17526,0,0.992139,0.003903,0.002108,0.001073,0.000776
test,17527,0,0.85886,0.016189,0.107683,0.011677,0.005591
test,17531,0,0.997376,0.001529,0.000629,0.000259,0.000207
test,17543,0,0.962812,0.025493,0.00522,0.003973,0.002501
test,17562,0,0.937566,0.024091,0.01043,0.008024,0.019889
test,17567,0,0.891236,0.067282,0.008304,0.024518,0.00866
test,17568,0,0.949346,0.016365,0.015143,0.00894,0.010206
test,17586,0,0.98146,0.011568,0.003412,0.0017,0.00186
test,17593,0,0.882626,0.034832,0.026402,0.024523,0.031618
test,17598,0,0.992503,0.00461,0.001878,0.000427,0.000581
test,17600,0,0.724781,0.181108,0.010512,0.005221,0.078378
test,17605,0,0.993219,0.004084,0.001336,0.000932,0.000429
test,17606,0,0.902163,0.054327,0.014222,0.012607,0.016681
test,17609,0,0.921368,0.043304,0.019185,0.010478,0.005664
test,17621,0,0.835077,0.103539,0.010641,0.007663,0.043081
test,17624,0,0.955517,0.024345,0.009801,0.0025,0.007837
test,17627,0,0.994946,0.003359,0.000947,0.000323,0.000425
test,17638,0,0.977071,0.01351,0.00467,0.002052,0.002696
test,17639,0,0.995902,0.00207,0.00122,0.000407,0.000402
test,17648,0,0.92772,0.050569,0.002223,0.013328,0.00616
test,17656,0,0.95791,0.009768,0.020125,0.008146,0.004051
test,17659,0,0.944771,0.029435,0.008911,0.011907,0.004976
test,17677,0,0.984994,0.007753,0.002764,0.003293,0.001196
test,17680,0,0.960999,0.019351,0.006575,0.003773,0.009303
test,17688,0,0.983619,0.007594,0.004263,0.002782,0.001742
test,17689,0,0.970841,0.009947,0.00548,0.010628,0.003104
test,17696,0,0.996747,0.001319,0.001258,0.000385,0.000291
test,17701,0,0.932836,0.023271,0.015497,0.015371,0.013025
test,17708,0,0.960873,0.015118,0.013559,0.003596,0.006854
test,17714,0,0.973703,0.01145,0.004901,0.006814,0.003132
test,17717,0,0.924196,0.045763,0.009996,0.015604,0.004441
test,17719,0,0.975235,0.012206,0.007714,0.001728,0.003117
test,17731,0,0.97781,0.010905,0.003324,0.003202,0.00476
test,17733,0,0.979063,0.00534,0.008596,0.002871,0.00413
test,17741,0,0.013865,0.000238,0.00025,0.000128,0.985519
test,17743,0,0.94505,0.027579,0.01736,0.005576,0.004436
test,17753,0,0.98068,0.008106,0.006201,0.001964,0.00305
test,17755,0,0.826018,0.040447,0.013495,0.108238,0.011801
test,17756,0,0.990976,0.005247,0.002309,0.000751,0.000718
test,17759,0,0.988433,0.005938,0.002893,0.001022,0.001715
test,17760,0,0.981565,0.008006,0.004132,0.002632,0.003665
test,17762,0,0.94986,0.012416,0.004271,0.001712,0.03174
test,17769,0,0.996127,0.0016,0.001051,0.000486,0.000736
test,17772,0,0.976725,0.009431,0.005109,0.002864,0.00587
test,17773,0,0.942468,0.018624,0.014113,0.012579,0.012216
test,17784,4,0.980654,0.007536,0.00413,0.001796,0.005885
test,17785,0,0.980249,0.011126,0.005561,0.001486,0.001577
test,17789,0,0.947391,0.023052,0.014212,0.005008,0.010337
test,17795,0,0.967835,0.013027,0.006925,0.004353,0.00786
test,17797,0,0.922391,0.039474,0.018937,0.013572,0.005626
test,17801,0,0.835838,0.022711,0.005763,0.120292,0.015396
test,17810,0,0.974766,0.014259,0.005128,0.00187,0.003977
test,17811,0,0.936151,0.033006,0.00174,0.019376,0.009728
test,17824,0,0.981073,0.010772,0.005838,0.001313,0.001004
test,17826,0,0.255113,0.706418,0.014727,0.007488,0.016253
test,17847,0,0.964269,0.013878,0.014261,0.004541,0.003049
test,17863,0,0.95771,0.016868,0.013336,0.00417,0.007916
test,17867,0,0.969931,0.014368,0.007888,0.005229,0.002584
test,17874,0,0.851157,0.045533,0.08791,0.011318,0.004081
test,17880,0,0.972918,0.00935,0.004923,0.0045,0.008309
test,17898,0,0.958795,0.016241,0.009594,0.004475,0.010894
test,17915,0,0.998197,0.000931,0.000587,0.000152,0.000134
test,17919,0,0.979573,0.008111,0.008936,0.001442,0.001939
test,17921,0,0.98359,0.010686,0.003878,0.000747,0.001099
test,17934,0,0.993871,0.002556,0.002114,0.000736,0.000723
test,17935,0,0.982555,0.010356,0.003888,0.000998,0.002202
test,17943,0,0.968383,0.021726,0.005162,0.001598,0.003132
test,17956,0,0.969354,0.012317,0.006047,0.004748,0.007533
test,17958,0,0.997528,0.001001,0.00071,0.000553,0.000208
test,17965,0,0.915879,0.024231,0.012661,0.034081,0.013147
test,17966,0,0.98227,0.010627,0.003909,0.001496,0.001698
test,17967,0,0.973668,0.012615,0.004943,0.004295,0.004479
test,17972,0,0.939123,0.048286,0.005242,0.003993,0.003356
test,17976,0,0.98525,0.009194,0.002846,0.001376,0.001334
test,17983,0,0.968568,0.017903,0.007271,0.004054,0.002204
test,17986,0,0.984747,0.006925,0.003138,0.002689,0.0025
test,17990,0,0.962848,0.015307,0.012903,0.004695,0.004248
test,17991,0,0.983261,0.007156,0.003193,0.001441,0.004949
test,18005,0,0.980555,0.010416,0.004464,0.002341,0.002224
test,18011,0,0.903229,0.038417,0.032437,0.01317,0.012747
test,18014,0,0.899288,0.029319,0.019161,0.047991,0.004241
test,18024,0,0.938458,0.01897,0.033828,0.002728,0.006015
test,18027,0,0.994777,0.002794,0.001515,0.000563,0.000351
test,18041,0,0.977761,0.009237,0.004831,0.002603,0.005569
test,18043,0,0.893502,0.032705,0.025587,0.013441,0.034765
test,18044,0,0.984588,0.006372,0.003097,0.003995,0.001948
test,18047,0,0.98617,0.009266,0.002353,0.001064,0.001147
test,18053,0,0.970841,0.015286,0.005372,0.002856,0.005645
test,18058,0,0.907489,0.01475,0.008069,0.056013,0.013679
test,18066,0,0.988777,0.005864,0.003855,0.001015,0.00049
test,18089,0,0.978363,0.011171,0.004372,0.004063,0.002031
test,18092,0,0.991149,0.005107,0.002046,0.000845,0.000852
test,18093,0,0.977521,0.01317,0.004762,0.002548,0.001999
test,18099,0,0.992034,0.004521,0.002468,0.000518,0.000458
test,18108,0,0.904814,0.008805,0.082941,0.00106,0.00238
test,18114,0,0.862029,0.021357,0.010456,0.098298,0.00786
test,18121,0,0.903949,0.033646,0.014702,0.027819,0.019884
test,18122,0,0.977351,0.006751,0.004476,0.004653,0.00677
test,18124,0,0.985022,0.006345,0.004421,0.001257,0.002954
test,18125,0,0.907763,0.046172,0.03378,0.004654,0.007631
test,18127,0,0.967578,0.014681,0.00786,0.003881,0.006001
test,18133,0,0.990419,0.005133,0.001776,0.00137,0.001301
test,18137,0,0.984114,0.010537,0.002758,0.00125,0.001341
test,18139,0,0.95527,0.021282,0.015102,0.003665,0.004681
test,18144,0,0.962779,0.012521,0.019662,0.001959,0.003079
test,18146,0,0.988588,0.004876,0.002986,0.001228,0.002323
test,18148,0,0.946658,0.037386,0.009446,0.001406,0.005103
test,18157,0,0.956348,0.020322,0.006349,0.0037,0.013279
test,18159,0,0.854198,0.035461,0.014114,0.090803,0.005424
test,18178,0,0.986513,0.006098,0.002734,0.002382,0.002272
test,18192,0,0.94709,0.018793,0.023882,0.006152,0.004083
test,18198,0,0.982586,0.008097,0.004507,0.001908,0.002902
test,18210,0,0.002271,4.2e-05,3.6e-05,1e-05,0.997641
test,18253,0,0.958019,0.023891,0.008322,0.003693,0.006076
test,18260,0,0.960267,0.017906,0.013371,0.003617,0.004839
test,18274,0,0.971687,0.009604,0.007353,0.00309,0.008266
test,18283,0,0.946667,0.02211,0.011265,0.005879,0.014078
test,18284,0,0.886455,0.060621,0.023296,0.023218,0.006411
test,18286,0,0.990681,0.005032,0.00205,0.000537,0.0017
test,18289,0,0.970908,0.019584,0.005312,0.002125,0.002072
test,18293,0,0.985063,0.007749,0.004021,0.00166,0.001508
test,18295,0,0.942352,0.021367,0.031077,0.002744,0.002461
test,18302,0,0.981754,0.006875,0.00789,0.001527,0.001955
test,18303,0,0.976647,0.010398,0.005995,0.002979,0.003981
test,18312,0,0.993838,0.00393,0.001417,0.000417,0.000399
test,18321,0,0.63215,0.087948,0.024497,0.013314,0.242092
test,18329,0,0.995182,0.001866,0.001624,0.000501,0.000827
test,18331,0,0.983893,0.008418,0.003322,0.002687,0.00168
test,18338,0,0.984435,0.009389,0.004204,0.000712,0.00126
test,18347,0,0.831926,0.053073,0.041495,0.026552,0.046953
test,18360,0,0.948215,0.03382,0.005774,0.007658,0.004533
test,18364,0,0.919002,0.037884,0.019283,0.004792,0.019038
test,18367,2,0.920545,0.020592,0.012125,0.006494,0.040244
test,18369,0,0.98402,0.007659,0.004977,0.001552,0.001791
test,18371,0,0.924079,0.036464,0.019088,0.005731,0.014638
test,18382,0,0.899487,0.028387,0.044177,0.008837,0.019112
test,18383,0,0.923804,0.020039,0.023995,0.005016,0.027146
test,18405,0,0.966606,0.019802,0.005165,0.002739,0.005689
test,18406,0,0.938333,0.030503,0.012202,0.011026,0.007937
test,18416,0,0.845147,0.14426,0.005319,0.00186,0.003414
test,18421,0,0.937642,0.032775,0.010399,0.011418,0.007765
test,18442,0,0.966918,0.015578,0.010921,0.00216,0.004423
test,18443,0,0.992717,0.003736,0.001629,0.000522,0.001396
test,18451,0,0.996029,0.001743,0.001173,0.000601,0.000454
test,18453,0,0.570527,0.401278,0.016257,0.005615,0.006323
test,18456,0,0.986476,0.0069,0.004279,0.001079,0.001265
test,18462,0,0.993222,0.003744,0.001605,0.000874,0.000556
test,18465,0,0.943382,0.024975,0.014511,0.004144,0.012988
test,18479,0,0.956592,0.017063,0.010424,0.004176,0.011744
test,18485,0,0.939464,0.033176,0.019651,0.003847,0.003862
test,18486,0,0.957781,0.019227,0.008987,0.007345,0.00666
test,18487,0,0.992877,0.004071,0.00172,0.000905,0.000427
test,18497,0,0.994517,0.003045,0.001211,0.000441,0.000787
test,18506,0,0.256222,0.704209,0.007285,0.004531,0.027754
test,18511,0,0.888625,0.022994,0.064972,0.015885,0.007524
test,18514,0,0.87247,0.029766,0.016276,0.070536,0.010952
test,18515,0,0.972981,0.022079,0.002715,0.000204,0.002022
test,18519,0,0.992958,0.002872,0.001255,0.002142,0.000772
test,18525,0,0.918596,0.019274,0.057959,0.002001,0.00217
test,18531,0,0.837504,0.038065,0.090098,0.006275,0.028058
test,18542,0,0.90697,0.032701,0.029824,0.009597,0.020908
test,18543,0,0.980083,0.008801,0.003858,0.001483,0.005775
test,18554,0,0.948871,0.024119,0.014129,0.004157,0.008724
test,18555,0,0.961252,0.02319,0.006416,0.00481,0.004332
test,18558,0,0.946929,0.037993,0.011443,0.0013,0.002334
test,18563,0,0.976463,0.016379,0.002825,0.002539,0.001793
test,18566,0,0.661893,0.123851,0.050521,0.097138,0.066598
test,18568,0,0.570781,0.050058,0.293182,0.009752,0.076228
test,18569,0,0.048077,0.009474,0.00182,0.930153,0.010476
test,18582,0,0.725715,0.068851,0.1962,0.004074,0.00516
test,18592,0,0.991273,0.00691,0.000958,0.000362,0.000498
test,18602,0,0.98693,0.005883,0.004683,0.000898,0.001606
test,18607,0,0.983526,0.009047,0.003114,0.001355,0.002958
test,18615,0,0.885098,0.049825,0.017882,0.016951,0.030245
test,18619,0,0.88787,0.040779,0.025079,0.02927,0.017001
test,18620,0,0.934824,0.026351,0.027623,0.007373,0.003829
test,18630,0,0.957666,0.015978,0.017815,0.003434,0.005107
test,18634,0,0.947313,0.016891,0.022955,0.006382,0.00646
test,18635,0,0.901154,0.021735,0.035355,0.002952,0.038805
test,18659,0,0.992504,0.003815,0.001611,0.000736,0.001334
test,18664,0,0.972772,0.012021,0.007025,0.003771,0.004411
test,18668,0,0.982955,0.014512,0.001074,0.000676,0.000783
test,18670,0,0.988933,0.005515,0.001956,0.001603,0.001993
test,18671,0,0.980348,0.009511,0.004489,0.002053,0.0036
test,18672,0,0.986864,0.005985,0.002759,0.000468,0.003923
test,18676,0,0.996914,0.001487,0.000529,0.000255,0.000816
test,18680,0,0.991448,0.005307,0.001672,0.000806,0.000768
test,18681,0,0.993832,0.003077,0.001412,0.000989,0.000691
test,18688,0,0.985016,0.007827,0.003443,0.001865,0.001849
test,18705,0,0.901917,0.033881,0.033553,0.016064,0.014584
test,18709,0,0.976392,0.009636,0.008205,0.002355,0.003412
test,18727,0,0.972187,0.00988,0.008893,0.004522,0.004518
test,18734,0,0.000166,1.1e-05,3.7e-05,0.008313,0.991473
test,18739,0,0.985276,0.006591,0.00253,0.001552,0.00405
test,18748,0,0.815043,0.094817,0.039448,0.026199,0.024493
test,18753,0,0.967858,0.01249,0.005941,0.002338,0.011373
test,18756,0,0.531024,0.107154,0.31203,0.004501,0.045291
test,18758,0,0.986754,0.007259,0.003705,0.001434,0.000848
test,18762,0,0.939862,0.045753,0.005644,0.006192,0.00255
test,18775,0,0.993581,0.00376,0.001631,0.000405,0.000622
test,18777,0,0.935811,0.029569,0.016714,0.009841,0.008066
test,18790,0,0.923137,0.026057,0.011291,0.034891,0.004624
test,18793,0,0.982075,0.007546,0.00486,0.001993,0.003526
test,18794,0,0.952405,0.019801,0.011754,0.010386,0.005654
test,18800,0,0.924528,0.051649,0.010425,0.004356,0.009041
test,18805,0,0.982448,0.009696,0.004058,0.001897,0.001901
test,18809,0,0.895284,0.038175,0.034534,0.020021,0.011986
test,18858,0,0.98632,0.003422,0.008298,0.000519,0.001441
test,18865,0,0.955748,0.022572,0.014299,0.002403,0.004978
test,18867,0,0.655632,0.101345,0.078505,0.078025,0.086493
test,18870,0,0.972445,0.012556,0.00863,0.002631,0.003738
test,18878,0,0.7407,0.040878,0.17468,0.01376,0.029982
test,18880,0,0.380777,0.121096,0.030784,0.250279,0.217064
test,18888,0,0.995469,0.001975,0.001318,0.000601,0.000638
test,18897,0,0.898011,0.041743,0.046754,0.007804,0.005688
test,18911,0,0.995912,0.002068,0.000843,0.000302,0.000876
test,18941,0,0.950876,0.023687,0.012027,0.006651,0.006759
test,18944,0,0.9953,0.002462,0.001073,0.000795,0.000371
test,18945,0,0.933142,0.041157,0.009471,0.008537,0.007693
test,18951,0,0.949685,0.014402,0.012621,0.003469,0.019824
test,18956,0,0.938201,0.024999,0.014946,0.012664,0.00919
test,18972,0,0.65023,0.16276,0.056589,0.025803,0.104618
test,18973,0,0.913038,0.019416,0.020867,0.003745,0.042934
test,18975,0,0.872952,0.05095,0.026587,0.039079,0.010432
test,18978,0,0.952368,0.012577,0.02155,0.004589,0.008917
test,18986,0,0.971788,0.014103,0.001895,0.000545,0.011668
test,18992,0,0.944327,0.034905,0.012815,0.00253,0.005422
test,19000,4,0.86137,0.067071,0.028736,0.03396,0.008862
test,19001,0,0.737563,0.250147,0.006461,0.002356,0.003473
test,19004,0,0.959082,0.005373,0.033098,0.001074,0.001373
test,19007,0,0.999249,0.000367,0.000235,6.2e-05,8.7e-05
test,19015,0,0.986736,0.007289,0.002904,0.001576,0.001495
test,19016,0,0.900194,0.030385,0.004994,0.061163,0.003265
test,19045,3,0.907803,0.025762,0.016145,0.038948,0.011341
test,19046,0,0.773241,0.117115,0.059878,0.018156,0.03161
test,19058,0,0.9551,0.020121,0.006739,0.005287,0.012753
test,19067,0,0.806647,0.121257,0.024926,0.015612,0.031558
test,19069,0,0.985972,0.006239,0.003413,0.001687,0.00269
test,19083,0,0.986904,0.00488,0.004738,0.0015,0.001977
test,19085,0,0.806145,0.186346,0.003409,0.001655,0.002444
test,19092,0,0.972963,0.007212,0.007281,0.005451,0.007093
test,19093,0,0.88268,0.110245,0.002036,0.001113,0.003926
test,19097,0,0.947523,0.024677,0.016357,0.003944,0.0075
test,19105,0,0.95876,0.015437,0.008755,0.003661,0.013387
test,19109,0,0.931885,0.03142,0.014516,0.0031,0.019079
test,19114,0,0.965253,0.01287,0.009516,0.003563,0.008799
test,19120,0,0.982559,0.005483,0.00347,0.001469,0.007019
test,19124,0,0.929313,0.039617,0.011642,0.01121,0.008219
test,19135,0,0.946556,0.023537,0.01829,0.003448,0.008169
test,19145,0,0.633316,0.146737,0.050328,0.08776,0.081859
test,19148,0,0.977035,0.011212,0.004181,0.004305,0.003268
test,19163,0,0.977794,0.01454,0.00346,0.002191,0.002014
test,19185,0,0.936154,0.032269,0.015339,0.007421,0.008817
test,19186,0,0.974089,0.018485,0.005156,0.001333,0.000937
test,19188,0,0.956486,0.014698,0.008419,0.003833,0.016564
test,19196,0,0.926253,0.039903,0.017356,0.006846,0.009641
test,19199,0,0.99154,0.004274,0.001694,0.001442,0.001051
test,19200,0,0.915358,0.021796,0.01734,0.026229,0.019277
test,19202,4,0.842808,0.091028,0.030076,0.016906,0.019183
test,19206,0,0.996508,0.001582,0.001149,0.000214,0.000547
test,19208,0,0.959127,0.025741,0.00722,0.002976,0.004936
test,19209,0,0.878708,0.041856,0.033372,0.025071,0.020993
test,19211,0,0.937886,0.019121,0.021805,0.013639,0.007549
test,19212,0,0.995349,0.002361,0.001112,0.000633,0.000545
test,19219,0,0.981064,0.009718,0.006246,0.001359,0.001614
test,19220,0,0.980954,0.008621,0.005729,0.003943,0.000753
test,19233,0,0.995527,0.002047,0.000782,0.000247,0.001397
test,19235,2,0.915921,0.033674,0.025774,0.005295,0.019336
test,19240,0,0.906901,0.047888,0.021371,0.008973,0.014868
test,19241,0,0.979664,0.009188,0.003903,0.002369,0.004874
test,19250,0,0.92667,0.013389,0.043145,0.006355,0.010441
test,19255,0,0.917754,0.025776,0.026261,0.009683,0.020525
test,19257,0,0.920591,0.040722,0.019605,0.008126,0.010956
test,19264,0,0.991645,0.004649,0.0021,0.001035,0.000571
test,19266,0,0.95748,0.022048,0.009149,0.00484,0.006483
test,19269,0,0.960707,0.01892,0.008611,0.005484,0.006278
test,19278,0,0.928034,0.027524,0.00877,0.00856,0.027112
test,19280,0,0.951711,0.032102,0.010465,0.002798,0.002924
test,19294,0,0.989606,0.008712,0.001206,0.00019,0.000287
test,19296,0,0.982027,0.007648,0.003821,0.002345,0.00416
test,19298,0,0.419943,0.075818,0.023525,0.005439,0.475274
test,19304,0,0.97055,0.01736,0.007835,0.002557,0.001698
test,19306,0,0.965708,0.013547,0.007093,0.01008,0.003572
test,19310,0,0.984143,0.006903,0.005388,0.001834,0.001733
test,19312,0,0.948358,0.015479,0.027394,0.003974,0.004795
test,19331,0,0.396556,0.008339,0.005782,0.00457,0.584754
test,19338,0,0.988652,0.005845,0.00235,0.001906,0.001247
test,19344,3,0.832247,0.046146,0.025492,0.09079,0.005325
test,19367,0,0.926249,0.021147,0.013372,0.008886,0.030346
test,19383,4,0.873815,0.064967,0.031724,0.011423,0.018071
test,19402,0,0.92372,0.048924,0.011848,0.004846,0.010662
test,19404,0,0.674258,0.142157,0.073567,0.083875,0.026143
test,19412,0,0.904974,0.053972,0.012391,0.005586,0.023077
test,19454,0,0.982563,0.005759,0.003465,0.002889,0.005323
test,19458,0,0.988304,0.006385,0.002522,0.000928,0.001861
test,19461,0,0.998271,0.001139,0.000109,0.000311,0.00017
test,19464,0,0.9573,0.014016,0.010725,0.004316,0.013643
test,19470,0,0.89399,0.045151,0.051294,0.005915,0.003649
test,19482,0,0.961354,0.031989,0.00252,0.002861,0.001277
test,19487,0,0.946393,0.01979,0.010999,0.015287,0.007531
test,19493,0,0.928269,0.029476,0.011335,0.004937,0.025983
test,19495,0,0.747646,0.133753,0.042254,0.022645,0.053702
test,19497,0,0.935685,0.033795,0.020474,0.005502,0.004544
test,19498,0,0.960738,0.0192,0.01184,0.003339,0.004883
test,19518,0,0.960237,0.024343,0.009035,0.002904,0.003481
test,19523,0,0.898091,0.024295,0.024888,0.04495,0.007776
test,19539,1,0.919417,0.037847,0.021522,0.010866,0.010347
test,19542,0,0.956787,0.024771,0.007883,0.004062,0.006498
test,19545,0,0.959151,0.015772,0.017696,0.003199,0.004183
test,19561,0,0.976302,0.010555,0.006448,0.003882,0.002814
test,19578,0,0.990448,0.005624,0.001862,0.001084,0.000982
test,19583,0,0.986976,0.006141,0.002834,0.00217,0.001879
test,19591,0,0.901347,0.05468,0.016816,0.010311,0.016846
test,19597,0,0.914639,0.039683,0.023891,0.009307,0.01248
test,19598,0,0.976104,0.01119,0.005303,0.005727,0.001676
test,19603,0,0.940209,0.038568,0.00756,0.008202,0.005461
test,19605,0,0.983678,0.011533,0.002527,0.001452,0.00081
test,19618,0,0.642277,0.160277,0.087361,0.03376,0.076324
test,19621,0,0.998672,0.000709,0.000274,8.6e-05,0.000258
test,19625,0,0.812917,0.090801,0.063173,0.007528,0.025581
test,19628,0,0.944601,0.022461,0.011396,0.015691,0.005852
test,19631,0,0.99228,0.004435,0.002238,0.000541,0.000506
test,19648,0,0.975347,0.0124,0.003851,0.002633,0.005769
test,19649,0,0.946535,0.021676,0.010495,0.010848,0.010446
test,19655,1,0.96056,0.021689,0.009391,0.003799,0.004562
test,19657,0,0.95657,0.016558,0.006472,0.004495,0.015905
test,19663,0,0.945051,0.007656,0.004355,0.042035,0.000903
test,19670,0,0.829758,0.080059,0.02539,0.042765,0.022028
test,19671,0,0.648117,0.196235,0.0773,0.038286,0.040062
test,19673,0,0.900745,0.068985,0.012275,0.010076,0.00792
test,19690,0,0.962327,0.026279,0.005419,0.003686,0.002289
test,19695,0,0.971893,0.012948,0.006277,0.003637,0.005246
test,19696,1,0.978711,0.011813,0.004058,0.001665,0.003753
test,19701,0,0.83597,0.123728,0.025066,0.006391,0.008845
test,19702,0,0.972494,0.014669,0.00537,0.002809,0.004658
test,19718,0,0.703678,0.140717,0.101153,0.014521,0.039931
test,19734,4,0.964505,0.015628,0.006421,0.003662,0.009783
test,19740,0,0.975088,0.014802,0.005002,0.002176,0.002932
test,19755,4,0.951404,0.013485,0.006057,0.025279,0.003776
test,19758,0,0.888236,0.041932,0.039293,0.022118,0.008422
test,19770,0,0.988294,0.003899,0.001991,0.000875,0.004941
test,19782,4,0.847235,0.061708,0.034984,0.040448,0.015625
test,19788,0,0.945885,0.027989,0.016352,0.005974,0.0038
test,19790,0,0.969996,0.016143,0.007798,0.002873,0.00319
test,19816,0,0.97207,0.013417,0.008724,0.002231,0.003558
test,19821,0,0.911492,0.043334,0.023806,0.011827,0.009541
test,19823,0,0.998975,0.000549,0.000244,0.0001,0.000131
test,19827,0,0.982921,0.008411,0.004839,0.002208,0.001622
test,19830,0,0.93372,0.036209,0.016677,0.00604,0.007353
test,19842,0,0.947216,0.016036,0.021805,0.003724,0.011218
test,19850,0,0.979262,0.010368,0.005591,0.001892,0.002887
test,19860,0,0.003922,0.002427,0.001087,0.991032,0.001532
test,19865,0,0.434026,0.540496,0.014182,0.003954,0.007342
test,19890,0,0.803526,0.127359,0.046454,0.011111,0.01155
test,19891,0,0.912511,0.025906,0.012418,0.03525,0.013915
test,19897,0,0.973678,0.010442,0.008819,0.00404,0.003021
test,19898,0,0.919854,0.018235,0.020741,0.014928,0.026242
test,19911,0,0.62827,0.020504,0.028112,0.275279,0.047835
test,19913,0,0.966892,0.017783,0.008791,0.003903,0.002631
test,19914,0,0.974538,0.010487,0.008063,0.002543,0.00437
test,19921,0,0.982737,0.008822,0.003992,0.001762,0.002687
test,19928,0,0.925063,0.042092,0.019214,0.004014,0.009617
test,19932,0,0.948033,0.022039,0.01698,0.008388,0.00456
test,19937,0,0.966107,0.019772,0.008239,0.003195,0.002687
test,19938,0,0.874269,0.024707,0.066012,0.017038,0.017974
test,19942,0,0.908167,0.077944,0.009168,0.003069,0.001651
test,19946,0,0.960212,0.018504,0.010589,0.003199,0.007496
test,19955,0,0.973059,0.011261,0.006738,0.002824,0.006118
test,19985,0,0.993094,0.00411,0.001502,0.000687,0.000607
test,19994,0,0.880098,0.072383,0.035316,0.008597,0.003606
test,19997,0,0.951818,0.027045,0.007859,0.00473,0.008548
test,19999,0,0.840311,0.085151,0.052779,0.012826,0.008932
test,20011,0,0.991676,0.004773,0.001933,0.000834,0.000784
test,20016,0,0.95851,0.017844,0.008954,0.002271,0.012421
test,20017,0,0.991982,0.004391,0.001173,0.001285,0.001169
test,20022,0,0.989187,0.004953,0.002653,0.001794,0.001413
test,20035,0,0.959343,0.017596,0.008865,0.009609,0.004587
test,20036,0,0.976669,0.008263,0.002432,0.00444,0.008195
test,20040,0,0.964984,0.015945,0.008832,0.0042,0.006039
test,20046,0,0.895775,0.012844,0.006517,0.075316,0.009548
test,20049,0,0.943922,0.023921,0.011865,0.010786,0.009506
test,20052,0,0.959786,0.021371,0.010127,0.004967,0.003749
test,20069,0,0.954377,0.018637,0.010326,0.008932,0.007728
test,20070,0,0.972138,0.010602,0.008892,0.00593,0.002439
test,20074,0,0.978994,0.010744,0.005288,0.002411,0.002563
test,20078,0,0.992055,0.003856,0.00176,0.000694,0.001635
test,20088,0,0.911105,0.05478,0.020555,0.007168,0.006392
test,20089,0,0.995786,0.003158,0.000811,9.1e-05,0.000155
test,20092,0,0.998414,0.000988,0.000343,0.000102,0.000153
test,20106,0,0.964195,0.012533,0.007517,0.012901,0.002853
test,20116,0,0.390126,0.046713,0.001996,0.55425,0.006916
test,20120,0,0.99785,0.001215,0.000596,0.000132,0.000207
test,20137,0,0.991869,0.005454,0.001728,0.00048,0.000469
test,20144,0,0.98905,0.005371,0.002456,0.001086,0.002037
test,20148,0,0.990019,0.004869,0.002742,0.001085,0.001285
test,20155,0,0.992206,0.00383,0.002524,0.000687,0.000753
test,20174,0,0.983335,0.006209,0.004676,0.003017,0.002764
test,20179,0,0.992792,0.003328,0.002928,0.000513,0.00044
test,20190,0,0.921411,0.041848,0.022899,0.005658,0.008184
test,20198,0,0.966638,0.014804,0.009573,0.00517,0.003814
test,20211,0,0.991003,0.004279,0.003175,0.00101,0.000533
test,20215,0,0.997276,0.002342,0.00021,6.2e-05,0.00011
test,20234,0,0.984531,0.007708,0.003287,0.002181,0.002293
test,20238,0,0.990569,0.004534,0.001913,0.000651,0.002333
test,20250,0,0.978329,0.009064,0.005006,0.00537,0.002231
test,20260,0,0.93497,0.030159,0.018004,0.009913,0.006954
test,20273,0,0.982064,0.011372,0.003024,0.001657,0.001882
test,20278,0,0.985145,0.009263,0.002217,0.00195,0.001425
test,20279,0,0.994503,0.002754,0.001493,0.000671,0.000578
test,20286,0,0.868906,0.066282,0.023291,0.013459,0.028062
test,20292,0,0.976332,0.013168,0.004572,0.003739,0.00219
test,20295,0,0.960813,0.019763,0.008879,0.00495,0.005595
test,20300,0,0.957052,0.014824,0.011753,0.004418,0.011953
test,20320,0,0.764102,0.102902,0.078774,0.016968,0.037254
test,20330,0,0.841913,0.107667,0.019843,0.017128,0.013449
test,20365,0,0.998317,0.000812,0.000507,0.000174,0.000191
test,20366,0,0.971209,0.012224,0.00874,0.003204,0.004623
test,20374,0,0.926127,0.002651,0.001311,0.068916,0.000995
test,20381,0,0.987133,0.006613,0.003239,0.002197,0.000817
test,20388,0,0.990151,0.004718,0.00179,0.002727,0.000615
test,20395,0,0.980462,0.009742,0.004509,0.003099,0.002189
test,20405,0,0.941906,0.031183,0.021162,0.002856,0.002893
test,20413,0,0.966521,0.021969,0.004757,0.001455,0.005298
test,20418,0,0.980718,0.008089,0.003893,0.003336,0.003963
test,20421,0,0.958573,0.012667,0.020463,0.00305,0.005248
test,20427,0,0.977301,0.01178,0.005822,0.001486,0.00361
test,20429,0,0.927281,0.029823,0.020976,0.01335,0.008571
test,20439,0,0.996769,0.001925,0.000851,0.000237,0.000218
test,20444,0,0.970502,0.017333,0.005537,0.003681,0.002947
test,20458,0,0.976571,0.00784,0.004407,0.004162,0.007021
test,20461,0,0.997408,0.001546,0.000675,0.000159,0.000212
test,20465,0,0.993962,0.003796,0.001078,0.000532,0.000632
test,20475,0,0.961849,0.009829,0.014079,0.003846,0.010398
test,20488,0,0.966843,0.013039,0.007582,0.003084,0.009452
test,20495,0,0.808645,0.150876,0.025707,0.007876,0.006896
test,20497,3,0.907371,0.07115,0.005189,0.012391,0.003898
test,20504,0,0.894318,0.062496,0.017441,0.014957,0.010788
test,20531,0,0.950113,0.026267,0.010151,0.003066,0.010403
test,20547,0,0.970887,0.011552,0.007369,0.004252,0.00594
test,20564,0,0.952931,0.019524,0.016864,0.006154,0.004528
test,20566,0,0.806506,0.078314,0.097813,0.007866,0.009502
test,20572,0,0.961383,0.021174,0.008939,0.003896,0.004608
test,20581,0,0.93972,0.022804,0.019873,0.007717,0.009885
test,20589,0,0.925545,0.037577,0.023891,0.00796,0.005027
test,20623,0,0.822411,0.094527,0.025663,0.035785,0.021614
test,20628,0,0.941074,0.038056,0.012898,0.002381,0.00559
test,20647,0,0.960727,0.016326,0.008138,0.0027,0.012109
test,20649,0,0.98067,0.010367,0.005352,0.001166,0.002445
test,20650,0,0.974982,0.00978,0.005281,0.003978,0.005979
test,20659,0,0.972068,0.016549,0.005603,0.003316,0.002464
test,20663,0,0.964038,0.024702,0.006445,0.003081,0.001733
test,20665,0,0.974518,0.011795,0.006559,0.003822,0.003307
test,20669,0,0.995772,0.002683,0.000777,0.000478,0.00029
test,20673,0,0.956862,0.023016,0.006605,0.00401,0.009508
test,20674,0,0.938695,0.012281,0.040358,0.004428,0.004238
test,20678,0,0.997705,0.001845,0.000194,5.9e-05,0.000196
test,20679,0,0.950995,0.030999,0.007587,0.002147,0.008273
test,20686,0,0.953645,0.019903,0.012704,0.006035,0.007712
test,20694,0,0.985858,0.005647,0.006979,0.001116,0.0004
test,20702,0,0.991478,0.00435,0.001811,0.001416,0.000944
test,20703,0,0.90109,0.042305,0.019768,0.022608,0.014228
test,20710,0,0.974715,0.007889,0.011084,0.002317,0.003995
test,20722,0,0.952237,0.025843,0.010572,0.005137,0.006211
test,20723,0,0.983507,0.008748,0.005222,0.00127,0.001253
test,20730,0,0.86447,0.045681,0.028634,0.0155,0.045717
test,20746,0,0.914423,0.06188,0.012012,0.002925,0.008761
test,20755,0,0.982083,0.009987,0.004638,0.002024,0.001269
test,20761,0,0.756958,0.025936,0.153705,0.056518,0.006883
test,20764,0,0.836982,0.087724,0.032695,0.035957,0.006642
test,20767,0,0.921306,0.046619,0.015389,0.007595,0.009091
test,20768,0,0.70256,0.191112,0.054554,0.019677,0.032097
test,20772,0,0.929598,0.02151,0.011041,0.004413,0.033438
test,20775,0,0.995107,0.002062,0.001147,0.001256,0.000428
test,20783,0,0.997386,0.001563,0.000624,0.000202,0.000225
test,20784,0,0.994986,0.002525,0.001235,0.000726,0.000527
test,20828,0,0.969637,0.010178,0.00802,0.003816,0.008349
test,20838,0,0.936494,0.028548,0.013811,0.005695,0.015452
test,20841,0,0.985443,0.005173,0.003959,0.003453,0.001971
test,20843,0,0.973271,0.007626,0.007971,0.008592,0.00254
test,20856,0,0.99745,0.001756,0.000517,0.000183,9.3e-05
test,20866,0,0.390158,0.019427,0.561787,0.004098,0.02453
test,20874,0,0.982798,0.008553,0.005826,0.001022,0.001802
test,20887,0,0.681789,0.098049,0.141611,0.040361,0.03819
test,20893,0,0.620367,0.075665,0.266863,0.003102,0.034003
test,20897,0,0.828662,0.016911,0.138492,0.009523,0.006412
test,20904,0,0.918045,0.011911,0.065463,0.002169,0.002412
test,20908,0,0.906178,0.033041,0.033858,0.017211,0.009712
test,20909,0,0.919846,0.022871,0.053067,0.001603,0.002613
test,20932,0,0.946074,0.024932,0.021937,0.004342,0.002715
test,20937,0,0.916948,0.038714,0.028883,0.0058,0.009655
test,20939,0,0.985021,0.006387,0.006369,0.001299,0.000924
test,20941,0,0.852727,0.073149,0.027532,0.029903,0.016689
test,20944,0,0.796825,0.014596,0.181637,0.004617,0.002324
test,20956,0,0.922638,0.03066,0.020518,0.004109,0.022075
test,20964,0,0.909338,0.0112,0.070853,0.002964,0.005645
test,20980,0,0.918609,0.034891,0.01661,0.021222,0.008669
test,20981,0,0.972137,0.014175,0.006043,0.004865,0.002779
test,20996,0,0.978768,0.012379,0.003942,0.002515,0.002397
test,21004,0,0.823012,0.107823,0.044056,0.014538,0.010571
test,21009,0,0.709764,0.168726,0.077663,0.013235,0.030612
test,21015,0,0.995185,0.003282,0.001229,0.000166,0.000138
test,21017,0,0.970427,0.01175,0.005528,0.002743,0.009551
test,21019,0,0.864409,0.03008,0.016856,0.010463,0.078191
test,21025,0,0.968106,0.015483,0.005768,0.002647,0.007997
test,21029,0,0.848725,0.044459,0.05054,0.049867,0.006409
test,21041,0,0.958948,0.024061,0.006835,0.00288,0.007276
test,21044,0,0.927522,0.062201,0.005481,0.002168,0.002628
test,21045,0,0.971692,0.012865,0.005644,0.004313,0.005485
test,21046,0,0.979227,0.011767,0.005661,0.001751,0.001594
test,21052,0,0.907583,0.033624,0.019722,0.015088,0.023984
test,21053,4,0.873643,0.022623,0.012455,0.080586,0.010693
test,21075,0,0.997164,0.002558,9.9e-05,8.2e-05,9.7e-05
test,21082,0,0.995042,0.002815,0.000972,0.000668,0.000504
test,21092,0,0.853613,0.05811,0.044256,0.012702,0.031318
test,21106,0,0.801223,0.024427,0.136044,0.030908,0.007398
test,21107,0,0.998539,0.00098,0.000302,7.9e-05,0.0001
test,21111,0,0.919437,0.019156,0.043654,0.007303,0.01045
test,21126,0,0.939332,0.021331,0.013566,0.021362,0.004409
test,21132,0,0.899642,0.040443,0.037443,0.009628,0.012845
test,21135,0,0.995464,0.002154,0.00163,0.000411,0.000341
test,21136,0,0.933075,0.033648,0.011636,0.006159,0.015483
test,21143,0,0.924462,0.023036,0.026162,0.011002,0.015338
test,21145,0,0.93939,0.026046,0.013392,0.011514,0.009659
test,21154,0,0.9576,0.02495,0.009961,0.003846,0.003642
test,21156,4,0.919231,0.015942,0.010099,0.013877,0.040851
test,21158,0,0.990695,0.00261,0.00442,0.001154,0.00112
test,21166,0,0.950889,0.021268,0.010078,0.002821,0.014945
test,21172,0,0.930988,0.036626,0.01612,0.009468,0.006797
test,21175,0,0.952771,0.028946,0.007702,0.002233,0.008348
test,21178,0,0.994684,0.002947,0.001135,0.000745,0.000489
test,21184,0,0.979936,0.007278,0.007356,0.001624,0.003806
test,21186,0,0.940019,0.021488,0.026069,0.006635,0.005789
test,21189,0,0.923064,0.042806,0.017437,0.004867,0.011825
test,21192,0,0.938184,0.026359,0.015339,0.006876,0.013242
test,21193,0,0.789719,0.024267,0.046654,0.132564,0.006797
test,21195,0,0.984458,0.009148,0.004083,0.001193,0.001118
test,21200,0,0.998177,0.001001,0.000397,0.000147,0.000278
test,21208,0,0.960088,0.007114,0.010804,0.00981,0.012184
test,21211,0,0.96737,0.009617,0.008533,0.002326,0.012154
test,21212,0,0.896448,0.040955,0.027354,0.02434,0.010903
test,21223,0,0.993435,0.002611,0.002061,0.000931,0.000962
test,21232,0,0.974456,0.01256,0.005112,0.001798,0.006073
test,21247,0,0.99232,0.004756,0.001476,0.000845,0.000602
test,21249,0,0.965915,0.00397,0.00373,0.00049,0.025895
test,21266,0,0.986581,0.005863,0.002987,0.001663,0.002905
test,21277,0,0.972138,0.012895,0.004627,0.003342,0.006998
test,21282,0,0.997591,0.002042,0.000102,5.8e-05,0.000207
test,21284,0,0.991642,0.0051,0.001688,0.00065,0.000919
test,21287,0,0.991725,0.004617,0.002008,0.001078,0.000573
test,21296,0,0.987918,0.005016,0.002967,0.001764,0.002336
test,21297,0,0.985635,0.007958,0.00304,0.00138,0.001986
test,21298,0,0.984036,0.007581,0.003563,0.002339,0.002481
test,21310,0,0.990414,0.003803,0.004,0.00072,0.001064
test,21318,0,0.98614,0.006655,0.002512,0.001583,0.003111
test,21320,0,0.956608,0.006301,0.00358,0.001194,0.032318
test,21329,0,0.990057,0.004503,0.003516,0.000947,0.000977
test,21330,0,0.624276,0.066967,0.262383,0.015641,0.030733
test,21335,0,0.848984,0.027866,0.099944,0.016622,0.006585
test,21338,0,0.987789,0.005721,0.00296,0.002386,0.001143
test,21376,0,0.968409,0.019639,0.005865,0.002651,0.003436
test,21377,0,0.960789,0.024193,0.008101,0.003622,0.003296
test,21378,0,0.91994,0.03948,0.009162,0.024172,0.007246
test,21382,0,0.976884,0.013142,0.005638,0.002245,0.002092
test,21391,0,0.926781,0.036306,0.014448,0.007806,0.01466
test,21395,0,0.99636,0.001983,0.000728,0.000162,0.000767
test,21399,0,0.981995,0.008455,0.003895,0.004075,0.00158
test,21420,0,0.966864,0.018447,0.005495,0.004597,0.004597
test,21424,0,0.984914,0.008838,0.003177,0.001221,0.00185
test,21438,0,0.917587,0.0364,0.005762,0.002338,0.037913
test,21439,0,0.929026,0.030804,0.016203,0.010187,0.01378
test,21440,0,0.971385,0.010271,0.007257,0.005469,0.005617
test,21447,0,0.966852,0.014976,0.011422,0.003893,0.002856
test,21451,0,0.954166,0.01757,0.008463,0.004359,0.015443
test,21453,0,0.957031,0.015252,0.017247,0.00506,0.005409
test,21455,0,0.972497,0.016439,0.006608,0.002284,0.002172
test,21458,0,0.982381,0.00758,0.004061,0.002258,0.003719
test,21472,0,0.990107,0.005185,0.002618,0.000941,0.001148
test,21473,0,0.98715,0.004897,0.002949,0.002162,0.002841
test,21476,0,0.962092,0.019704,0.008552,0.003332,0.006319
test,21477,0,0.990652,0.004238,0.001955,0.001338,0.001816
test,21478,0,0.86869,0.043434,0.079889,0.002292,0.005695
test,21493,0,0.995244,0.002734,0.001154,0.000469,0.000398
test,21501,0,0.982673,0.009287,0.00508,0.000922,0.002037
test,21513,0,0.750391,0.034294,0.200926,0.005049,0.009341
test,21525,0,0.933975,0.025308,0.014558,0.021491,0.004668
test,21548,0,0.731894,0.077928,0.032877,0.093665,0.063635
test,21555,0,0.931074,0.049217,0.012198,0.002329,0.005181
test,21557,0,0.960673,0.021517,0.013224,0.002645,0.001941
test,21560,0,0.961438,0.019516,0.005744,0.004859,0.008442
test,21561,0,0.994177,0.003286,0.001188,0.000802,0.000546
test,21564,0,0.991283,0.005037,0.002205,0.00078,0.000694
test,21571,0,0.988962,0.006058,0.002503,0.001176,0.0013
test,21585,0,0.959782,0.01895,0.009981,0.00387,0.007417
test,21591,0,0.981222,0.009142,0.005127,0.002269,0.002241
test,21595,0,0.32617,0.00784,0.003306,0.660226,0.002458
test,21596,0,0.965952,0.006267,0.00288,0.001675,0.023226
test,21609,0,0.982486,0.007558,0.003258,0.001833,0.004864
test,21616,0,0.993944,0.003119,0.001368,0.001101,0.000468
test,21618,0,0.990688,0.005555,0.001916,0.000779,0.001062
test,21621,0,0.981265,0.009492,0.004904,0.002368,0.00197
test,21623,0,0.956891,0.017846,0.014278,0.006243,0.004743
test,21626,0,0.672772,0.190947,0.084106,0.016476,0.0357
test,21627,0,0.997421,0.001394,0.000723,0.000247,0.000215
test,21628,0,0.985208,0.008711,0.002364,0.001235,0.002481
test,21633,0,0.985267,0.007675,0.003797,0.001702,0.00156
test,21646,0,0.948849,0.025943,0.009906,0.002957,0.012345
test,21651,0,0.806603,0.138457,0.027394,0.012876,0.014668
test,21654,0,0.959079,0.018489,0.009552,0.010154,0.002726
test,21659,0,0.764282,0.108363,0.036443,0.045813,0.045099
test,21661,0,0.978171,0.011609,0.005172,0.002708,0.002339
test,21678,0,0.848069,0.092903,0.023568,0.018979,0.016482
test,21680,0,0.974813,0.011467,0.008321,0.001485,0.003914
test,21682,0,0.846277,0.051555,0.022372,0.070247,0.009548
test,21688,0,0.97904,0.012104,0.004817,0.002586,0.001452
test,21690,0,0.879792,0.07384,0.027711,0.008988,0.009668
test,21696,0,0.973064,0.010152,0.010234,0.002129,0.004421
test,21702,0,0.994768,0.002459,0.001351,0.000307,0.001115
test,21709,1,0.623798,0.034223,0.02042,0.005727,0.315832
test,21713,0,0.938743,0.025372,0.020249,0.007765,0.007872
test,21718,0,0.737613,0.029158,0.034666,0.18928,0.009283
test,21725,0,0.965732,0.018863,0.00617,0.002421,0.006813
test,21736,0,0.905381,0.035949,0.017732,0.006732,0.034206
test,21738,0,0.969927,0.019526,0.006548,0.001979,0.00202
test,21744,0,0.973987,0.009925,0.008652,0.003765,0.003671
test,21763,0,0.974358,0.01261,0.007669,0.001916,0.003447
test,21765,0,0.96253,0.01785,0.008579,0.003598,0.007442
test,21766,0,0.989298,0.009583,0.000404,0.000276,0.00044
test,21780,0,0.902794,0.045204,0.020601,0.008816,0.022585
test,21783,0,0.950682,0.030837,0.007494,0.003358,0.00763
test,21786,0,0.049217,0.002069,0.002013,0.941174,0.005528
test,21804,0,0.933755,0.018463,0.01752,0.002711,0.027551
test,21810,0,0.886954,0.040145,0.009142,0.053896,0.009863
test,21812,0,0.930368,0.019833,0.042079,0.002367,0.005353
test,21814,0,0.920863,0.030029,0.004806,0.002624,0.041677
test,21818,0,0.473868,0.304962,0.108362,0.054856,0.057952
test,21820,0,0.918458,0.030598,0.043889,0.002897,0.004158
test,21822,0,0.930314,0.038721,0.012716,0.011614,0.006635
test,21827,0,0.993553,0.003707,0.001911,0.000459,0.00037
test,21830,1,0.935373,0.019664,0.02986,0.004113,0.01099
test,21839,0,0.844718,0.064247,0.045983,0.019493,0.025559
test,21842,0,0.991945,0.004705,0.002543,0.000392,0.000416
test,21855,0,0.969155,0.012054,0.006844,0.009283,0.002663
test,21864,0,0.956844,0.023928,0.009954,0.004132,0.005141
test,21865,0,0.981308,0.009611,0.005419,0.001635,0.002028
test,21869,0,0.913352,0.026953,0.026485,0.01664,0.016571
test,21874,0,0.982247,0.007338,0.006815,0.00152,0.00208
test,21875,0,0.94957,0.034041,0.007075,0.003927,0.005387
test,21877,0,0.889258,0.017429,0.059073,0.028064,0.006175
test,21880,0,0.937152,0.028505,0.021702,0.008069,0.004572
test,21888,0,0.934712,0.047006,0.012506,0.002068,0.003709
test,21890,0,0.982602,0.005259,0.010436,0.001168,0.000535
test,21899,0,0.991167,0.004562,0.001707,0.000759,0.001805
test,21912,0,0.988074,0.005121,0.00426,0.001291,0.001255
test,21922,0,0.947281,0.01677,0.018457,0.006212,0.011281
test,21948,0,0.951198,0.0339,0.005887,0.003461,0.005554
test,21949,0,0.976225,0.012368,0.006019,0.002568,0.00282
test,21962,0,0.876852,0.031372,0.019825,0.04953,0.022421
test,21965,0,0.979139,0.00683,0.00803,0.000966,0.005035
test,21971,0,0.37832,0.019551,0.005692,0.59231,0.004126
test,21972,0,0.986186,0.006933,0.003564,0.001515,0.001801
test,21979,0,0.987409,0.006338,0.003418,0.001681,0.001154
test,21980,0,0.830042,0.112372,0.037518,0.007026,0.013043
test,21983,0,0.959827,0.022282,0.011277,0.003206,0.003408
test,21986,0,0.994882,0.002104,0.001226,0.000344,0.001444
test,21987,0,0.970454,0.01307,0.007075,0.006002,0.003399
test,21993,0,0.711956,0.181749,0.063377,0.025623,0.017295
test,22009,0,0.598922,0.334386,0.048493,0.011238,0.006961
test,22032,0,0.950284,0.027814,0.011454,0.007847,0.002601
test,22033,0,0.975396,0.016501,0.005019,0.001361,0.001723
test,22034,0,0.930452,0.036188,0.01067,0.013791,0.008899
test,22039,0,0.780137,0.095697,0.043457,0.013187,0.067521
test,22048,0,0.9385,0.018673,0.030199,0.007182,0.005446
test,22054,0,0.923465,0.046084,0.013751,0.011113,0.005587
test,22055,0,0.942583,0.028825,0.023265,0.003005,0.002322
test,22057,0,0.959903,0.01697,0.009472,0.010697,0.002958
test,22066,0,0.957817,0.017016,0.01854,0.002652,0.003975
test,22073,0,0.989914,0.005312,0.002461,0.000895,0.001418
test,22076,0,0.991031,0.004712,0.002395,0.000959,0.000904
test,22081,0,0.973507,0.009575,0.006632,0.001998,0.008288
test,22087,0,0.954472,0.027233,0.008422,0.007222,0.002651
test,22092,0,0.873171,0.088251,0.019251,0.008458,0.010869
test,22113,0,0.995661,0.002574,0.001126,0.000232,0.000406
test,22114,0,0.968464,0.016869,0.008675,0.00262,0.003372
test,22115,0,0.927168,0.021976,0.018626,0.025871,0.006358
test,22116,0,0.972754,0.014366,0.007926,0.002468,0.002485
test,22118,0,0.79112,0.021805,0.133302,0.018986,0.034787
test,22121,0,0.280853,0.208682,0.421499,0.063589,0.025377
test,22122,0,0.990582,0.005862,0.002771,0.000419,0.000367
test,22125,0,0.907269,0.030539,0.043072,0.016018,0.003103
test,22133,0,0.788064,0.142412,0.032848,0.018729,0.017946
test,22135,0,0.892131,0.044477,0.024807,0.014482,0.024105
test,22136,0,0.982204,0.0088,0.005299,0.002631,0.001067
test,22139,0,0.961842,0.023393,0.007063,0.004701,0.003001
test,22140,0,0.990536,0.004078,0.004741,0.000346,0.0003
test,22142,0,0.980106,0.009691,0.006855,0.001845,0.001504
test,22155,0,0.964547,0.019847,0.00548,0.007416,0.002711
test,22161,0,0.783531,0.149021,0.025009,0.029356,0.013082
test,22168,0,0.990717,0.003855,0.001638,0.001789,0.002
test,22170,2,0.555834,0.174771,0.163302,0.050158,0.055935
test,22184,0,0.977806,0.009589,0.005848,0.002896,0.003861
test,22196,0,0.869619,0.052694,0.057389,0.007565,0.012733
test,22199,0,0.836269,0.051995,0.055864,0.013738,0.042134
test,22201,0,0.877674,0.023259,0.011575,0.020258,0.067235
test,22204,0,0.982883,0.007611,0.002853,0.003597,0.003055
test,22227,0,0.662451,0.009675,0.011649,0.307842,0.008383
test,22231,0,0.985597,0.006339,0.005404,0.00178,0.000879
test,22234,0,0.987286,0.007082,0.003582,0.001027,0.001024
test,22244,0,0.962095,0.021288,0.008157,0.004731,0.003728
test,22247,0,0.894488,0.072349,0.014684,0.006649,0.01183
test,22256,0,0.974315,0.012896,0.005526,0.003899,0.003364
test,22257,0,0.985844,0.005227,0.004413,0.001257,0.00326
test,22264,0,0.928348,0.0359,0.014571,0.005675,0.015507
test,22271,0,0.983061,0.006296,0.006535,0.002064,0.002044
test,22272,0,0.925017,0.032009,0.017821,0.008484,0.016669
test,22273,0,0.895907,0.057461,0.034165,0.003879,0.008588
test,22279,0,0.997247,0.001667,0.000652,0.00023,0.000204
test,22288,0,0.978459,0.008911,0.007185,0.001912,0.003533
test,22290,0,0.856385,0.030901,0.034174,0.057331,0.021209
test,22302,0,0.974211,0.013008,0.00608,0.003676,0.003026
test,22303,0,0.91682,0.034915,0.019423,0.012875,0.015966
test,22306,0,0.99363,0.003076,0.001807,0.000562,0.000925
test,22307,0,0.827056,0.100805,0.01537,0.035512,0.021257
test,22310,0,0.928739,0.031866,0.01967,0.010299,0.009426
test,22325,0,0.961383,0.01779,0.014616,0.002816,0.003395
test,22328,0,0.992231,0.003819,0.002611,0.000905,0.000436
test,22333,0,0.99311,0.003729,0.00202,0.000755,0.000386
test,22336,0,0.971362,0.010439,0.006019,0.003686,0.008494
test,22342,0,0.951821,0.023082,0.011009,0.00529,0.008798
test,22351,0,0.979501,0.01091,0.004652,0.001781,0.003157
test,22365,0,0.986823,0.005823,0.005633,0.000848,0.000874
test,22368,0,0.988594,0.007687,0.001667,0.001541,0.00051
test,22370,0,0.884847,0.056304,0.028054,0.016534,0.014261
test,22381,0,0.932963,0.027591,0.018492,0.006529,0.014425
test,22384,0,0.965009,0.013333,0.012732,0.006486,0.002441
test,22395,0,0.98513,0.008257,0.003361,0.001537,0.001715
test,22399,0,0.978314,0.0125,0.003918,0.001916,0.003351
test,22400,0,0.985975,0.006025,0.003985,0.001451,0.002565
test,22401,3,0.772389,0.172547,0.041567,0.005901,0.007596
test,22402,0,0.922499,0.029231,0.033838,0.004178,0.010253
test,22418,0,0.916202,0.025209,0.033106,0.020869,0.004615
test,22420,0,0.797006,0.107297,0.062098,0.009683,0.023915
test,22422,0,0.977692,0.004323,0.00171,0.01313,0.003144
test,22424,0,0.746075,0.177547,0.03888,0.024939,0.012558
test,22435,0,0.980335,0.008025,0.006539,0.002417,0.002684
test,22436,0,0.948253,0.03022,0.011499,0.003903,0.006125
test,22443,0,0.979104,0.011399,0.005057,0.003462,0.000977
test,22446,0,0.92542,0.034025,0.013457,0.005007,0.02209
test,22456,0,0.966621,0.018461,0.006491,0.001929,0.006498
test,22460,0,0.859864,0.058974,0.015837,0.051279,0.014047
test,22462,0,0.922731,0.01987,0.009446,0.02584,0.022113
test,22486,0,0.86107,0.062511,0.051001,0.014437,0.010981
test,22490,0,0.541388,0.43584,0.010279,0.006151,0.006342
test,22492,0,0.795491,0.074532,0.031277,0.01245,0.08625
test,22496,0,0.831796,0.0784,0.057247,0.012012,0.020545
test,22497,0,0.946655,0.010909,0.036073,0.003393,0.002969
test,22502,0,0.950633,0.017518,0.010531,0.013607,0.007712
test,22506,0,0.9544,0.026171,0.009729,0.003259,0.006441
test,22516,0,0.99412,0.002216,0.002652,0.000414,0.000598
test,22520,0,0.972581,0.011473,0.006274,0.001516,0.008156
test,22521,0,0.650319,0.093474,0.219242,0.005163,0.031803
test,22537,0,0.466,0.061818,0.013932,0.044846,0.413404
test,22549,0,0.98286,0.009383,0.00437,0.001543,0.001843
test,22553,0,0.979621,0.011175,0.004722,0.001778,0.002703
test,22556,0,0.893662,0.03447,0.045518,0.015296,0.011054
test,22576,0,0.992935,0.004322,0.001553,0.000553,0.000637
test,22580,0,0.916317,0.051261,0.011724,0.007291,0.013407
test,22583,0,0.992217,0.003837,0.002325,0.00126,0.00036
test,22587,0,0.297913,0.624269,0.006651,0.017057,0.05411
test,22590,0,0.970057,0.014053,0.007485,0.007405,0.001001
test,22615,0,0.973274,0.014017,0.007401,0.003276,0.002032
test,22618,0,0.800635,0.032238,0.157064,0.002602,0.007462
test,22624,0,0.995277,0.002061,0.00143,0.000399,0.000833
test,22636,0,0.821412,0.067165,0.04994,0.046594,0.014889
test,22639,0,0.992323,0.004613,0.001634,0.000687,0.000743
test,22647,0,0.897173,0.048839,0.021603,0.007673,0.024712
test,22666,0,0.951,0.025341,0.011004,0.006885,0.00577
test,22675,0,0.991992,0.0024,0.001187,0.003027,0.001393
test,22681,0,0.867328,0.076014,0.021923,0.00907,0.025665
test,22682,0,0.98803,0.006455,0.00386,0.000944,0.00071
test,22686,0,0.824259,0.063652,0.03412,0.042559,0.03541
test,22687,0,0.929228,0.012284,0.008186,0.04752,0.002782
test,22691,0,0.989687,0.006115,0.002228,0.00101,0.00096
test,22696,0,0.966923,0.022041,0.006637,0.001965,0.002433
test,22699,0,0.943909,0.031524,0.01895,0.00296,0.002657
test,22700,0,0.859943,0.080668,0.028167,0.008968,0.022254
test,22702,0,0.884756,0.038523,0.063982,0.005275,0.007463
test,22703,0,0.904042,0.03494,0.036832,0.007685,0.0165
test,22718,0,0.895085,0.079958,0.010933,0.00845,0.005574
test,22725,0,0.972472,0.015793,0.005162,0.00209,0.004482
test,22738,0,0.974763,0.010378,0.006393,0.003446,0.005021
test,22742,0,0.857773,0.041235,0.02666,0.010136,0.064195
test,22748,0,0.928113,0.038354,0.010062,0.005681,0.01779
test,22769,0,0.816451,0.08076,0.043054,0.02805,0.031685
test,22781,0,0.922737,0.031762,0.008595,0.015761,0.021145
test,22807,0,0.929516,0.051443,0.012397,0.002688,0.003956
test,22809,0,0.928596,0.023328,0.004946,0.002222,0.040908
test,22818,0,0.971825,0.014281,0.006692,0.002412,0.00479
test,22832,0,0.996198,0.002657,0.00057,0.000297,0.000277
test,22836,0,0.994592,0.002395,0.00182,0.00052,0.000672
test,22849,0,0.95022,0.015646,0.006047,0.024001,0.004085
test,22851,0,0.576825,0.413771,0.004561,0.001878,0.002966
test,22856,0,0.977142,0.004847,0.01566,0.001137,0.001214
test,22859,0,0.884566,0.026589,0.013686,0.012325,0.062835
test,22869,0,0.97451,0.012247,0.005384,0.001463,0.006396
test,22876,0,0.982687,0.009581,0.003341,0.00176,0.002631
test,22877,0,0.965014,0.023266,0.005937,0.004101,0.001681
test,22900,0,0.99858,0.000535,0.000326,0.00024,0.000319
test,22904,0,0.980808,0.009013,0.003855,0.001415,0.004908
test,22907,0,0.893739,0.039814,0.036174,0.021409,0.008863
test,22911,0,0.984998,0.006882,0.003353,0.001349,0.003418
test,22915,0,0.929044,0.020719,0.035068,0.008881,0.006288
test,22918,0,0.962889,0.021283,0.009179,0.001294,0.005355
test,22924,0,0.654135,0.20134,0.082366,0.013309,0.04885
test,22931,0,0.990466,0.005016,0.002655,0.000892,0.000971
test,22943,0,0.966269,0.023849,0.004483,0.00224,0.003159
test,22955,0,0.963061,0.016115,0.015183,0.002233,0.003408
test,22968,0,0.961754,0.024948,0.007666,0.003945,0.001686
test,22970,0,0.972799,0.011998,0.00592,0.005613,0.00367
test,22977,0,0.983384,0.007954,0.003993,0.001763,0.002906
test,22982,0,0.958471,0.02043,0.012013,0.004459,0.004628
test,22993,0,0.965635,0.01549,0.00874,0.005318,0.004818
test,22994,0,0.983761,0.014505,0.001006,0.000575,0.000153
test,22999,0,0.756196,0.052086,0.149633,0.005002,0.037083
test,23013,0,0.906993,0.036044,0.021294,0.006815,0.028853
test,23016,0,0.961757,0.021153,0.005854,0.00539,0.005845
test,23025,0,0.976387,0.010541,0.00911,0.001833,0.002129
test,23029,0,0.934999,0.025991,0.015215,0.010743,0.013052
test,23030,0,0.970398,0.016313,0.004938,0.003519,0.004833
test,23036,0,0.952463,0.035188,0.005782,0.003373,0.003193
test,23055,0,0.904583,0.040965,0.032901,0.007852,0.013699
test,23056,0,0.965645,0.018088,0.00997,0.003677,0.00262
test,23058,0,0.966438,0.019363,0.005948,0.002292,0.005959
test,23060,4,0.969836,0.01758,0.007577,0.001513,0.003494
test,23071,0,0.97661,0.011797,0.00525,0.002439,0.003905
test,23090,0,0.926936,0.034265,0.028993,0.006421,0.003384
test,23124,0,0.854985,0.040064,0.026356,0.009694,0.0689
test,23126,0,0.838085,0.068787,0.025752,0.019674,0.047702
test,23133,0,0.984526,0.00652,0.002593,0.00494,0.001422
test,23146,0,0.989391,0.004874,0.002993,0.00102,0.001722
test,23152,0,0.625509,0.053837,0.025252,0.127027,0.168376
test,23160,0,0.970781,0.015011,0.006419,0.002521,0.005267
test,23161,0,0.979576,0.009325,0.003181,0.002658,0.00526
test,23166,0,0.986298,0.005503,0.003146,0.001919,0.003134
test,23169,0,0.988786,0.005527,0.003395,0.001008,0.001284
test,23171,0,0.961558,0.021118,0.010302,0.002489,0.004532
test,23176,0,0.986493,0.006408,0.004368,0.00184,0.000891
test,23177,0,0.959926,0.016787,0.014021,0.003286,0.00598
test,23178,0,0.994518,0.002533,0.001415,0.000819,0.000715
test,23207,0,0.787294,0.053885,0.014853,0.136984,0.006985
test,23215,0,0.996645,0.002216,0.000697,0.000197,0.000245
test,23216,0,0.985774,0.006876,0.002691,0.003494,0.001165
test,23218,0,0.952872,0.018458,0.011408,0.003495,0.013768
test,23245,0,0.983834,0.009356,0.003401,0.001358,0.002051
test,23248,0,0.916282,0.032784,0.02826,0.010029,0.012645
test,23250,0,0.996175,0.002166,0.00097,0.00029,0.000399
test,23260,0,0.98197,0.009763,0.004148,0.001437,0.002681
test,23271,0,0.801329,0.184935,0.007904,0.003309,0.002524
test,23279,0,0.935309,0.035279,0.015342,0.00504,0.009029
test,23285,0,0.957557,0.022625,0.012975,0.003515,0.003328
test,23301,0,0.98918,0.004493,0.002562,0.002303,0.001462
test,23303,0,0.988644,0.005057,0.003725,0.001546,0.001027
test,23317,0,0.981481,0.008915,0.004905,0.002127,0.002572
test,23318,0,0.995202,0.00211,0.001811,0.000461,0.000416
test,23321,0,0.986984,0.005953,0.00377,0.001756,0.001537
test,23323,0,0.988912,0.004486,0.002057,0.003809,0.000736
test,23329,0,0.950791,0.006846,0.036465,0.004849,0.001049
test,23330,0,0.967653,0.017974,0.007727,0.004591,0.002055
test,23363,0,0.956744,0.018549,0.011222,0.006308,0.007178
test,23364,0,0.956693,0.019464,0.006496,0.004405,0.012941
test,23380,0,0.903845,0.013129,0.032805,0.002965,0.047257
test,23384,0,0.987532,0.005235,0.00361,0.001506,0.002118
test,23407,0,0.919615,0.013883,0.062843,0.001558,0.002101
test,23409,0,0.9709,0.01247,0.006503,0.004384,0.005743
test,23413,0,0.987067,0.004978,0.004749,0.001212,0.001994
test,23423,0,0.983757,0.007967,0.00457,0.001957,0.00175
test,23424,0,0.97314,0.011453,0.009044,0.003151,0.003211
test,23426,0,0.964885,0.016247,0.009744,0.005519,0.003604
test,23436,0,0.866688,0.020429,0.093747,0.003858,0.015277
test,23442,0,0.998205,0.00135,0.000324,5e-05,7.1e-05
test,23446,0,0.995618,0.002442,0.001183,0.000327,0.000429
test,23447,0,0.995696,0.002419,0.001072,0.000315,0.000498
test,23455,0,0.91448,0.034054,0.032469,0.013234,0.005763
test,23473,0,0.946328,0.03463,0.010093,0.004044,0.004906
test,23477,0,0.959883,0.022905,0.004692,0.001414,0.011107
test,23490,0,0.864734,0.064376,0.028973,0.020188,0.021729
test,23505,0,0.986591,0.005154,0.005591,0.001717,0.000947
test,23515,0,0.947219,0.029115,0.008535,0.003585,0.011546
test,23529,0,0.97468,0.0094,0.003634,0.008855,0.003431
test,23532,0,0.96186,0.016287,0.011035,0.004554,0.006265
test,23535,0,0.761157,0.121469,0.0527,0.039447,0.025227
test,23573,0,0.950636,0.027024,0.013551,0.003634,0.005155
test,23578,0,0.958826,0.018001,0.016872,0.002832,0.00347
test,23579,0,0.957148,0.024899,0.013072,0.001883,0.002997
test,23595,0,0.952017,0.023503,0.017297,0.00373,0.003452
test,23605,0,0.988371,0.00656,0.002764,0.001137,0.001169
test,23609,0,0.949529,0.035703,0.006986,0.002998,0.004784
test,23622,0,0.686133,0.295529,0.008892,0.007014,0.002432
test,23631,0,0.866893,0.026736,0.018618,0.074634,0.01312
test,23633,0,0.978453,0.010098,0.006033,0.00258,0.002836
test,23640,0,0.992653,0.00428,0.001848,0.000615,0.000604
test,23641,0,0.949113,0.027769,0.010861,0.007994,0.004263
test,23643,0,0.990093,0.003081,0.002437,0.000532,0.003857
test,23644,0,0.970763,0.007667,0.004283,0.014325,0.002961
test,23653,0,0.852262,0.091807,0.027914,0.005866,0.022152
test,23659,0,0.991371,0.005373,0.001759,0.00081,0.000688
test,23663,0,0.980327,0.010543,0.004223,0.003904,0.001003
test,23664,0,0.993713,0.00333,0.001343,0.00099,0.000624
test,23668,0,0.994837,0.002251,0.001488,0.000553,0.000871
test,23684,0,0.960823,0.014901,0.017996,0.003048,0.003233
test,23694,0,0.874294,0.072282,0.016155,0.006626,0.030642
test,23704,0,0.974513,0.015811,0.004417,0.002513,0.002746
test,23716,4,0.977859,0.009382,0.009921,0.001695,0.001142
test,23719,0,0.991246,0.005241,0.001693,0.001047,0.000773
test,23722,0,0.930852,0.03214,0.013781,0.016369,0.006858
test,23738,0,0.840528,0.13749,0.015259,0.003296,0.003428
test,23740,0,0.938324,0.024828,0.013481,0.014817,0.00855
test,23744,0,0.942834,0.038418,0.009421,0.005291,0.004036
test,23746,0,0.90302,0.039767,0.030487,0.01444,0.012287
test,23754,0,0.977141,0.006227,0.008456,0.003186,0.004989
test,23765,0,0.991109,0.004337,0.002541,0.001003,0.001011
test,23767,0,0.994669,0.002921,0.001495,0.000416,0.000498
test,23769,0,0.643757,0.019249,0.321085,0.011194,0.004715
test,23780,0,0.967875,0.013621,0.005552,0.001926,0.011027
test,23802,0,0.97389,0.011008,0.006451,0.005319,0.003332
test,23823,0,0.883898,0.057011,0.019554,0.008013,0.031523
test,23830,0,0.978307,0.00721,0.006883,0.001821,0.005779
test,23832,0,0.980486,0.006015,0.007277,0.004639,0.001583
test,23833,0,0.987737,0.002306,0.008808,0.000597,0.000552
test,23835,0,0.990695,0.004516,0.002156,0.000912,0.001721
test,23843,0,0.990222,0.005781,0.00236,0.001284,0.000351
test,23844,4,0.963334,0.01699,0.014419,0.002269,0.002988
test,23858,0,0.982375,0.007308,0.005213,0.002268,0.002836
test,23859,0,0.970086,0.013281,0.009298,0.002686,0.00465
test,23860,0,0.964826,0.011917,0.01921,0.001347,0.0027
test,23866,0,0.937789,0.034806,0.018893,0.003623,0.004888
test,23871,0,0.985515,0.002689,0.001753,0.000383,0.009659
test,23872,0,0.932243,0.042269,0.014594,0.004455,0.00644
test,23880,0,0.912356,0.011046,0.003127,0.070199,0.003273
test,23889,0,0.899902,0.008844,0.006557,0.001318,0.083379
test,23900,0,0.972754,0.008488,0.005935,0.008606,0.004216
test,23944,0,0.972168,0.015575,0.004406,0.002339,0.005512
test,23947,0,0.971124,0.011971,0.009868,0.00381,0.003227
test,23949,0,0.967808,0.014896,0.011391,0.002204,0.003701
test,23956,0,0.973365,0.017276,0.003754,0.002157,0.003447
test,23966,0,0.792599,0.143939,0.02182,0.008462,0.03318
test,23971,0,0.968467,0.024442,0.004618,0.001316,0.001157
test,23977,0,0.953379,0.021376,0.017058,0.003362,0.004825
test,23981,0,0.024563,0.003899,0.001582,0.002338,0.967619
test,23986,0,0.989243,0.006875,0.002264,0.000677,0.000942
test,23993,0,0.983028,0.008203,0.002691,0.003363,0.002715
test,24016,0,0.993893,0.002937,0.001591,0.000587,0.000992
test,24026,0,0.969662,0.01749,0.005598,0.003321,0.003929
test,24033,0,0.974463,0.012179,0.006412,0.002998,0.003946
test,24045,0,0.905127,0.045934,0.017018,0.02567,0.00625
test,24046,0,0.971609,0.009503,0.009703,0.006589,0.002596
test,24050,0,0.984582,0.011529,0.002421,0.000615,0.000852
test,24053,0,0.970882,0.015651,0.007568,0.003251,0.002648
test,24060,0,0.971674,0.015224,0.007168,0.002798,0.003135
test,24071,0,0.992007,0.004123,0.001427,0.001671,0.000771
test,24076,0,0.970956,0.017584,0.006922,0.001959,0.002579
test,24081,0,0.981105,0.009216,0.005199,0.002187,0.002292
test,24082,0,0.946796,0.027454,0.01444,0.006122,0.005189
test,24084,0,0.914685,0.019376,0.047361,0.013711,0.004867
test,24091,0,0.989983,0.003348,0.005716,0.000391,0.000562
test,24093,0,0.976535,0.009672,0.005271,0.006077,0.002445
test,24116,0,0.985558,0.008206,0.002326,0.001616,0.002295
test,24121,0,0.770925,0.154013,0.017041,0.005394,0.052627
test,24129,0,0.989032,0.005676,0.003058,0.000979,0.001255
test,24135,0,0.97256,0.008367,0.011537,0.002173,0.005364
test,24145,0,0.92078,0.033291,0.021135,0.005728,0.019066
test,24151,0,0.995941,0.001951,0.000795,0.000489,0.000824
test,24155,0,0.966195,0.015243,0.010057,0.004999,0.003507
test,24161,0,0.979278,0.013966,0.003954,0.00126,0.001543
test,24168,0,0.969881,0.015871,0.005697,0.002549,0.006002
test,24177,0,0.638075,0.074441,0.062875,0.033701,0.190908
test,24178,0,0.870467,0.052544,0.0325,0.01298,0.031509
test,24181,0,0.811537,0.044399,0.027081,0.08141,0.035574
test,24187,0,0.832379,0.077818,0.038188,0.011168,0.040447
test,24194,0,0.992857,0.002315,0.002917,0.000454,0.001458
test,24200,0,0.873768,0.037622,0.031031,0.012716,0.044864
test,24203,0,0.970743,0.013331,0.005943,0.008169,0.001814
test,24210,0,0.989965,0.007451,0.001175,0.000754,0.000655
test,24222,0,0.984447,0.00764,0.004927,0.00197,0.001016
test,24235,0,0.979881,0.011363,0.00386,0.001981,0.002915
test,24238,0,0.982247,0.008984,0.003351,0.003598,0.00182
test,24240,0,0.989785,0.005101,0.003332,0.000783,0.000999
test,24242,0,0.980922,0.008923,0.006061,0.002725,0.001369
test,24248,0,0.977591,0.016684,0.001698,0.000636,0.003392
test,24249,0,0.989818,0.007048,0.00219,0.000349,0.000595
test,24250,0,0.85408,0.017432,0.113774,0.007043,0.007671
test,24253,0,0.993367,0.00387,0.001664,0.00072,0.000378
test,24256,0,0.525295,0.461577,0.006758,0.003832,0.002538
test,24259,0,0.982074,0.007999,0.005987,0.002946,0.000994
test,24268,0,0.976218,0.010987,0.007059,0.003811,0.001925
test,24284,0,0.992496,0.004253,0.00154,0.001,0.000712
test,24285,0,0.975486,0.009616,0.005644,0.004304,0.004951
test,24287,0,0.933847,0.026195,0.012082,0.012733,0.015143
test,24288,0,0.931844,0.019336,0.008014,0.009149,0.031658
test,24293,0,0.937874,0.026116,0.014129,0.005818,0.016064
test,24295,0,0.918,0.030553,0.032219,0.003804,0.015423
test,24310,0,0.985031,0.009586,0.002355,0.0011,0.001928
test,24312,0,0.97976,0.011016,0.003862,0.002488,0.002873
test,24342,0,0.976881,0.006884,0.014754,0.000775,0.000705
test,24347,0,0.970834,0.015884,0.008097,0.002131,0.003053
test,24348,0,0.97162,0.010537,0.006872,0.005322,0.00565
test,24350,0,0.836138,0.100822,0.036957,0.014071,0.012012
test,24359,0,0.004798,0.000507,0.00011,7e-05,0.994515
test,24362,4,0.720431,0.05475,0.034609,0.16661,0.023601
test,24363,0,0.992017,0.004441,0.002032,0.000564,0.000945
test,24364,0,0.970767,0.016351,0.007154,0.002867,0.002862
test,24366,0,0.975389,0.010032,0.005166,0.002247,0.007165
test,24369,0,0.946225,0.018923,0.0106,0.012952,0.011299
test,24370,0,0.994506,0.002999,0.001252,0.000525,0.000718
test,24379,0,0.961257,0.019814,0.006233,0.00487,0.007825
test,24406,3,0.970413,0.012453,0.005643,0.007771,0.00372
test,24412,0,0.982074,0.007306,0.007616,0.001498,0.001506
test,24435,0,0.950458,0.01252,0.016558,0.000722,0.019742
test,24436,0,0.873035,0.06702,0.00985,0.019002,0.031093
test,24440,0,0.935665,0.040002,0.012746,0.004471,0.007115
test,24441,0,0.641691,0.100577,0.044408,0.109574,0.103751
test,24457,0,0.967876,0.009871,0.008067,0.007876,0.00631
test,24463,0,0.968241,0.006601,0.01885,0.004905,0.001403
test,24464,0,0.781342,0.043046,0.022934,0.055932,0.096747
test,24475,0,0.971988,0.013798,0.009835,0.002236,0.002144
test,24476,0,0.988207,0.005798,0.003094,0.001758,0.001143
test,24490,0,0.908119,0.035544,0.042007,0.00449,0.009839
test,24496,0,0.943831,0.014362,0.033195,0.006086,0.002525
test,24497,0,0.959598,0.016896,0.012296,0.009132,0.002078
test,24502,0,0.865802,0.011904,0.117478,0.002661,0.002154
test,24508,3,0.785305,0.129185,0.030775,0.031646,0.023088
test,24512,0,0.672249,0.02965,0.034164,0.255817,0.008121
test,24526,0,0.975187,0.018111,0.004946,0.001158,0.000599
test,24527,0,0.57912,0.130779,0.098767,0.136919,0.054415
test,24529,0,0.982368,0.008029,0.003903,0.002706,0.002995
test,24534,0,0.986301,0.007792,0.003021,0.001648,0.001238
test,24540,0,0.987247,0.01063,0.000882,0.000358,0.000884
test,24541,0,0.888679,0.050993,0.023757,0.026276,0.010296
test,24552,0,0.948264,0.025334,0.012233,0.004814,0.009356
test,24560,0,0.694544,0.078562,0.035719,0.030821,0.160353
test,24570,0,0.956778,0.010547,0.026359,0.00241,0.003905
test,24590,0,0.982835,0.005884,0.008367,0.001104,0.001809
test,24595,0,0.686921,0.028765,0.020703,0.082846,0.180765
test,24601,0,0.980187,0.010494,0.006513,0.001216,0.001592
test,24613,0,0.94617,0.024843,0.014286,0.006615,0.008086
test,24617,0,0.504143,0.409153,0.035877,0.007316,0.043511
test,24628,0,0.98385,0.010661,0.002784,0.001124,0.001581
test,24634,0,0.954072,0.024992,0.008788,0.006365,0.005784
test,24635,0,0.981747,0.008989,0.00301,0.001541,0.004713
test,24636,0,0.978014,0.00977,0.003762,0.002876,0.005577
test,24642,0,0.915995,0.013221,0.006184,0.007499,0.057101
test,24646,0,0.95075,0.022864,0.014651,0.003078,0.008657
test,24648,0,0.966377,0.016175,0.006815,0.003982,0.00665
test,24654,0,0.954751,0.025608,0.007132,0.002405,0.010104
test,24658,0,0.791022,0.100007,0.056502,0.045868,0.006601
test,24662,0,0.90275,0.036501,0.022385,0.029216,0.009148
test,24665,0,0.001678,6.7e-05,2.5e-05,2.1e-05,0.998209
test,24670,0,0.996008,0.002754,0.000738,0.0003,0.0002
test,24672,0,0.966896,0.0163,0.009039,0.003302,0.004463
test,24676,0,0.990415,0.006494,0.001726,0.000752,0.000613
test,24679,0,0.991652,0.00334,0.002227,0.001288,0.001493
test,24688,0,0.971983,0.011527,0.006673,0.00376,0.006057
test,24698,0,0.915206,0.016054,0.061816,0.002874,0.004051
test,24705,0,0.001274,2.5e-05,3.5e-05,0.000528,0.998138
test,24710,0,0.94542,0.018724,0.020479,0.009675,0.005701
test,24712,4,0.862191,0.03741,0.025111,0.035633,0.039656
test,24715,0,0.995851,0.001996,0.001264,0.000375,0.000514
test,24719,0,0.98904,0.005339,0.004516,0.000555,0.000551
test,24722,0,0.880152,0.056342,0.032872,0.004479,0.026155
test,24724,0,0.751453,0.213531,0.003573,0.006789,0.024654
test,24729,0,0.748476,0.159613,0.036297,0.014306,0.041308
test,24745,0,0.721599,0.055816,0.076045,0.041315,0.105224
test,24754,0,0.994798,0.002237,0.001238,0.000965,0.000763
test,24758,0,0.552666,0.182471,0.07197,0.038749,0.154144
test,24762,0,0.494879,0.290153,0.033843,0.10619,0.074935
test,24763,0,0.946649,0.020838,0.013518,0.009859,0.009136
test,24766,0,0.965516,0.012319,0.006511,0.005975,0.009679
test,24770,0,0.926124,0.028682,0.016073,0.011412,0.017709
test,24778,0,0.950244,0.024159,0.014653,0.004182,0.006762
test,24779,0,0.923815,0.02914,0.01801,0.020805,0.00823
test,24785,0,0.982105,0.004523,0.009523,0.002313,0.001537
test,24794,0,0.956202,0.031085,0.006412,0.002582,0.00372
test,24801,0,0.990222,0.003926,0.001665,0.002,0.002187
test,24807,0,0.950324,0.013972,0.016749,0.010812,0.008143
test,24823,0,0.701804,0.070984,0.012415,0.193199,0.021599
test,24881,0,0.972574,0.012121,0.004854,0.002,0.00845
test,24884,0,0.9866,0.006791,0.003695,0.001105,0.001808
test,24886,0,0.974528,0.009229,0.009612,0.003036,0.003594
test,24889,0,0.973127,0.021091,0.002763,0.001474,0.001545
test,24898,0,0.982814,0.008065,0.005758,0.001306,0.002057
test,24900,0,0.991545,0.004515,0.001975,0.001016,0.000949
test,24905,0,0.673612,0.035475,0.026854,0.00835,0.255711
test,24915,0,0.917646,0.034369,0.026536,0.014259,0.007189
test,24925,0,0.955422,0.018485,0.009448,0.006804,0.009841
test,24944,0,0.712656,0.140004,0.043346,0.046295,0.057699
test,24945,0,0.886737,0.029777,0.021285,0.054928,0.007274
test,24950,2,0.808739,0.116004,0.038606,0.015101,0.021551
test,24970,0,0.976914,0.009718,0.00748,0.001779,0.00411
test,24973,0,0.958225,0.026355,0.007913,0.00371,0.003797
test,24974,0,0.887691,0.065442,0.015505,0.013457,0.017905
test,24975,0,0.986131,0.007429,0.003536,0.001229,0.001674
test,24984,0,0.947815,0.015133,0.010279,0.021,0.005773
test,24995,0,0.973339,0.010241,0.010144,0.003063,0.003213
test,25002,0,0.997226,0.001414,0.000811,0.000248,0.000301
test,25012,0,0.957984,0.018451,0.012582,0.005224,0.00576
test,25018,0,0.739764,0.094789,0.049876,0.096638,0.018933
test,25023,0,0.987838,0.007565,0.002507,0.00101,0.00108
test,25026,3,0.971239,0.014742,0.006715,0.002929,0.004375
test,25030,0,0.927939,0.03489,0.014732,0.01804,0.004399
test,25041,0,0.875504,0.040006,0.071266,0.006859,0.006365
test,25042,0,0.927751,0.043239,0.025698,0.001574,0.001739
test,25043,0,0.935368,0.049414,0.007841,0.0031,0.004278
test,25047,0,0.941483,0.039023,0.009215,0.003438,0.00684
test,25061,0,0.976778,0.011515,0.007733,0.003493,0.000481
test,25064,0,0.982505,0.010108,0.002864,0.003284,0.00124
test,25068,0,0.959088,0.02248,0.008083,0.007305,0.003044
test,25072,0,0.93998,0.023033,0.027118,0.004645,0.005224
test,25079,0,0.983629,0.008786,0.004459,0.001426,0.001701
test,25082,0,0.990816,0.00449,0.003039,0.000749,0.000905
test,25089,0,0.329315,0.060258,0.071637,0.008877,0.529914
test,25090,0,0.996943,0.001549,0.00075,0.000393,0.000366
test,25093,0,0.914431,0.042819,0.01486,0.022161,0.005729
test,25095,0,0.87686,0.044615,0.029607,0.038883,0.010035
test,25098,0,0.60502,0.059134,0.195068,0.067414,0.073365
test,25108,0,0.98625,0.005876,0.00587,0.001278,0.000725
test,25110,0,0.939689,0.028542,0.015424,0.007868,0.008477
test,25113,0,0.936046,0.022931,0.021094,0.004428,0.015502
test,25124,0,0.935896,0.023968,0.025346,0.005163,0.009628
test,25134,0,0.75796,0.053938,0.048431,0.010068,0.129602
test,25144,0,0.94626,0.020376,0.012145,0.009044,0.012175
test,25148,0,0.992198,0.004806,0.001614,0.000831,0.000551
test,25149,0,0.036326,0.008514,0.002963,0.001426,0.950771
test,25159,0,0.972119,0.01341,0.006336,0.001732,0.006402
test,25173,0,0.904603,0.047778,0.025701,0.013285,0.008633
test,25178,0,0.920419,0.039839,0.013589,0.011677,0.014476
test,25179,0,0.993708,0.002529,0.001737,0.000349,0.001677
test,25182,0,0.991862,0.00448,0.001764,0.00049,0.001404
test,25187,0,0.711188,0.097757,0.010781,0.010555,0.169719
test,25190,0,0.980767,0.008513,0.004982,0.00117,0.004568
test,25192,0,0.995781,0.001581,0.001119,0.000405,0.001115
test,25197,0,0.956929,0.023132,0.008603,0.004404,0.006933
test,25203,0,0.949455,0.023912,0.008645,0.004595,0.013392
test,25213,4,0.428264,0.15574,0.011649,0.008134,0.396213
test,25228,0,0.945922,0.025064,0.019611,0.003081,0.006321
test,25232,0,0.967991,0.015014,0.008067,0.003076,0.005853
test,25235,0,0.86128,0.064618,0.034288,0.012056,0.027758
test,25240,0,0.957418,0.017875,0.011977,0.003823,0.008906
test,25241,1,0.689768,0.206323,0.063808,0.018428,0.021674
test,25243,0,0.947644,0.022841,0.011629,0.004126,0.01376
test,25251,0,0.660743,0.044156,0.020067,0.010584,0.264451
test,25256,0,0.994856,0.002537,0.001604,0.000474,0.000529
test,25263,0,0.990457,0.005268,0.002036,0.001397,0.000842
test,25266,0,0.963971,0.013684,0.006471,0.013622,0.002253
test,25274,0,0.994866,0.002118,0.002207,0.00041,0.000399
test,25278,0,0.991733,0.004707,0.001763,0.001094,0.000702
test,25282,0,0.951575,0.025007,0.011574,0.004381,0.007464
test,25287,0,0.869193,0.031466,0.016736,0.01159,0.071014
test,25294,0,0.973324,0.011688,0.007283,0.004151,0.003553
test,25298,0,0.876907,0.04361,0.035121,0.016584,0.027779
test,25299,0,0.990418,0.005225,0.002467,0.001396,0.000494
test,25304,0,0.557403,0.030316,0.009603,0.396459,0.006219
test,25309,0,0.982783,0.013191,0.002049,0.001078,0.0009
test,25315,0,0.945074,0.023819,0.019227,0.005408,0.006473
test,25318,0,0.947651,0.022522,0.008483,0.01511,0.006234
test,25319,0,0.94538,0.022651,0.013076,0.00529,0.013602
test,25322,0,0.989905,0.003842,0.002967,0.001053,0.002233
test,25325,0,0.954848,0.027266,0.005562,0.00712,0.005203
test,25331,0,0.90067,0.076863,0.009663,0.005345,0.007459
test,25334,0,0.935307,0.047402,0.007908,0.004473,0.00491
test,25336,0,0.6017,0.206433,0.118586,0.031451,0.04183
test,25350,0,0.93737,0.028267,0.008527,0.006871,0.018965
test,25351,0,0.914559,0.022605,0.009761,0.009656,0.04342
test,25352,0,0.92599,0.029753,0.012088,0.007791,0.024378
test,25354,0,0.910176,0.035516,0.009074,0.040176,0.005059
test,25382,0,0.803349,0.096716,0.032375,0.039298,0.028262
test,25383,0,0.993404,0.003156,0.001341,0.001256,0.000843
test,25388,1,0.950218,0.025471,0.018074,0.003387,0.002851
test,25420,0,0.98708,0.006772,0.004127,0.000987,0.001033
test,25431,2,0.942148,0.045431,0.004995,0.001932,0.005494
test,25432,0,0.982639,0.009914,0.003353,0.001764,0.00233
test,25442,0,0.962688,0.021679,0.010087,0.001819,0.003727
test,25444,0,0.970078,0.021853,0.004443,0.000852,0.002774
test,25450,0,0.986511,0.006196,0.00393,0.00147,0.001893
test,25465,0,0.978898,0.010749,0.004179,0.003217,0.002956
test,25479,0,0.992646,0.003442,0.001961,0.000854,0.001097
test,25493,0,0.953347,0.03846,0.004149,0.002524,0.001519
test,25502,0,0.88759,0.02913,0.070297,0.007559,0.005424
test,25508,0,0.970766,0.012504,0.006759,0.003503,0.006469
test,25512,0,0.973679,0.012426,0.006178,0.002198,0.005519
test,25516,0,0.845461,0.096229,0.022787,0.01873,0.016792
test,25522,0,0.970041,0.013482,0.005738,0.003775,0.006964
test,25529,0,0.962286,0.0189,0.006097,0.003154,0.009564
test,25538,3,0.562891,0.218278,0.094719,0.04585,0.078261
test,25540,0,0.960803,0.02117,0.008362,0.002926,0.006738
test,25541,3,0.870149,0.092689,0.012777,0.014352,0.010033
test,25542,0,0.900405,0.057621,0.019969,0.006213,0.015793
test,25548,0,0.97378,0.013206,0.006401,0.002688,0.003925
test,25552,0,0.810693,0.09426,0.026815,0.04132,0.026912
test,25553,0,0.995157,0.002203,0.001576,0.000571,0.000492
test,25566,0,0.982945,0.009994,0.004138,0.001165,0.001758
test,25569,0,0.952045,0.019654,0.023043,0.002569,0.002689
test,25574,0,0.984793,0.004445,0.006855,0.001622,0.002285
test,25576,0,0.983342,0.005724,0.004381,0.003539,0.003013
test,25585,0,0.915952,0.005534,0.075934,0.000927,0.001653
test,25597,0,0.971648,0.014191,0.008392,0.003057,0.002712
test,25602,0,0.773766,0.007766,0.002513,0.214502,0.001453
test,25616,4,0.948427,0.034993,0.009784,0.003109,0.003687
test,25626,0,0.977705,0.009567,0.002367,0.005863,0.004498
test,25644,0,0.693192,0.258832,0.038034,0.000733,0.009208
test,25649,0,0.986046,0.011306,0.001285,0.000564,0.000799
test,25651,0,0.981554,0.013788,0.003536,0.000616,0.000506
test,25654,0,0.970774,0.010967,0.003748,0.012361,0.00215
test,25657,0,0.98827,0.006744,0.002597,0.001421,0.000967
test,25662,0,0.97186,0.017667,0.004952,0.003622,0.001898
test,25670,0,0.957652,0.023434,0.014149,0.0023,0.002466
test,25671,0,0.872395,0.067498,0.033284,0.010686,0.016138
test,25674,0,0.983207,0.007222,0.00441,0.002138,0.003024
test,25678,0,0.995237,0.001985,0.001635,0.000679,0.000463
test,25681,0,0.937089,0.0172,0.016007,0.003861,0.025843
test,25695,0,0.980461,0.008393,0.004801,0.002425,0.00392
test,25698,0,0.911485,0.035162,0.009878,0.003528,0.039947
test,25699,0,0.994586,0.003386,0.001099,0.00037,0.00056
test,25700,0,0.976438,0.013479,0.006037,0.001713,0.002334
test,25712,0,0.975284,0.008376,0.004476,0.003098,0.008767
test,25713,0,0.997977,0.001101,0.000529,0.000244,0.00015
test,25716,0,0.869164,0.093527,0.016891,0.011122,0.009296
test,25722,0,0.914607,0.038254,0.02007,0.018291,0.008779
test,25728,0,0.75158,0.141021,0.063824,0.012513,0.031061
test,25729,0,0.853984,0.030363,0.033899,0.032364,0.049389
test,25737,0,0.905713,0.027992,0.015777,0.039139,0.011379
test,25745,0,0.980074,0.011307,0.005953,0.001623,0.001043
test,25756,0,0.94792,0.024908,0.0128,0.007786,0.006586
test,25757,0,0.97426,0.010195,0.00719,0.002891,0.005465
test,25769,0,0.444178,0.390962,0.096232,0.025982,0.042647
test,25770,0,0.953418,0.026769,0.010429,0.003815,0.005568
test,25772,0,0.907057,0.044387,0.021044,0.014878,0.012634
test,25778,0,0.979577,0.012865,0.003709,0.002055,0.001793
test,25785,0,0.558355,0.040599,0.381589,0.008837,0.01062
test,25801,0,0.925214,0.041337,0.017164,0.007094,0.009192
test,25823,0,0.92531,0.025099,0.019064,0.018035,0.012492
test,25861,0,0.920765,0.03448,0.019041,0.007273,0.018441
test,25875,0,0.532047,0.104416,0.119725,0.222117,0.021696
test,25877,0,0.990679,0.006753,0.001678,0.000538,0.000352
test,25888,0,0.899943,0.032707,0.057993,0.003172,0.006184
test,25902,0,0.745959,0.064997,0.063961,0.101953,0.023131
test,25915,0,0.98892,0.006537,0.002152,0.001197,0.001193
test,25916,0,0.871568,0.052034,0.024946,0.029747,0.021705
test,25921,0,0.81429,0.029799,0.024422,0.002969,0.12852
test,25922,3,0.980469,0.010873,0.002916,0.003712,0.00203
test,25923,0,0.959615,0.016835,0.014106,0.006844,0.0026
test,25924,0,0.000261,3.4e-05,6.8e-05,0.008163,0.991474
test,25931,0,0.919317,0.032712,0.009072,0.033838,0.005061
test,25947,0,0.936901,0.032639,0.018637,0.006052,0.00577
test,25950,0,0.885315,0.017521,0.019942,0.070511,0.006711
test,25955,3,0.817022,0.06423,0.06006,0.031558,0.02713
test,25963,0,0.622202,0.048816,0.051292,0.201763,0.075926
test,25965,0,0.816692,0.088302,0.029349,0.044238,0.021419
test,25976,0,0.980584,0.01793,0.000249,0.00109,0.000147
test,25979,0,0.950129,0.019881,0.008674,0.002428,0.018888
test,25982,0,0.965318,0.021608,0.005,0.003258,0.004816
test,25983,0,0.744396,0.043677,0.187633,0.013181,0.011113
test,25984,3,0.827623,0.080757,0.057022,0.008148,0.02645
test,25991,0,0.967937,0.016387,0.009538,0.002721,0.003417
test,25996,0,0.955774,0.014379,0.019318,0.003019,0.00751
test,26007,0,0.946989,0.026986,0.01271,0.00379,0.009525
test,26008,0,0.9289,0.046494,0.010391,0.003359,0.010856
test,26019,0,0.922806,0.038796,0.01361,0.020034,0.004755
test,26024,0,0.974295,0.018254,0.004141,0.001303,0.002007
test,26025,0,0.954582,0.014491,0.008531,0.019411,0.002986
test,26033,0,0.992123,0.00419,0.00239,0.000773,0.000524
test,26047,0,0.98419,0.007952,0.00499,0.00138,0.001488
test,26056,0,0.840437,0.045506,0.042076,0.012155,0.059825
test,26064,0,0.984693,0.006947,0.005183,0.001172,0.002006
test,26073,0,0.906367,0.041607,0.012913,0.028086,0.011027
test,26074,0,0.961029,0.013477,0.02177,0.001927,0.001798
test,26075,0,0.635709,0.198402,0.079265,0.052873,0.033751
test,26076,0,0.987989,0.004862,0.003124,0.001084,0.00294
test,26087,0,0.929916,0.013656,0.053296,0.001774,0.001359
test,26093,0,0.953384,0.025903,0.014439,0.002989,0.003285
test,26094,0,0.948372,0.017963,0.015101,0.005537,0.013027
test,26098,0,0.979466,0.009451,0.003735,0.00405,0.003298
test,26115,0,0.903386,0.073082,0.011416,0.003407,0.008709
test,26122,0,0.976994,0.009376,0.005802,0.006212,0.001616
test,26134,0,0.998349,0.001033,0.000467,2.8e-05,0.000123
test,26143,0,0.959215,0.006886,0.029042,0.00113,0.003726
test,26149,0,0.967267,0.018325,0.004801,0.004514,0.005094
test,26158,0,0.984709,0.007521,0.003146,0.001772,0.002853
test,26168,0,0.986773,0.004446,0.004772,0.001425,0.002585
test,26174,0,0.917504,0.048214,0.016076,0.006374,0.011833
test,26181,0,0.989297,0.00721,0.0018,0.0007,0.000994
test,26186,0,0.967208,0.013703,0.009003,0.005417,0.004669
test,26204,0,0.992309,0.003548,0.002184,0.000795,0.001164
test,26209,0,0.988079,0.005308,0.002371,0.001913,0.002329
test,26212,0,0.967139,0.018676,0.00642,0.003929,0.003836
test,26213,0,0.987004,0.005804,0.002395,0.001708,0.003089
test,26217,0,0.985716,0.009669,0.002105,0.001664,0.000846
test,26218,0,0.903445,0.035856,0.016761,0.025199,0.018739
test,26229,0,0.947635,0.014417,0.00717,0.021807,0.008971
test,26237,0,0.892307,0.025733,0.064445,0.009083,0.008432
test,26252,0,0.992876,0.003085,0.001923,0.001122,0.000994
test,26256,0,0.987316,0.005041,0.004993,0.001007,0.001643
test,26275,0,0.994292,0.003263,0.001452,0.000482,0.00051
test,26279,0,0.971739,0.016802,0.003971,0.003092,0.004397
test,26281,3,0.99036,0.005403,0.002169,0.000795,0.001273
test,26295,0,0.932474,0.03971,0.011906,0.006126,0.009785
test,26320,0,0.980293,0.011476,0.005457,0.002201,0.000573
test,26328,0,0.700243,0.004472,0.001583,0.292842,0.00086
test,26339,0,0.976529,0.013619,0.005318,0.002315,0.002218
test,26344,0,0.974458,0.014773,0.004549,0.004121,0.002099
test,26362,0,0.979978,0.010884,0.004382,0.002404,0.002351
test,26380,0,0.943437,0.022066,0.014059,0.008515,0.011923
test,26381,0,0.536244,0.170467,0.066629,0.105026,0.121634
test,26387,0,0.895088,0.037,0.049046,0.013551,0.005315
test,26404,0,0.939453,0.048889,0.005064,0.00199,0.004604
test,26409,0,0.879228,0.049748,0.041791,0.010989,0.018244
test,26410,0,0.956239,0.018397,0.006844,0.012104,0.006417
test,26415,0,0.932921,0.032429,0.015212,0.012336,0.007102
test,26417,0,0.971201,0.010555,0.012389,0.0035,0.002355
test,26418,0,0.92134,0.023385,0.047909,0.003999,0.003367
test,26422,0,0.902721,0.041235,0.01748,0.01159,0.026974
test,26425,0,0.937299,0.031252,0.019581,0.006619,0.00525
test,26427,3,0.825714,0.071328,0.024607,0.064441,0.01391
test,26430,0,0.904602,0.05596,0.018683,0.009087,0.011668
test,26448,0,0.927134,0.038622,0.021814,0.005678,0.006753
test,26463,0,0.874046,0.029066,0.024808,0.01296,0.05912
test,26476,0,0.985677,0.003054,0.00412,0.001298,0.005851
test,26477,0,0.966784,0.016234,0.00704,0.003461,0.006482
test,26478,0,0.977994,0.01049,0.005918,0.001906,0.003692
test,26479,0,0.959071,0.020379,0.00745,0.006699,0.0064
test,26481,0,0.967026,0.009973,0.004574,0.010187,0.00824
test,26486,0,0.976507,0.01075,0.005061,0.002362,0.00532
test,26491,0,0.979651,0.014046,0.002844,0.001672,0.001787
test,26504,0,0.296644,0.035408,0.630645,0.031155,0.006149
test,26516,0,0.98698,0.004708,0.002031,0.000774,0.005506
test,26520,0,0.403765,0.463133,0.067948,0.034019,0.031136
test,26521,0,8.3e-05,7e-06,9e-06,2e-06,0.999899
test,26522,0,0.994057,0.003032,0.001446,0.000643,0.000821
test,26525,0,0.542109,0.28447,0.069729,0.037734,0.065957
test,26528,3,0.853914,0.110406,0.013533,0.007247,0.0149
test,26534,0,0.988017,0.004218,0.004562,0.001849,0.001354
test,26553,0,0.965229,0.029365,0.00323,0.000994,0.001182
test,26554,0,0.837248,0.046495,0.011876,0.100699,0.003683
test,26567,0,0.987088,0.011051,0.001114,0.000505,0.000243
test,26569,0,0.642275,0.292492,0.037032,0.008334,0.019866
test,26579,0,0.972635,0.004452,0.020733,0.000883,0.001297
test,26586,0,0.986926,0.006689,0.002888,0.001313,0.002185
test,26588,0,0.959569,0.020978,0.010912,0.004902,0.003639
test,26600,0,0.976661,0.014631,0.005256,0.001304,0.002148
test,26606,0,0.963909,0.02145,0.008344,0.00323,0.003067
test,26614,0,0.934815,0.039171,0.013852,0.005668,0.006494
test,26618,0,0.990521,0.006677,0.001489,0.000766,0.000547
test,26650,0,0.891249,0.040989,0.019221,0.039533,0.009007
test,26651,0,0.853879,0.036929,0.077538,0.024976,0.006678
test,26652,0,0.979463,0.010673,0.005219,0.002647,0.001999
test,26654,0,0.967873,0.012724,0.011826,0.004407,0.003169
test,26656,0,0.988717,0.005389,0.003211,0.00219,0.000493
test,26661,0,0.97022,0.012979,0.008308,0.005931,0.002561
test,26669,0,0.991229,0.004439,0.00198,0.001307,0.001045
test,26678,0,0.993642,0.002527,0.002766,0.000552,0.000512
test,26679,0,0.943549,0.027237,0.011096,0.012307,0.005811
test,26702,0,0.970058,0.017235,0.006769,0.003785,0.002154
test,26708,0,0.95246,0.01844,0.010943,0.004986,0.01317
test,26711,1,0.969831,0.01261,0.006275,0.003163,0.008121
test,26715,0,0.941494,0.036231,0.016286,0.002853,0.003136
test,26717,0,0.989284,0.008517,0.001745,0.000206,0.000248
test,26725,0,0.806833,0.075588,0.06922,0.019408,0.028952
test,26741,0,0.99215,0.003937,0.002137,0.00042,0.001356
test,26745,0,0.943323,0.030928,0.01749,0.004691,0.003568
test,26752,0,0.949303,0.017275,0.011815,0.004655,0.016953
test,26756,0,0.77672,0.119388,0.0604,0.021474,0.022019
test,26760,0,0.008603,6.9e-05,0.000697,1.3e-05,0.990617
test,26766,0,0.980623,0.010902,0.003588,0.002034,0.002853
test,26774,0,0.9965,0.001419,0.001029,0.000393,0.000659
test,26777,0,0.893595,0.050602,0.015367,0.029505,0.010931
test,26789,0,0.804987,0.154537,0.017221,0.003898,0.019357
test,26796,0,0.907124,0.047008,0.023032,0.013327,0.00951
test,26799,0,0.913786,0.012171,0.069996,0.001897,0.00215
test,26803,0,0.895094,0.067161,0.021104,0.006292,0.010349
test,26809,0,0.762754,0.098658,0.046505,0.076085,0.015999
test,26815,0,0.914929,0.059233,0.019784,0.003031,0.003024
test,26818,0,0.973261,0.01471,0.005742,0.004415,0.001872
test,26831,0,0.822513,0.050248,0.04674,0.009982,0.070517
test,26832,0,0.946871,0.027654,0.013737,0.003729,0.00801
test,26847,0,0.858346,0.068836,0.027731,0.025686,0.019401
test,26851,0,0.955355,0.021143,0.008417,0.005176,0.009909
test,26856,0,0.209773,0.137191,0.363571,0.194839,0.094626
test,26866,0,0.845142,0.057729,0.06039,0.019817,0.016921
test,26868,0,0.953688,0.023305,0.011066,0.003961,0.007979
test,26873,0,0.955204,0.018584,0.014664,0.006603,0.004945
test,26874,0,0.95883,0.025393,0.007035,0.004756,0.003985
test,26877,0,0.920048,0.049329,0.015955,0.004594,0.010074
test,26885,0,0.993526,0.005082,0.000656,0.000171,0.000565
test,26890,0,0.981727,0.009123,0.003328,0.001487,0.004335
test,26892,0,0.963248,0.014348,0.005387,0.009993,0.007024
test,26896,0,0.997689,0.001379,0.000588,0.000199,0.000145
test,26897,0,0.885783,0.086603,0.011998,0.005837,0.009779
test,26901,0,0.940188,0.027491,0.019026,0.004287,0.009008
test,26917,0,0.94806,0.026573,0.017482,0.003358,0.004526
test,26918,0,0.920092,0.052712,0.014504,0.004861,0.007831
test,26929,0,0.985186,0.00825,0.003051,0.001323,0.00219
test,26933,0,0.955149,0.029346,0.008824,0.002132,0.004548
test,26935,1,0.988323,0.006911,0.002628,0.001067,0.001071
test,26937,0,0.981396,0.006266,0.011529,0.000314,0.000494
test,26949,0,0.999569,0.000211,8e-05,0.000101,3.9e-05
test,26960,0,0.985864,0.007072,0.00317,0.002431,0.001463
test,26961,0,0.968392,0.016664,0.009032,0.004243,0.00167
test,26963,0,0.986199,0.00877,0.002159,0.001565,0.001307
test,26980,0,0.999001,0.000453,0.000361,8.9e-05,9.6e-05
test,26981,0,0.917019,0.033886,0.019979,0.007221,0.021896
test,26989,0,0.915333,0.011703,0.057883,0.005677,0.009405
test,27000,0,0.987272,0.005155,0.002274,0.001297,0.004003
test,27002,0,0.971351,0.016822,0.009106,0.001295,0.001426
test,27007,0,0.932644,0.035031,0.013272,0.004472,0.014581
test,27009,0,0.581467,0.124096,0.127162,0.061264,0.106011
test,27010,0,0.794808,0.16425,0.018169,0.009499,0.013273
test,27013,0,0.983453,0.003739,0.001685,0.010129,0.000994
test,27019,0,0.999343,0.000419,0.0001,8.4e-05,5.5e-05
test,27026,0,0.987839,0.005361,0.002447,0.0023,0.002054
test,27035,0,0.984533,0.00918,0.002981,0.002055,0.001252
test,27036,4,0.797624,0.039853,0.026921,0.015918,0.119683
test,27037,0,0.958075,0.023641,0.007639,0.006998,0.003646
test,27038,0,0.990034,0.00552,0.001698,0.00161,0.001138
test,27049,0,0.972406,0.018271,0.005139,0.001646,0.002538
test,27051,0,0.971964,0.012013,0.009194,0.002109,0.00472
test,27065,0,0.975207,0.011295,0.006877,0.00254,0.004081
test,27090,0,0.966913,0.014074,0.011605,0.003337,0.00407
test,27091,0,0.898642,0.080674,0.006689,0.003453,0.010542
test,27099,0,0.987065,0.006986,0.002722,0.002425,0.000803
test,27106,0,0.987556,0.007947,0.001587,0.001672,0.001238
test,27118,0,0.680597,0.129634,0.066638,0.042463,0.080668
test,27123,0,0.976781,0.013054,0.005456,0.002781,0.001927
test,27125,0,0.859794,0.096672,0.017768,0.012621,0.013145
test,27128,0,0.809901,0.081392,0.023737,0.025714,0.059256
test,27136,0,0.995925,0.001933,0.000951,0.000593,0.000599
test,27140,0,0.995922,0.001066,0.002036,0.00053,0.000445
test,27142,0,0.91257,0.057223,0.007718,0.002892,0.019598
test,27146,1,0.974376,0.011598,0.006333,0.002593,0.005101
test,27148,0,0.960339,0.019011,0.008315,0.002903,0.009433
test,27149,0,0.991157,0.004742,0.002379,0.001022,0.000701
test,27152,0,0.963407,0.02,0.007776,0.004263,0.004553
test,27163,0,0.921995,0.035278,0.02473,0.011543,0.006453
test,27173,0,0.999269,0.000511,9e-05,6.4e-05,6.6e-05
test,27176,0,0.927725,0.024272,0.027235,0.004021,0.016746
test,27177,0,0.936509,0.042297,0.008199,0.004032,0.008964
test,27180,0,0.988704,0.005138,0.002891,0.001334,0.001932
test,27181,0,0.999548,0.000253,7.3e-05,9.2e-05,3.4e-05
test,27182,0,0.999722,0.000171,4.5e-05,2.9e-05,3.3e-05
test,27188,0,0.991869,0.004452,0.002092,0.000703,0.000884
test,27195,0,0.595376,0.103925,0.121386,0.026413,0.152899
test,27197,0,0.991056,0.005093,0.001625,0.001297,0.00093
test,27202,0,0.973826,0.013858,0.007603,0.002645,0.002068
test,27205,0,0.951157,0.01745,0.013833,0.003179,0.014382
test,27213,0,0.981496,0.009611,0.003342,0.001646,0.003905
test,27215,0,0.882006,0.061738,0.043767,0.008723,0.003765
test,27222,0,0.978088,0.003431,0.016408,0.001096,0.000977
test,27226,0,0.961903,0.017716,0.009268,0.00684,0.004274
test,27230,0,0.996067,0.002156,0.000824,0.000497,0.000456
test,27231,0,0.991136,0.005785,0.001755,0.000796,0.000528
test,27232,0,0.971057,0.015722,0.004385,0.003226,0.005609
test,27237,0,0.934458,0.031157,0.013408,0.003371,0.017606
test,27238,0,0.980973,0.00874,0.003046,0.006022,0.001219
test,27239,0,0.839726,0.025604,0.09272,0.016282,0.025668
test,27261,0,0.978971,0.009569,0.003538,0.00539,0.002532
test,27268,0,0.77703,0.066815,0.131203,0.011867,0.013085
test,27274,0,0.982886,0.010679,0.003346,0.001254,0.001835
test,27286,0,0.984988,0.008855,0.002433,0.001816,0.001907
test,27291,0,0.999525,0.000248,8.4e-05,8.6e-05,5.8e-05
test,27298,0,0.988647,0.004472,0.003372,0.002408,0.001101
test,27301,0,0.965772,0.018962,0.005617,0.002202,0.007447
test,27302,0,0.999424,0.000325,0.000137,5.6e-05,5.8e-05
test,27320,0,0.999718,0.000186,4.7e-05,2.7e-05,2.2e-05
test,27328,0,0.970478,0.021699,0.005275,0.001465,0.001083
test,27342,0,0.975708,0.009573,0.005353,0.00585,0.003516
test,27346,0,0.986586,0.008429,0.002681,0.001525,0.000779
test,27352,0,0.986636,0.007914,0.002843,0.000971,0.001637
test,27372,0,0.948208,0.011701,0.030861,0.00386,0.005369
test,27383,0,0.984529,0.009162,0.003509,0.001618,0.001183
test,27404,0,0.970856,0.012822,0.005531,0.006715,0.004075
test,27445,0,0.95059,0.027017,0.007599,0.008595,0.006199
test,27453,0,0.926056,0.024614,0.016391,0.009103,0.023836
test,27455,0,0.999341,0.000435,8.9e-05,9.5e-05,4e-05
test,27463,0,0.638961,0.106365,0.015558,0.014444,0.224671
test,27474,0,0.963584,0.019117,0.007269,0.006174,0.003856
test,27475,0,0.999639,0.000194,7.6e-05,3.9e-05,5.3e-05
test,27476,0,0.999559,0.000283,8.8e-05,3.6e-05,3.4e-05
test,27479,0,0.963766,0.01796,0.010457,0.00435,0.003467
test,27483,0,0.992437,0.005486,0.001023,0.000725,0.000329
test,27492,0,0.975084,0.014424,0.006167,0.002454,0.001871
test,27511,0,0.991845,0.003851,0.003043,0.00089,0.000371
test,27517,4,0.444144,0.250214,0.181996,0.08386,0.039786
test,27530,0,0.991644,0.004516,0.002023,0.001188,0.000629
test,27535,0,0.933975,0.033225,0.017529,0.005916,0.009355
test,27540,0,0.954012,0.028735,0.00808,0.002424,0.006749
test,27544,0,0.956379,0.035791,0.004911,0.001031,0.001888
test,27549,0,0.961412,0.018403,0.009198,0.005665,0.005322
test,27555,0,0.920981,0.037726,0.013696,0.003714,0.023883
test,27559,0,0.999108,0.000665,7.2e-05,2.4e-05,0.000131
test,27567,0,0.998222,0.000824,0.000659,0.000105,0.00019
test,27570,0,0.914285,0.045534,0.014831,0.007764,0.017586
test,27577,0,0.732522,0.262735,0.002838,0.001014,0.000891
test,27595,0,0.88586,0.008163,0.094551,0.00197,0.009455
test,27608,0,0.929845,0.037888,0.015672,0.003088,0.013507
test,27610,0,0.994083,0.00325,0.001055,0.00059,0.001022
test,27614,0,0.965873,0.008823,0.009986,0.012647,0.002671
test,27629,0,0.65401,0.129937,0.128311,0.020433,0.067309
test,27630,0,0.99204,0.004852,0.002438,0.000262,0.000408
test,27639,0,0.891179,0.037644,0.022078,0.031886,0.017213
test,27649,0,0.832367,0.052575,0.043419,0.020987,0.050652
test,27660,0,0.990141,0.00433,0.002172,0.000889,0.002468
test,27664,0,0.984136,0.007005,0.005039,0.000911,0.002908
test,27669,0,0.985173,0.005204,0.003326,0.003097,0.0032
test,27677,0,0.88059,0.063539,0.019756,0.023876,0.012239
test,27685,0,0.968958,0.012204,0.006183,0.003888,0.008766
test,27706,0,0.975801,0.009187,0.005274,0.007078,0.00266
test,27709,0,0.922075,0.050909,0.011239,0.004669,0.011109
test,27722,0,0.994983,0.003348,0.000803,0.000401,0.000466
test,27727,0,0.996249,0.000695,0.002688,0.000145,0.000223
test,27730,0,0.197977,0.063785,0.047636,0.655207,0.035395
test,27738,0,0.909008,0.073937,0.006518,0.00291,0.007628
test,27751,0,0.996889,0.001632,0.000853,0.000381,0.000245
test,27755,0,0.812554,0.062594,0.012752,0.010898,0.101202
test,27766,0,0.864113,0.068689,0.044975,0.009475,0.012748
test,27768,0,0.987838,0.006304,0.003091,0.001371,0.001396
test,27772,0,0.990324,0.00624,0.001961,0.000901,0.000573
test,27779,0,0.986457,0.007662,0.003145,0.001945,0.00079
test,27781,0,0.993456,0.004117,0.001379,0.000618,0.00043
test,27787,0,0.946705,0.014005,0.026036,0.008835,0.004418
test,27791,0,0.951477,0.024873,0.005627,0.003214,0.01481
test,27799,0,0.918412,0.04621,0.018479,0.006623,0.010276
test,27804,0,0.895612,0.025063,0.01816,0.023134,0.038031
test,27810,0,0.632439,0.138629,0.071265,0.048149,0.109518
test,27814,0,0.999375,0.000326,0.000162,8.4e-05,5.3e-05
test,27836,0,0.869356,0.04928,0.063242,0.007787,0.010336
test,27847,0,0.977573,0.011235,0.004843,0.003318,0.00303
test,27851,0,0.999418,0.000352,9.8e-05,6.4e-05,6.9e-05
test,27855,0,0.977568,0.016149,0.004027,0.00134,0.000916
test,27857,0,0.999619,0.000221,9e-05,3.2e-05,3.8e-05
test,27858,0,0.990595,0.005084,0.00179,0.001135,0.001395
test,27860,0,0.939038,0.032815,0.00853,0.006871,0.012745
test,27865,0,0.996202,0.001776,0.001373,0.000269,0.00038
test,27866,0,0.849568,0.047932,0.078541,0.009123,0.014836
test,27870,0,0.996891,0.00207,0.000655,0.000225,0.00016
test,27872,0,0.994911,0.003966,0.000633,0.000197,0.000293
test,27874,0,0.807833,0.059316,0.028699,0.089603,0.014548
test,27875,2,0.803809,0.053333,0.064831,0.01874,0.059287
test,27877,0,0.961091,0.015544,0.012745,0.00451,0.006111
test,27879,0,0.93135,0.039287,0.018915,0.005362,0.005085
test,27887,0,0.846615,0.118301,0.008245,0.015359,0.01148
test,27899,0,0.986328,0.007298,0.003432,0.001544,0.001399
test,27903,0,0.631923,0.297034,0.042757,0.008856,0.01943
test,27905,0,0.928523,0.010795,0.049021,0.002046,0.009615
test,27916,0,0.926205,0.043711,0.017023,0.006767,0.006294
test,27930,0,0.992348,0.003526,0.002134,0.001136,0.000857
test,27938,0,0.982706,0.006774,0.003309,0.001777,0.005435
test,27941,0,0.956398,0.02015,0.015092,0.00295,0.005409
test,27942,0,0.916892,0.026262,0.046664,0.006248,0.003935
test,27950,0,0.98803,0.007177,0.001592,0.000933,0.002268
test,27954,0,0.895784,0.057687,0.01023,0.00522,0.03108
test,27957,0,0.982735,0.008894,0.003931,0.001386,0.003054
test,27959,0,0.771506,0.104436,0.095505,0.017036,0.011517
test,27961,0,0.980514,0.012953,0.002467,0.002903,0.001163
test,27973,0,0.830754,0.00607,0.002735,0.158676,0.001765
test,27979,0,0.935923,0.019924,0.006207,0.030699,0.007246
test,27980,0,0.962878,0.027025,0.004362,0.003044,0.002691
test,27983,0,0.985423,0.012282,0.001325,0.000533,0.000437
test,27987,0,0.963999,0.012906,0.011822,0.002603,0.00867
test,27989,0,0.996701,0.001756,0.000622,0.000431,0.00049
test,27990,0,0.999401,0.000313,0.000122,0.000109,5.5e-05
test,27993,0,0.999192,0.000495,0.000124,0.000129,6e-05
test,28003,0,0.936963,0.038026,0.010247,0.011182,0.003582
test,28010,0,0.984322,0.008994,0.002845,0.001249,0.00259
test,28012,0,0.974542,0.013641,0.007005,0.003509,0.001303
test,28014,0,0.997305,0.001048,0.001284,0.000266,9.6e-05
test,28019,0,0.984557,0.006503,0.004569,0.002015,0.002356
test,28021,0,0.867259,0.058139,0.014884,0.047799,0.011919
test,28032,0,0.943382,0.050686,0.002205,0.001155,0.002572
test,28059,0,0.957896,0.019681,0.007194,0.005912,0.009317
test,28060,0,0.917031,0.047529,0.01944,0.006879,0.00912
test,28062,0,0.294708,0.042456,0.023497,0.00957,0.629768
test,28068,0,0.920533,0.05218,0.011216,0.010757,0.005314
test,28070,0,0.954657,0.024739,0.009973,0.006216,0.004415
test,28071,0,0.988952,0.005679,0.004068,0.000632,0.000668
test,28073,0,0.980673,0.010411,0.003992,0.002377,0.002548
test,28083,0,0.999279,0.000374,0.000121,0.000139,8.7e-05
test,28088,0,0.996154,0.001991,0.000633,0.000699,0.000523
test,28095,0,0.872036,0.055855,0.042394,0.010468,0.019246
test,28096,0,0.991538,0.005238,0.002481,0.000457,0.000286
test,28098,0,0.247186,0.222532,0.320555,0.092637,0.11709
test,28102,0,0.958729,0.0279,0.005729,0.002225,0.005417
test,28106,0,0.97992,0.009724,0.003784,0.004075,0.002497
test,28114,0,0.773889,0.132002,0.029252,0.010378,0.05448
test,28128,0,0.978279,0.0062,0.004774,0.00628,0.004467
test,28131,0,0.995061,0.001018,0.003309,0.000352,0.00026
test,28132,0,0.972071,0.017864,0.004758,0.002154,0.003153
test,28141,0,0.960691,0.015802,0.009381,0.006343,0.007784
test,28151,0,0.992927,0.003668,0.001302,0.000649,0.001454
test,28153,0,0.958174,0.015699,0.006508,0.009231,0.010388
test,28157,0,0.994178,0.001338,0.000792,0.003353,0.000339
test,28160,0,0.954225,0.020888,0.009847,0.003571,0.011469
test,28161,0,0.960997,0.013843,0.006148,0.006048,0.012964
test,28162,0,0.907373,0.010785,0.07639,0.002777,0.002675
test,28179,0,0.978777,0.00941,0.005391,0.004244,0.002177
test,28188,0,0.992469,0.002707,0.002686,0.001407,0.000731
test,28199,0,0.991665,0.006204,0.001025,0.000468,0.000638
test,28200,0,0.950492,0.015436,0.010364,0.008506,0.015202
test,28204,0,0.997695,0.001394,0.000454,0.000129,0.000328
test,28207,0,0.964281,0.017541,0.008529,0.005665,0.003985
test,28211,0,0.880817,0.093668,0.012542,0.008929,0.004044
test,28212,0,0.995858,0.001886,0.001396,0.000479,0.000381
test,28214,0,0.977747,0.010553,0.00607,0.001376,0.004253
test,28221,0,0.999339,0.000315,0.000243,6.8e-05,3.5e-05
test,28229,0,0.998039,0.00104,0.000549,0.000285,8.7e-05
test,28240,0,0.967317,0.012073,0.016365,0.001879,0.002365
test,28247,0,0.997255,0.001013,0.001106,0.000345,0.000281
test,28252,0,0.837055,0.123796,0.023393,0.008927,0.006829
test,28265,0,0.949553,0.02145,0.009523,0.015068,0.004405
test,28274,0,0.958461,0.016969,0.015324,0.003558,0.005688
test,28275,0,0.973291,0.016127,0.00539,0.002718,0.002474
test,28278,0,0.978525,0.010011,0.0046,0.002878,0.003987
test,28283,0,0.981008,0.015932,0.002422,0.000219,0.000419
test,28288,0,0.99138,0.003152,0.001885,0.001805,0.001778
test,28290,0,0.776062,0.103663,0.044176,0.02132,0.054779
test,28302,0,0.955395,0.020992,0.006954,0.002049,0.014611
test,28311,0,0.88806,0.095394,0.0109,0.003082,0.002564
test,28313,0,0.962415,0.021923,0.010802,0.002516,0.002345
test,28317,0,0.912211,0.036931,0.018083,0.00628,0.026494
test,28325,0,0.965778,0.010617,0.004645,0.014552,0.004409
test,28333,0,0.939273,0.01667,0.008223,0.016819,0.019015
test,28334,0,0.961607,0.013982,0.0093,0.005439,0.009672
test,28335,0,0.565335,0.070512,0.345126,0.008932,0.010095
test,28341,0,0.811049,0.037398,0.024512,0.106157,0.020884
test,28345,0,0.979964,0.011532,0.004843,0.001428,0.002232
test,28356,0,0.636282,0.153672,0.08313,0.017827,0.109088
test,28359,0,0.897914,0.034211,0.030018,0.014308,0.023549
test,28365,0,0.999638,0.000169,0.000145,1.9e-05,2.9e-05
test,28367,0,0.999534,0.000293,7.4e-05,5.4e-05,4.6e-05
test,28376,0,0.998788,0.000544,0.000312,0.000158,0.000199
test,28392,0,0.908464,0.046868,0.027761,0.005453,0.011453
test,28393,0,0.621452,0.086193,0.060525,0.065665,0.166165
test,28396,0,0.910021,0.032789,0.019004,0.004815,0.033371
test,28398,0,0.950954,0.024907,0.010185,0.002555,0.011398
test,28413,0,0.995616,0.00223,0.001068,0.000465,0.000621
test,28417,0,0.98491,0.008549,0.002362,0.000734,0.003445
test,28426,0,0.916598,0.046667,0.013094,0.009861,0.01378
test,28427,0,0.928198,0.022936,0.020671,0.002836,0.025359
test,28429,0,0.983488,0.009098,0.004417,0.001707,0.001289
test,28432,0,0.806563,0.072081,0.080351,0.006462,0.034543
test,28448,0,0.926228,0.016592,0.004928,0.003103,0.049149
test,28463,0,0.993736,0.00305,0.001413,0.000426,0.001374
test,28465,0,0.954595,0.015784,0.017927,0.004065,0.007629
test,28469,0,0.719632,0.211756,0.032159,0.01333,0.023123
test,28478,0,0.987947,0.00424,0.004081,0.002098,0.001633
test,28481,0,0.994038,0.002887,0.001544,0.000978,0.000553
test,28482,1,0.888043,0.054515,0.009929,0.03985,0.007664
test,28486,0,0.776127,0.110917,0.037061,0.02369,0.052204
test,28490,4,0.812573,0.118748,0.023176,0.029109,0.016393
test,28501,0,0.962332,0.020628,0.01001,0.002364,0.004666
test,28504,0,0.99575,0.002948,0.000809,0.000274,0.000219
test,28508,0,0.706033,0.126322,0.026787,0.126479,0.014378
test,28509,0,0.993287,0.003898,0.001445,0.000449,0.00092
test,28512,4,0.212076,0.066894,0.01136,0.440714,0.268955
test,28519,0,0.787512,0.097031,0.043616,0.051018,0.020823
test,28522,0,0.865097,0.035678,0.042926,0.005574,0.050724
test,28526,0,0.993433,0.003336,0.001209,0.000678,0.001344
test,28540,0,0.953822,0.0134,0.012453,0.008527,0.011798
test,28549,0,0.991739,0.004492,0.002134,0.000606,0.001029
test,28557,0,0.980736,0.010806,0.004828,0.001395,0.002235
test,28559,0,0.983044,0.009012,0.00405,0.001825,0.002069
test,28592,0,0.96151,0.015963,0.00981,0.00393,0.008787
test,28597,0,0.961392,0.021697,0.007165,0.002094,0.007653
test,28618,0,0.760052,0.119459,0.0592,0.025583,0.035706
test,28620,0,0.997139,0.001648,0.000855,0.000214,0.000144
test,28635,0,0.807785,0.031823,0.153459,0.001002,0.005931
test,28636,0,0.958201,0.019467,0.009627,0.007235,0.00547
test,28645,4,0.959514,0.02336,0.003674,0.009852,0.0036
test,28650,0,0.937978,0.025883,0.012264,0.00709,0.016785
test,28651,0,0.923989,0.043702,0.015141,0.013075,0.004094
test,28654,0,0.999326,0.000338,0.00013,0.000145,6e-05
test,28668,0,0.965424,0.014454,0.009202,0.003532,0.007388
test,28685,0,0.982556,0.009006,0.005052,0.001561,0.001826
test,28687,0,0.906995,0.057821,0.011952,0.016791,0.006442
test,28697,0,0.783992,0.073815,0.036777,0.090442,0.014975
test,28700,0,0.981562,0.011502,0.003542,0.00152,0.001874
test,28704,0,0.923991,0.018753,0.00829,0.04575,0.003216
test,28715,0,0.908109,0.048099,0.01763,0.014297,0.011864
test,28720,0,0.879341,0.049519,0.043643,0.014003,0.013494
test,28737,0,0.948439,0.0213,0.014329,0.004466,0.011466
test,28745,0,0.911732,0.034595,0.040391,0.002547,0.010734
test,28746,0,0.967767,0.010027,0.009789,0.004666,0.00775
test,28749,4,0.954067,0.023317,0.008283,0.003764,0.010569
test,28750,0,0.994526,0.002541,0.001383,0.000589,0.00096
test,28755,0,0.937163,0.019179,0.01822,0.020248,0.00519
test,28756,0,0.964833,0.020958,0.005479,0.002772,0.005959
test,28768,0,0.96806,0.012126,0.005856,0.00468,0.009279
test,28771,0,0.958598,0.030319,0.007066,0.000885,0.003131
test,28773,0,0.913207,0.027001,0.023045,0.008887,0.02786
test,28775,0,0.978959,0.013,0.003605,0.001494,0.002942
test,28778,0,0.997219,0.001376,0.000404,0.00053,0.000471
test,28784,0,0.999316,0.000387,0.000183,8.5e-05,2.9e-05
test,28785,0,0.99903,0.000498,0.000165,0.000212,9.4e-05
test,28787,0,0.93842,0.028447,0.024448,0.003516,0.005169
test,28788,0,0.971609,0.008952,0.006447,0.009904,0.003088
test,28793,0,0.98154,0.008459,0.006284,0.001535,0.002181
test,28813,0,0.995111,0.003522,0.000834,0.00022,0.000314
test,28816,0,0.665925,0.069982,0.079925,0.01874,0.165428
test,28822,0,0.991328,0.00482,0.001894,0.000646,0.001311
test,28827,0,0.993273,0.003646,0.001791,0.000577,0.000713
test,28842,0,0.962605,0.017504,0.007541,0.008451,0.003899
test,28848,0,0.97966,0.008961,0.003775,0.001603,0.006
test,28854,0,0.995522,0.001549,0.000796,0.000721,0.001413
test,28856,0,0.964377,0.013646,0.008235,0.007921,0.005821
test,28858,0,0.985826,0.006072,0.002799,0.000902,0.004401
test,28861,0,0.959896,0.02413,0.010052,0.002564,0.003357
test,28888,0,0.949023,0.029833,0.007084,0.003336,0.010723
test,28902,0,0.935514,0.027844,0.01365,0.007224,0.015767
test,28910,0,0.998985,0.00054,0.000213,0.000149,0.000113
test,28913,0,0.999321,0.000378,0.000174,6.3e-05,6.3e-05
test,28914,0,0.999178,0.000446,0.000201,0.000102,7.3e-05
test,28915,0,0.99338,0.003667,0.001783,0.000562,0.000608
test,28923,0,0.985618,0.010829,0.001979,0.000708,0.000866
test,28939,0,0.572331,0.059876,0.019242,0.010769,0.337782
test,28956,0,0.979306,0.009966,0.005188,0.002567,0.002973
test,28960,0,0.955262,0.023355,0.011791,0.004398,0.005195
test,28962,0,0.974345,0.008183,0.007962,0.005028,0.004482
test,28964,0,0.987476,0.005605,0.004765,0.000738,0.001416
test,28966,0,0.885937,0.057408,0.026057,0.009386,0.021212
test,28968,0,0.96099,0.026369,0.008511,0.00253,0.0016
test,28971,0,0.990118,0.005046,0.002477,0.001554,0.000805
test,28975,4,0.809441,0.091936,0.034919,0.021608,0.042097
test,28981,0,0.794648,0.110624,0.057648,0.019515,0.017564
test,28983,0,0.982419,0.013072,0.0021,0.001262,0.001147
test,28985,0,0.959804,0.00901,0.028646,0.000816,0.001724
test,29000,0,0.903037,0.058532,0.012346,0.009724,0.016361
test,29010,0,0.955551,0.020326,0.006809,0.014325,0.002989
test,29011,0,0.809207,0.021865,0.007226,0.003471,0.158232
test,29018,0,0.865473,0.060432,0.060801,0.004205,0.009088
test,29031,0,0.97036,0.011663,0.008129,0.003178,0.006669
test,29035,0,0.979833,0.012179,0.004062,0.002096,0.001831
test,29049,0,0.989588,0.005303,0.002364,0.000893,0.001852
test,29055,0,0.94476,0.023086,0.018616,0.004886,0.008653
test,29077,0,0.985418,0.007023,0.003167,0.002181,0.002211
test,29086,0,0.985976,0.007194,0.004053,0.00143,0.001347
test,29092,4,0.2206,0.013546,0.010973,0.745065,0.009816
test,29093,0,0.984448,0.009662,0.003094,0.001333,0.001464
test,29097,0,0.947247,0.025538,0.00906,0.014671,0.003485
test,29110,0,0.999253,0.000398,0.000155,0.00011,8.4e-05
test,29117,0,0.951363,0.024967,0.0077,0.003826,0.012142
test,29120,0,0.999127,0.000558,0.000107,0.000138,7.1e-05
test,29171,3,0.678753,0.113236,0.031053,0.037189,0.139771
test,29176,0,0.942924,0.024675,0.009259,0.010683,0.012459
test,29180,0,0.981528,0.009503,0.004722,0.00122,0.003027
test,29194,0,0.947661,0.021164,0.0128,0.011318,0.007057
test,29195,0,0.733295,0.190827,0.051725,0.007881,0.016271
test,29203,0,0.98251,0.00888,0.00544,0.001444,0.001726
test,29208,0,0.926554,0.01937,0.020082,0.026479,0.007515
test,29212,0,0.854022,0.052179,0.020695,0.066147,0.006958
test,29214,4,0.947361,0.016282,0.016391,0.006595,0.013371
test,29217,0,0.901382,0.020311,0.005527,0.066528,0.006253
test,29222,0,0.983633,0.007492,0.003509,0.002425,0.00294
test,29232,0,0.994025,0.002736,0.001362,0.000641,0.001236
test,29264,0,0.984785,0.008323,0.003528,0.001844,0.001522
test,29267,0,0.999563,0.000251,9.4e-05,4.9e-05,4.3e-05
test,29272,0,0.972214,0.005947,0.019564,0.000664,0.001611
test,29277,0,0.987465,0.007699,0.00311,0.000792,0.000934
test,29278,0,0.936012,0.032904,0.02626,0.002056,0.002768
test,29283,0,0.975405,0.015476,0.00393,0.003029,0.00216
test,29290,0,0.987226,0.007867,0.002053,0.001014,0.00184
test,29299,0,0.949444,0.031068,0.012882,0.002704,0.003902
test,29314,0,0.99424,0.002705,0.001546,0.000973,0.000536
test,29317,0,0.973445,0.010401,0.006982,0.002711,0.006461
test,29318,3,0.944609,0.030883,0.013903,0.004579,0.006026
test,29342,0,0.925526,0.010347,0.012218,0.046763,0.005146
test,29353,0,0.961194,0.018402,0.010093,0.002168,0.008143
test,29377,0,0.923184,0.031012,0.010696,0.021316,0.013792
test,29379,0,0.997762,0.001221,0.00071,0.000168,0.000138
test,29382,0,0.987989,0.005345,0.002746,0.00136,0.00256
test,29387,0,0.983427,0.006647,0.004138,0.004551,0.001237
test,29393,0,0.99961,0.000229,7.3e-05,4.5e-05,4.3e-05
test,29397,0,0.957113,0.029746,0.005925,0.002754,0.004462
test,29410,0,0.912619,0.044773,0.016042,0.008178,0.018388
test,29414,0,0.993816,0.003896,0.001198,0.000632,0.000457
test,29418,0,0.993784,0.004066,0.000933,0.000361,0.000855
test,29420,0,0.945737,0.015499,0.021228,0.012458,0.005078
test,29423,0,0.933298,0.027711,0.01423,0.009211,0.01555
test,29431,0,0.979634,0.012856,0.003656,0.001747,0.002107
test,29445,0,0.92604,0.032348,0.014048,0.02266,0.004904
test,29455,0,0.990992,0.004954,0.001868,0.000721,0.001464
test,29460,0,0.985047,0.007378,0.002153,0.003036,0.002386
test,29467,0,0.888606,0.044862,0.044914,0.013274,0.008344
test,29468,0,0.321666,0.623045,0.021213,0.007405,0.026671
test,29470,0,0.956068,0.018378,0.012452,0.00547,0.007632
test,29483,0,0.949663,0.028,0.011576,0.002398,0.008363
test,29487,0,0.951644,0.019717,0.009992,0.008174,0.010473
test,29491,0,0.956466,0.029263,0.007008,0.002757,0.004507
test,29507,0,0.998176,0.001304,0.00023,0.000139,0.000151
test,29508,0,0.999344,0.000407,0.000114,7.4e-05,6e-05
test,29513,0,0.951175,0.030965,0.007082,0.004063,0.006715
test,29515,0,0.990061,0.005396,0.002305,0.00134,0.000898
test,29527,0,0.913929,0.025574,0.018599,0.025538,0.01636
test,29539,0,0.995374,0.002176,0.001123,0.000683,0.000644
test,29551,0,0.998423,0.00111,0.000189,9.7e-05,0.000181
test,29599,0,0.927744,0.030277,0.015227,0.005311,0.021441
test,29603,0,0.993363,0.002904,0.002527,0.000691,0.000515
test,29604,0,0.980394,0.010407,0.004258,0.00342,0.00152
test,29605,0,0.997529,0.001106,0.00085,0.000223,0.000292
test,29619,0,0.9396,0.023046,0.025665,0.007732,0.003956
test,29630,0,0.89877,0.046294,0.023793,0.009264,0.021878
test,29635,0,0.984288,0.008242,0.004355,0.001726,0.001389
test,29637,0,0.97807,0.010583,0.00875,0.001464,0.001134
test,29641,0,0.953199,0.021934,0.012205,0.003501,0.009161
test,29644,0,0.953355,0.020893,0.011254,0.005265,0.009233
test,29646,0,0.000912,4.9e-05,5.3e-05,9e-06,0.998978
test,29655,0,0.974041,0.010926,0.008298,0.00417,0.002565
test,29657,0,0.964719,0.023098,0.005596,0.001956,0.004631
test,29658,0,0.924014,0.024404,0.011403,0.005379,0.034801
test,29661,0,0.704541,0.008151,0.004443,0.000949,0.281916
test,29664,0,0.908753,0.040597,0.018688,0.012934,0.019027
test,29665,0,0.987837,0.005017,0.002447,0.001697,0.003002
test,29666,0,0.285578,0.02744,0.650653,0.004827,0.031502
test,29668,0,0.954215,0.024252,0.006397,0.006438,0.008698
test,29674,0,0.983813,0.006352,0.004955,0.002091,0.002789
test,29677,0,0.989688,0.006607,0.001935,0.000832,0.000937
test,29681,0,0.923645,0.034085,0.027261,0.008679,0.006331
test,29696,0,0.987048,0.007196,0.004357,0.000663,0.000735
test,29697,0,0.883495,0.017268,0.019235,0.074364,0.005639
test,29698,0,0.750328,0.016418,0.227892,0.00206,0.003302
test,29710,0,0.877574,0.03226,0.016483,0.037337,0.036345
test,29722,0,0.980348,0.008009,0.00423,0.004307,0.003106
test,29724,0,0.991796,0.004179,0.002308,0.001016,0.000701
test,29730,0,0.968105,0.017693,0.005833,0.002815,0.005555
test,29742,0,0.714828,0.070504,0.160579,0.029478,0.024612
test,29759,0,0.976889,0.011212,0.004535,0.002903,0.004461
test,29762,0,0.995072,0.002541,0.001115,0.000364,0.000909
test,29768,0,0.999191,0.000487,0.000148,0.000111,6.3e-05
test,29773,0,0.999228,0.000499,0.0001,9.4e-05,7.9e-05
test,29785,0,0.985769,0.005044,0.006832,0.001032,0.001324
test,29799,0,0.325639,0.016236,0.559292,0.010637,0.088195
test,29817,0,0.946344,0.031484,0.010856,0.006546,0.00477
test,29823,0,0.962378,0.017129,0.014067,0.003159,0.003268
test,29828,0,0.982899,0.010599,0.002644,0.001878,0.001979
test,29840,0,0.985803,0.007122,0.002932,0.001793,0.00235
test,29851,0,0.9892,0.00267,0.006159,0.000662,0.00131
test,29852,0,0.981824,0.006887,0.007382,0.002285,0.001623
test,29855,0,0.989302,0.003693,0.002452,0.00255,0.002003
test,29858,0,0.984614,0.005711,0.004615,0.001431,0.003629
test,29886,0,0.936085,0.018402,0.01494,0.022325,0.008249
test,29890,0,0.964105,0.01199,0.005861,0.004738,0.013306
test,29897,0,0.977584,0.01164,0.003498,0.004437,0.002841
test,29903,0,0.978442,0.008974,0.004589,0.003814,0.00418
test,29936,0,0.964354,0.015911,0.007898,0.003571,0.008267
test,29942,0,0.963307,0.01862,0.011078,0.003758,0.003237
test,29944,0,0.982695,0.008353,0.004111,0.002408,0.002433
test,29945,0,0.988373,0.007169,0.002325,0.000955,0.001178
test,29960,0,0.981364,0.007551,0.004409,0.001421,0.005255
test,29963,0,0.972084,0.01824,0.005186,0.00122,0.00327
test,29965,0,0.992919,0.003998,0.001663,0.000814,0.000605
test,29970,0,0.983905,0.00842,0.003416,0.001606,0.002653
test,29971,0,0.997724,0.001019,0.000496,0.000394,0.000367
test,29979,0,0.927191,0.033475,0.018066,0.01056,0.010708
test,29982,0,0.886519,0.002656,0.108705,0.000559,0.001562
test,29998,0,0.993753,0.003317,0.001186,0.000655,0.00109
test,30020,0,0.999599,0.000272,7.7e-05,3.1e-05,2e-05
test,30029,0,0.96969,0.016783,0.005897,0.004676,0.002954
test,30032,0,0.93979,0.050382,0.004791,0.002307,0.00273
test,30044,0,0.994176,0.003229,0.001509,0.000611,0.000476
test,30046,0,0.963338,0.015352,0.006792,0.001918,0.0126
test,30048,0,0.970146,0.011332,0.006967,0.003676,0.007879
test,30049,0,0.999365,0.000402,0.000125,5e-05,5.8e-05
test,30050,0,0.956332,0.003689,0.037977,0.000602,0.001401
test,30053,0,0.961755,0.01786,0.0075,0.010054,0.002832
test,30057,0,0.840166,0.054815,0.090906,0.004376,0.009738
test,30063,0,0.88396,0.027665,0.07651,0.009002,0.002862
test,30084,0,0.981321,0.009196,0.006533,0.001809,0.00114
test,30087,0,0.979737,0.011691,0.00514,0.001379,0.002052
test,30093,0,0.817355,0.144134,0.0272,0.004585,0.006726
test,30096,0,0.995423,0.00152,0.001552,0.000731,0.000775
test,30098,0,0.983449,0.009116,0.003853,0.001356,0.002227
test,30099,0,0.983966,0.005319,0.002454,0.005614,0.002646
test,30105,0,0.947586,0.018485,0.017336,0.00987,0.006723
test,30129,0,0.7797,0.077181,0.039503,0.044425,0.059191
test,30131,0,0.975749,0.013392,0.006345,0.002224,0.00229
test,30137,0,0.952849,0.02601,0.007853,0.002305,0.010982
test,30141,0,0.946283,0.008977,0.009368,0.029208,0.006164
test,30159,0,0.985389,0.006209,0.005109,0.001344,0.00195
test,30172,0,0.869182,0.080928,0.025638,0.013404,0.010847
test,30174,0,0.993472,0.002607,0.001874,0.000625,0.001422
test,30177,0,0.984725,0.00603,0.003511,0.001247,0.004486
test,30183,0,0.962075,0.014776,0.014344,0.003883,0.004921
test,30185,0,0.976763,0.013475,0.003089,0.00057,0.006103
test,30188,0,0.83653,0.056839,0.032058,0.008675,0.065897
test,30196,0,0.936852,0.018719,0.01185,0.0038,0.028781
test,30200,0,0.966181,0.019954,0.007905,0.00197,0.003991
test,30220,0,0.943679,0.027489,0.010566,0.003956,0.014311
test,30229,0,0.927313,0.022453,0.014135,0.006202,0.029897
test,30234,0,0.991096,0.004694,0.00193,0.001276,0.001005
test,30245,0,0.969562,0.017441,0.005597,0.002149,0.005251
test,30264,0,0.994389,0.003074,0.001676,0.000269,0.000592
test,30268,0,0.944989,0.025029,0.015126,0.008747,0.00611
test,30278,0,0.971416,0.013828,0.007559,0.003823,0.003375
test,30279,0,0.992212,0.004341,0.001881,0.000531,0.001035
test,30280,0,0.985871,0.007547,0.003707,0.001051,0.001826
test,30295,0,0.958212,0.009094,0.006169,0.010909,0.015616
test,30311,0,0.989485,0.004017,0.003398,0.000757,0.002343
test,30317,2,0.84165,0.063129,0.036921,0.036461,0.021839
test,30322,0,0.985415,0.006841,0.003054,0.001124,0.003567
test,30324,0,0.987131,0.006199,0.003638,0.001639,0.001392
test,30333,0,0.945927,0.022576,0.014297,0.011318,0.005882
test,30336,0,0.9289,0.045623,0.010263,0.004286,0.010929
test,30342,0,0.934353,0.037999,0.007452,0.004672,0.015524
test,30344,0,0.985434,0.007519,0.003104,0.001417,0.002527
test,30346,0,0.912328,0.015438,0.069509,0.001476,0.001249
test,30370,0,0.96332,0.020536,0.009406,0.003028,0.003709
test,30373,0,0.999577,0.000272,7e-05,4.5e-05,3.7e-05
test,30375,0,0.998263,0.000808,0.000585,0.000176,0.000168
test,30376,0,0.96909,0.011589,0.005876,0.002521,0.010923
test,30377,0,0.91122,0.037044,0.018382,0.006565,0.026789
test,30378,0,0.99936,0.000448,7.8e-05,4.8e-05,6.6e-05
test,30387,0,0.988224,0.004521,0.002062,0.001073,0.004121
test,30388,0,0.894683,0.049379,0.026566,0.008342,0.02103
test,30394,0,0.999371,0.00034,0.000103,0.000116,7e-05
test,30398,0,0.944619,0.016754,0.012948,0.019578,0.006101
test,30400,0,0.97233,0.014058,0.006065,0.002632,0.004916
test,30439,0,0.946868,0.02119,0.014745,0.004233,0.012964
test,30443,0,0.994445,0.002549,0.00167,0.000502,0.000834
test,30448,0,0.996031,0.00264,0.000794,0.000316,0.000219
test,30451,0,0.934942,0.020951,0.029786,0.005124,0.009197
test,30455,0,0.957048,0.02569,0.009696,0.003176,0.00439
test,30483,0,0.963245,0.031591,0.002426,0.001361,0.001376
test,30497,0,0.769992,0.091255,0.088078,0.028942,0.021733
test,30508,0,0.982873,0.009044,0.004981,0.001318,0.001784
test,30513,0,0.865054,0.045272,0.026061,0.012588,0.051026
test,30525,0,0.999039,0.000519,0.000164,0.000156,0.000122
test,30526,0,0.963258,0.005349,0.030423,0.000626,0.000344
test,30536,0,0.972943,0.021198,0.00272,0.000813,0.002326
test,30538,0,0.964085,0.01943,0.012097,0.002,0.002388
test,30540,0,0.974562,0.013733,0.00736,0.002533,0.001812
test,30541,0,0.575968,0.048021,0.03443,0.050681,0.2909
test,30542,0,0.974418,0.015294,0.004161,0.002027,0.0041
test,30555,0,0.994439,0.002015,0.000954,0.002171,0.000421
test,30562,0,0.958716,0.017694,0.018269,0.002656,0.002665
test,30563,0,0.995223,0.00286,0.001082,0.000416,0.00042
test,30574,0,0.963485,0.011713,0.005412,0.001642,0.017748
test,30575,0,0.966999,0.016562,0.006927,0.004236,0.005276
test,30582,0,0.935183,0.035548,0.016073,0.007068,0.006128
test,30586,0,0.990855,0.005044,0.002041,0.001224,0.000836
test,30587,0,0.982125,0.010469,0.003954,0.001436,0.002016
test,30594,0,0.981957,0.011204,0.00373,0.001461,0.001648
test,30595,0,0.982166,0.009766,0.005231,0.001557,0.001279
test,30598,0,0.851884,0.124368,0.016202,0.00341,0.004136
test,30605,0,0.897201,0.091821,0.004371,0.00079,0.005817
test,30616,0,0.973471,0.013887,0.009116,0.001414,0.002111
test,30625,0,0.925455,0.029065,0.012249,0.018291,0.014941
test,30627,0,0.949595,0.015951,0.021551,0.00776,0.005143
test,30629,0,0.966823,0.011631,0.015933,0.001532,0.004081
test,30632,0,0.980407,0.011985,0.003562,0.002243,0.001803
test,30636,0,0.980775,0.008866,0.004754,0.001829,0.003775
test,30644,0,0.998989,0.000574,0.000233,0.000126,7.8e-05
test,30645,0,0.961728,0.020133,0.007738,0.002447,0.007954
test,30646,0,0.96147,0.016709,0.011352,0.006929,0.00354
test,30652,0,0.929875,0.043329,0.022823,0.002087,0.001886
test,30658,0,0.381363,0.296745,0.098713,0.062276,0.160903
test,30662,0,0.998969,0.000555,0.000197,0.000172,0.000108
test,30666,0,0.872325,0.057423,0.023778,0.023093,0.023382
test,30668,0,0.95442,0.021195,0.011908,0.006285,0.006192
test,30669,0,0.993356,0.003247,0.001361,0.000952,0.001084
test,30692,0,0.696549,0.286072,0.003945,0.004579,0.008854
test,30710,0,0.971562,0.007659,0.015942,0.001146,0.003691
test,30723,0,0.962372,0.021033,0.008276,0.003141,0.005179
test,30729,0,0.989899,0.006087,0.00198,0.000773,0.001261
test,30731,0,0.995815,0.001769,0.001208,0.000711,0.000498
test,30742,1,0.882252,0.053479,0.040328,0.00717,0.01677
test,30743,0,0.615681,0.120217,0.044247,0.023569,0.196286
test,30748,0,0.903079,0.050674,0.025977,0.010406,0.009864
test,30753,0,0.749584,0.096203,0.067159,0.015346,0.071708
test,30758,0,0.995193,0.002224,0.001609,0.000498,0.000477
test,30767,0,0.70273,0.058845,0.133246,0.014039,0.091139
test,30768,0,0.866432,0.034884,0.011303,0.080298,0.007082
test,30775,0,0.445172,0.374938,0.145318,0.01211,0.022463
test,30779,0,0.967632,0.01865,0.004836,0.001952,0.006929
test,30784,0,0.891539,0.054536,0.0312,0.008389,0.014336
test,30787,0,0.990376,0.004405,0.002995,0.000917,0.001307
test,30792,0,0.991931,0.004382,0.002043,0.000712,0.000932
test,30806,0,0.930712,0.040973,0.014077,0.007095,0.007143
test,30809,0,0.987229,0.007873,0.002834,0.000864,0.0012
test,30828,0,0.870786,0.04287,0.068963,0.011939,0.005443
test,30835,0,0.993071,0.004622,0.00107,0.00035,0.000887
test,30839,0,0.9826,0.007281,0.005551,0.001703,0.002865
test,30842,0,0.980976,0.009714,0.004381,0.001604,0.003325
test,30849,0,0.989631,0.004842,0.002255,0.002245,0.001027
test,30864,0,0.946671,0.024286,0.012988,0.00532,0.010735
test,30865,0,0.967221,0.017519,0.005403,0.002974,0.006884
test,30871,0,0.639174,0.0624,0.28346,0.004292,0.010673
test,30879,0,0.925045,0.04945,0.00846,0.002878,0.014167
test,30882,0,0.983585,0.007228,0.004014,0.001554,0.003619
test,30885,0,0.990015,0.005287,0.002317,0.000879,0.001501
test,30892,0,0.992943,0.003329,0.001883,0.000416,0.001429
test,30902,0,0.998523,0.000653,0.000556,0.000176,9.2e-05
test,30905,0,0.987445,0.008098,0.00221,0.001946,0.000301
test,30915,0,0.981446,0.003972,0.000261,0.00023,0.014091
test,30924,0,0.981813,0.008805,0.007073,0.001143,0.001166
test,30927,0,0.962931,0.018978,0.007366,0.00225,0.008475
test,30945,0,0.935158,0.043029,0.010459,0.007097,0.004257
test,30946,0,0.996612,0.001875,0.000926,0.000292,0.000296
test,30949,0,0.9514,0.027489,0.008754,0.004484,0.007872
test,30957,0,0.900946,0.047012,0.021878,0.015975,0.014188
test,30958,0,0.992747,0.00276,0.001656,0.000463,0.002374
test,30976,0,0.9917,0.004685,0.001657,0.000422,0.001536
test,30979,0,0.991935,0.003981,0.00157,0.001191,0.001323
test,30980,0,0.790217,0.180693,0.0107,0.009323,0.009067
test,30984,1,0.960035,0.025126,0.006578,0.002763,0.005498
test,30998,0,0.968091,0.015464,0.005932,0.007203,0.003309
test,30999,0,0.987973,0.007554,0.002329,0.001124,0.00102
test,31005,0,0.939674,0.025802,0.015039,0.014649,0.004835
test,31011,0,0.860117,0.058563,0.032676,0.043287,0.005357
test,31037,0,0.992441,0.004696,0.001694,0.000502,0.000666
test,31040,0,0.952499,0.021869,0.016665,0.002901,0.006066
test,31043,0,0.999085,0.000489,0.000144,0.000208,7.4e-05
test,31046,0,0.977345,0.011597,0.007115,0.002342,0.001601
test,31051,0,0.866051,0.052729,0.044756,0.004966,0.031497
test,31053,0,0.94622,0.027531,0.007539,0.005375,0.013335
test,31061,0,0.875159,0.054519,0.047276,0.015502,0.007544
test,31063,2,0.951844,0.020843,0.010863,0.004386,0.012064
test,31064,0,0.964704,0.024175,0.007078,0.002242,0.001801
test,31065,0,0.980985,0.007957,0.007195,0.000754,0.003109
test,31076,0,0.803975,0.022754,0.025416,0.013943,0.133911
test,31087,0,0.959265,0.011934,0.009038,0.004214,0.015549
test,31089,0,0.970145,0.01455,0.005694,0.003881,0.00573
test,31094,0,0.875004,0.117148,0.003679,0.002437,0.001732
test,31098,0,0.99141,0.003824,0.001549,0.000969,0.002247
test,31104,0,0.961433,0.016007,0.015852,0.002574,0.004134
test,31110,0,0.977236,0.013954,0.004724,0.001468,0.002618
test,31111,0,0.991962,0.003048,0.002108,0.000319,0.002563
test,31129,0,0.966051,0.017178,0.008323,0.004136,0.004312
test,31133,0,0.853449,0.026093,0.056074,0.062549,0.001835
test,31142,0,0.849337,0.011732,0.13216,0.001087,0.005684
test,31146,0,0.969267,0.013718,0.005991,0.002615,0.008408
test,31147,0,0.902635,0.052245,0.0243,0.006788,0.014033
test,31149,0,0.928996,0.064996,0.00268,0.000831,0.002498
test,31151,0,0.945279,0.027337,0.007028,0.018527,0.001829
test,31155,0,0.996686,0.001765,0.000894,0.000293,0.000362
test,31158,0,0.97651,0.013597,0.003296,0.00313,0.003466
test,31161,0,0.856678,0.043545,0.057736,0.010255,0.031785
test,31166,0,0.989266,0.00777,0.001771,0.00063,0.000563
test,31170,0,0.982358,0.008674,0.004904,0.00145,0.002614
test,31174,0,0.992887,0.003193,0.001993,0.000931,0.000995
test,31176,0,0.995696,0.002372,0.001196,0.000351,0.000384
test,31183,0,0.995662,0.001708,0.000878,0.000412,0.00134
test,31187,0,0.957936,0.011317,0.005534,0.02164,0.003573
test,31190,0,0.989758,0.005603,0.001918,0.001135,0.001586
test,31193,0,0.941797,0.02113,0.018268,0.003842,0.014963
test,31205,0,0.962658,0.018215,0.010751,0.00321,0.005166
test,31215,0,0.868586,0.052102,0.049294,0.009497,0.020521
test,31217,0,0.989352,0.007235,0.002294,0.000604,0.000515
test,31220,0,0.984843,0.006812,0.005133,0.001198,0.002013
test,31223,0,0.7328,0.099629,0.063188,0.069296,0.035086
test,31228,0,0.972977,0.010661,0.010228,0.003879,0.002255
test,31240,0,0.993823,0.003242,0.001506,0.000776,0.000653
test,31244,0,0.990176,0.00512,0.001978,0.00129,0.001436
test,31247,0,0.980933,0.004556,0.009107,0.004171,0.001232
test,31264,0,0.910037,0.067468,0.011411,0.008299,0.002785
test,31267,0,0.991663,0.005482,0.001491,0.000907,0.000456
test,31294,0,0.682426,0.128238,0.052215,0.083842,0.053279
test,31304,0,0.979136,0.010559,0.004488,0.003102,0.002715
test,31311,0,0.9643,0.014221,0.006707,0.011513,0.00326
test,31312,0,0.990332,0.006289,0.001864,0.000873,0.000643
test,31323,0,0.926784,0.023341,0.025987,0.003868,0.02002
test,31340,0,0.985572,0.007219,0.004455,0.001337,0.001417
test,31345,0,0.989826,0.005748,0.002157,0.001039,0.00123
test,31352,0,0.979294,0.010518,0.003404,0.003499,0.003285
test,31355,0,0.911428,0.02217,0.007786,0.054488,0.004128
test,31361,0,0.957506,0.013357,0.005588,0.019682,0.003867
test,31369,0,0.991437,0.005276,0.001877,0.000628,0.00078
test,31376,0,0.993622,0.00402,0.001551,0.000389,0.000418
test,31386,0,0.989905,0.003664,0.003517,0.00202,0.000894
test,31389,0,0.963462,0.021073,0.005569,0.003344,0.006553
test,31394,0,0.996654,0.001749,0.000786,0.000434,0.000377
test,31397,0,0.966716,0.013542,0.007042,0.003851,0.008849
test,31400,0,0.997226,0.001605,0.000586,0.000261,0.000321
test,31412,0,0.99502,0.002367,0.000932,0.000464,0.001218
test,31421,0,0.512491,0.276301,0.120658,0.034275,0.056274
test,31425,0,0.942175,0.025857,0.014331,0.007092,0.010544
test,31428,0,0.951935,0.025595,0.003977,0.016467,0.002027
test,31444,0,0.984501,0.006142,0.002846,0.002204,0.004307
test,31447,0,0.952421,0.014345,0.013419,0.005704,0.014111
test,31451,0,0.731622,0.067053,0.139748,0.053892,0.007685
test,31454,0,0.924278,0.037188,0.01838,0.005245,0.014909
test,31455,0,0.966735,0.017447,0.007043,0.004829,0.003946
test,31460,0,0.995621,0.00241,0.001066,0.000352,0.00055
test,31468,0,0.999444,0.00025,0.000186,6.6e-05,5.4e-05
test,31470,0,0.971496,0.013253,0.007148,0.002882,0.005221
test,31474,0,0.521602,0.049716,0.215602,0.014961,0.198119
test,31476,0,0.690236,0.170963,0.046291,0.014733,0.077778
test,31479,0,0.97162,0.012335,0.005488,0.004221,0.006336
test,31481,0,0.995473,0.002532,0.001087,0.000523,0.000386
test,31483,0,0.99077,0.005029,0.001708,0.000919,0.001574
test,31486,0,0.87142,0.067694,0.034747,0.023435,0.002705
test,31496,0,0.976594,0.014101,0.004114,0.002006,0.003185
test,31499,0,0.982607,0.009606,0.003977,0.002273,0.001537
test,31507,0,0.985662,0.007469,0.003694,0.001105,0.00207
test,31514,0,0.980195,0.009385,0.004998,0.00167,0.003752
test,31520,0,0.888621,0.056839,0.020556,0.011094,0.02289
test,31531,0,0.978346,0.013068,0.00355,0.00139,0.003646
test,31541,0,0.905191,0.049517,0.024945,0.008527,0.01182
test,31548,0,0.950762,0.018265,0.019853,0.006295,0.004826
test,31552,0,0.973095,0.013021,0.007042,0.001917,0.004925
test,31554,0,0.877247,0.048737,0.033093,0.004898,0.036025
test,31566,0,0.990857,0.004269,0.0022,0.000521,0.002154
test,31568,0,0.961732,0.013816,0.017372,0.003678,0.003402
test,31581,0,0.998709,0.000761,0.00017,0.000208,0.000152
test,31588,0,0.95216,0.026623,0.015042,0.002785,0.00339
test,31592,0,0.949847,0.019362,0.007876,0.005688,0.017228
test,31600,0,0.997349,0.001838,0.000437,0.000183,0.000192
test,31602,0,0.985967,0.008916,0.002695,0.000796,0.001627
test,31614,0,0.937575,0.032896,0.014887,0.007868,0.006774
test,31624,0,0.989421,0.005939,0.002978,0.000963,0.000699
test,31630,0,0.994004,0.002924,0.001727,0.000592,0.000753
test,31631,0,0.988747,0.005637,0.002861,0.001824,0.000931
test,31639,0,0.976539,0.011137,0.005453,0.001254,0.005617
test,31652,0,0.947968,0.027663,0.015357,0.005355,0.003658
test,31660,0,0.973096,0.013382,0.009326,0.001855,0.00234
test,31663,0,0.923956,0.010097,0.004486,0.056847,0.004614
test,31664,0,0.988124,0.005936,0.00335,0.001405,0.001185
test,31689,0,0.982998,0.008757,0.003546,0.001816,0.002883
test,31695,0,0.985336,0.006387,0.004408,0.00224,0.001629
test,31700,0,0.993938,0.003307,0.001631,0.000646,0.000478
test,31703,0,0.924422,0.048813,0.008574,0.003026,0.015165
test,31706,0,0.933763,0.037983,0.012164,0.007074,0.009016
test,31711,0,0.976971,0.011417,0.00949,0.001364,0.000758
test,31717,0,0.910887,0.046989,0.019001,0.00755,0.015572
test,31718,0,0.993333,0.003756,0.001323,0.00064,0.000948
test,31723,0,0.976192,0.01069,0.006099,0.001671,0.005348
test,31726,0,0.988852,0.007426,0.001701,0.000956,0.001066
test,31738,0,0.915204,0.049563,0.018987,0.006103,0.010143
test,31745,0,0.978076,0.008024,0.007433,0.003842,0.002624
test,31749,0,0.97451,0.016696,0.004348,0.002353,0.002094
test,31751,0,0.886695,0.053683,0.025928,0.006673,0.027022
test,31755,0,0.973947,0.016617,0.00327,0.001617,0.00455
test,31769,0,0.894984,0.03355,0.043333,0.009,0.019133
test,31779,0,0.998568,0.000496,0.00075,6.5e-05,0.000121
test,31780,0,0.937258,0.018227,0.03547,0.004169,0.004876
test,31781,0,0.994972,0.002585,0.001061,0.00059,0.000791
test,31782,0,0.959612,0.017918,0.012749,0.005606,0.004115
test,31806,0,0.989519,0.004972,0.003691,0.000853,0.000965
test,31815,0,0.979015,0.007158,0.00413,0.002534,0.007164
test,31819,0,0.988411,0.007114,0.00248,0.001207,0.000788
test,31840,0,0.950169,0.017137,0.021462,0.00681,0.004422
test,31844,0,0.968453,0.016771,0.006732,0.002341,0.005703
test,31849,0,0.974696,0.011043,0.005762,0.005919,0.00258
test,31854,0,0.974186,0.011119,0.004218,0.008293,0.002184
test,31859,0,0.898825,0.03295,0.023816,0.037244,0.007165
test,31867,0,0.987906,0.005712,0.001435,0.004086,0.000861
test,31870,0,0.962661,0.024607,0.007312,0.002053,0.003366
test,31888,0,0.909222,0.032909,0.04138,0.009743,0.006746
test,31893,0,0.988998,0.006741,0.001902,0.001778,0.000581
test,31896,0,0.872786,0.05164,0.022177,0.005304,0.048093
test,31897,0,0.990299,0.004491,0.002867,0.000815,0.001528
test,31909,0,0.956887,0.03028,0.007993,0.002636,0.002204
test,31910,0,0.993896,0.002786,0.001598,0.000606,0.001114
test,31916,0,0.96923,0.018836,0.005606,0.002025,0.004303
test,31922,0,0.982931,0.009708,0.003435,0.002235,0.00169
test,31923,0,0.99178,0.004699,0.00191,0.000735,0.000876
test,31929,0,0.967958,0.01943,0.005518,0.005884,0.00121
test,31936,0,0.000214,1.2e-05,7e-06,9e-06,0.999758
test,31942,0,0.836147,0.019354,0.131882,0.002464,0.010153
test,31952,0,0.99585,0.001706,0.001018,0.000574,0.000852
test,31959,0,0.967292,0.014659,0.009555,0.002771,0.005723
test,31964,0,0.985923,0.008945,0.002522,0.001714,0.000896
test,31975,0,0.974606,0.014156,0.006322,0.002301,0.002614
test,31976,0,0.91575,0.050242,0.016799,0.007519,0.00969
test,31977,0,0.97741,0.007823,0.008667,0.001146,0.004953
test,31993,0,0.849193,0.048955,0.019918,0.06723,0.014705
test,32002,0,0.988877,0.005986,0.002737,0.000619,0.001781
test,32003,0,0.988672,0.006185,0.003094,0.001415,0.000634
test,32004,0,0.953689,0.01319,0.004788,0.001773,0.02656
test,32005,0,0.893342,0.046503,0.026716,0.005672,0.027767
test,32011,0,0.962865,0.022352,0.007266,0.002508,0.005008
test,32039,0,0.88014,0.015069,0.068311,0.026996,0.009483
test,32041,0,0.986607,0.006764,0.004007,0.001424,0.001198
test,32042,0,0.98783,0.007671,0.002138,0.000688,0.001672
test,32050,0,0.968653,0.023109,0.00387,0.001652,0.002716
test,32056,0,0.982344,0.009285,0.004072,0.001285,0.003014
test,32057,0,0.993424,0.004383,0.00168,0.000264,0.000249
test,32065,0,0.979976,0.009984,0.004614,0.002057,0.00337
test,32071,0,0.977576,0.010924,0.00464,0.003523,0.003338
test,32074,0,0.854597,0.060865,0.055024,0.016861,0.012652
test,32077,0,0.989096,0.007661,0.001669,0.000885,0.000688
test,32090,0,0.993595,0.002032,0.001444,0.001894,0.001036
test,32100,0,0.997516,0.001592,0.00045,0.000172,0.00027
test,32102,0,0.981181,0.007983,0.007173,0.002179,0.001484
test,32103,0,0.91229,0.033077,0.013668,0.034137,0.006828
test,32106,0,0.925648,0.049655,0.013181,0.003581,0.007934
test,32113,0,0.846865,0.08608,0.037993,0.016004,0.013059
test,32120,0,0.968996,0.013765,0.007232,0.002125,0.007883
test,32128,0,0.953193,0.025566,0.008737,0.005758,0.006746
test,32140,0,0.972476,0.015389,0.006723,0.002377,0.003034
test,32147,0,0.793831,0.177572,0.012433,0.001612,0.014552
test,32150,0,0.878347,0.038897,0.017516,0.059009,0.006232
test,32155,0,0.660712,0.025463,0.286569,0.017436,0.00982
test,32163,0,0.996961,0.001596,0.00077,0.000329,0.000344
test,32169,0,0.999343,0.000326,0.000207,8.1e-05,4.3e-05
test,32171,0,0.981638,0.014404,0.002103,0.001652,0.000203
test,32177,0,0.994936,0.002819,0.001493,0.000453,0.000299
test,32190,3,0.851183,0.022327,0.00515,0.002066,0.119274
test,32195,0,0.95846,0.022241,0.011433,0.003605,0.00426
test,32212,0,0.987848,0.00804,0.002714,0.000631,0.000767
test,32225,0,0.985978,0.006126,0.003466,0.001489,0.00294
test,32228,0,0.903667,0.036768,0.017265,0.013351,0.028949
test,32235,0,0.996699,0.002046,0.000653,0.00031,0.000293
test,32236,0,0.434186,0.245877,0.119803,0.074498,0.125637
test,32251,0,0.944279,0.036475,0.010993,0.002541,0.005712
test,32266,0,0.982426,0.011374,0.004401,0.001043,0.000756
test,32282,0,0.962962,0.012162,0.01438,0.005326,0.005169
test,32283,0,0.990487,0.004382,0.003162,0.000681,0.001287
test,32293,0,0.960298,0.026137,0.007642,0.003234,0.00269
test,32295,0,0.991492,0.00591,0.00152,0.000484,0.000594
test,32297,0,0.996615,0.002043,0.000739,0.000233,0.00037
test,32300,0,0.97733,0.018963,0.002263,0.000242,0.001202
test,32302,0,0.959473,0.019126,0.006733,0.010901,0.003767
test,32304,0,0.975257,0.00976,0.008249,0.003168,0.003566
test,32308,0,0.992374,0.004326,0.001552,0.000715,0.001033
test,32311,0,0.977196,0.015818,0.003995,0.002231,0.000759
test,32321,0,0.996299,0.002242,0.000571,0.000483,0.000405
test,32322,0,0.902375,0.020917,0.008194,0.06218,0.006334
test,32324,0,0.989,0.005324,0.003507,0.001552,0.000617
test,32327,0,0.995294,0.001773,0.001708,0.000355,0.00087
test,32328,0,0.990499,0.006595,0.001169,0.000803,0.000934
test,32329,0,0.957587,0.024745,0.014581,0.002128,0.000959
test,32342,2,0.978739,0.011602,0.006265,0.001566,0.001828
test,32372,4,0.963915,0.023009,0.006931,0.003242,0.002902
test,32375,0,0.988395,0.00768,0.002789,0.000541,0.000595
test,32379,0,0.98495,0.008203,0.003156,0.002509,0.001182
test,32394,0,0.903513,0.060341,0.010271,0.003521,0.022355
test,32396,0,0.930822,0.02902,0.01732,0.019844,0.002994
test,32412,0,0.997636,0.00167,0.00032,0.000158,0.000215
test,32426,0,0.990331,0.004767,0.002372,0.001587,0.000944
test,32428,0,0.498182,0.180907,0.149822,0.063678,0.107412
test,32435,0,0.941372,0.023498,0.009112,0.013803,0.012215
test,32440,0,0.993587,0.003378,0.001715,0.000573,0.000747
test,32445,0,0.810678,0.104888,0.051219,0.007831,0.025384
test,32451,0,0.91032,0.042039,0.036422,0.006096,0.005124
test,32474,0,0.994956,0.003031,0.001116,0.000394,0.000503
test,32476,0,0.957792,0.034525,0.004266,0.001444,0.001973
test,32479,0,0.985482,0.009063,0.002512,0.001667,0.001276
test,32482,0,0.980334,0.009835,0.003469,0.00368,0.002682
test,32494,0,0.933265,0.03673,0.015243,0.008713,0.00605
test,32501,0,0.968831,0.014529,0.007357,0.006519,0.002764
test,32505,1,0.982313,0.012168,0.002972,0.001438,0.001109
test,32506,0,0.985896,0.005333,0.002315,0.00385,0.002606
test,32520,0,0.970248,0.018617,0.006393,0.002684,0.002059
test,32521,0,0.943653,0.023118,0.015286,0.010526,0.007416
test,32529,0,0.962628,0.017201,0.010441,0.00754,0.00219
test,32530,0,0.989798,0.00534,0.00169,0.001232,0.001941
test,32534,0,0.919653,0.051683,0.013632,0.003885,0.011146
test,32541,0,0.996926,0.001467,0.00087,0.000491,0.000247
test,32549,0,0.996129,0.002317,0.000787,0.00027,0.000497
test,32552,0,0.962555,0.008576,0.023555,0.002544,0.002771
test,32558,0,0.844918,0.081676,0.03774,0.010148,0.025518
test,32564,0,0.99014,0.005898,0.002039,0.001418,0.000506
test,32580,0,0.984343,0.007175,0.003749,0.001447,0.003285
test,32581,0,0.987381,0.007964,0.002746,0.000855,0.001053
test,32582,0,0.991774,0.004659,0.001031,0.000651,0.001886
test,32583,0,0.997023,0.001806,0.000558,0.000327,0.000286
test,32597,0,0.708471,0.100152,0.046762,0.133782,0.010833
test,32601,0,0.978027,0.012199,0.006842,0.002242,0.00069
test,32613,0,0.990051,0.006385,0.00135,0.000831,0.001383
test,32617,0,0.651927,0.244989,0.031958,0.063852,0.007274
test,32624,0,0.99082,0.004019,0.002537,0.000933,0.001691
test,32628,0,0.984104,0.011556,0.002943,0.00097,0.000427
test,32636,0,0.990719,0.004829,0.002251,0.001156,0.001044
test,32643,0,0.982978,0.0115,0.003328,0.001222,0.000972
test,32644,0,0.992617,0.00385,0.001938,0.000913,0.000683
test,32647,0,0.970723,0.017577,0.004294,0.00469,0.002716
test,32655,0,0.982077,0.010984,0.005049,0.001202,0.000688
test,32665,0,0.992314,0.004329,0.001575,0.001225,0.000557
test,32670,0,0.948367,0.020814,0.024882,0.002236,0.003701
test,32671,0,0.929598,0.020546,0.025632,0.011922,0.012302
test,32717,0,0.976986,0.014971,0.005082,0.001612,0.001349
test,32719,0,0.988966,0.006787,0.00278,0.000742,0.000724
test,32727,0,0.962628,0.024606,0.007496,0.002546,0.002724
test,32732,0,0.984949,0.008662,0.005086,0.000625,0.000677
test,32733,0,0.992762,0.003218,0.001604,0.000614,0.001801
test,32736,0,0.986496,0.006239,0.003374,0.002273,0.001617
test,32739,0,0.996397,0.002609,0.000699,7.4e-05,0.000221
test,32740,0,0.996304,0.00211,0.000708,0.000259,0.000619
test,32754,0,0.941836,0.034083,0.006605,0.003372,0.014104
test,32756,0,0.977118,0.014104,0.003962,0.001521,0.003296
test,32758,0,0.983269,0.009291,0.003544,0.001771,0.002125
test,32761,0,0.925077,0.015932,0.010063,0.00506,0.043868
test,32777,0,0.743216,0.036323,0.175227,0.013967,0.031267
test,32780,0,0.875715,0.052517,0.025153,0.021341,0.025275
test,32781,0,0.964364,0.011151,0.009305,0.00914,0.006041
test,32786,0,0.979766,0.011714,0.002494,0.001711,0.004316
test,32809,0,0.934856,0.023332,0.018331,0.007736,0.015744
test,32821,0,0.971959,0.016769,0.00662,0.002797,0.001855
test,32822,0,0.930787,0.036824,0.015196,0.007277,0.009916
test,32837,0,0.997357,0.002259,0.000108,6.7e-05,0.000209
test,32838,0,0.997479,0.000816,0.000572,0.000264,0.000868
test,32846,0,0.915756,0.019404,0.02711,0.026303,0.011427
test,32847,0,0.982456,0.008123,0.005169,0.001727,0.002525
test,32852,0,0.804907,0.012701,0.164554,0.010789,0.007049
test,32871,0,0.980664,0.004164,0.009347,0.001289,0.004535
test,32880,0,0.964341,0.01092,0.010631,0.008888,0.005219
test,32885,0,0.998764,0.00063,0.000287,8.8e-05,0.000232
test,32902,0,0.991877,0.003507,0.001569,0.000535,0.002512
test,32904,4,0.941333,0.023427,0.00577,0.002674,0.026796
test,32914,0,0.950018,0.017506,0.020487,0.003594,0.008395
test,32929,0,0.855906,0.018695,0.011894,0.006268,0.107238
test,32937,0,0.949083,0.014858,0.012725,0.005143,0.01819
test,32943,0,0.956837,0.0114,0.013842,0.006993,0.010928
test,32946,0,0.959167,0.014949,0.007592,0.015072,0.00322
test,32965,0,0.964764,0.019359,0.00452,0.00429,0.007067
test,32966,0,0.979387,0.006294,0.005474,0.002128,0.006717
test,32974,0,0.992806,0.004242,0.00125,0.001082,0.000619
test,32975,0,0.985602,0.005365,0.005337,0.002223,0.001473
test,32977,0,0.96688,0.010719,0.011855,0.00467,0.005877
test,32978,0,0.92176,0.04429,0.012741,0.011264,0.009944
test,32982,0,0.985717,0.008527,0.001227,0.000384,0.004146
test,32986,0,0.934239,0.018632,0.015133,0.014124,0.017871
test,32996,0,0.685432,0.037417,0.051459,0.00635,0.219342
test,33001,0,0.966933,0.018632,0.005923,0.004474,0.004037
test,33004,0,0.495929,0.02899,0.013297,0.439706,0.022078
test,33008,0,0.954642,0.029636,0.010344,0.001738,0.003639
test,33037,0,0.996635,0.001883,0.000609,0.000273,0.0006
test,33041,0,0.942466,0.013581,0.017453,0.019625,0.006875
test,33042,0,0.795323,0.043288,0.0293,0.011367,0.120722
test,33045,0,0.997399,0.001523,0.000649,0.000222,0.000208
test,33049,0,0.970669,0.009116,0.013751,0.002531,0.003933
test,33050,0,0.940631,0.022331,0.012047,0.006606,0.018385
test,33058,0,0.992998,0.004654,0.001046,0.000595,0.000707
test,33064,0,0.866029,0.019826,0.080228,0.019645,0.014271
test,33066,0,0.994974,0.003403,0.000962,0.00042,0.000241
test,33081,0,0.977016,0.010191,0.005192,0.002399,0.005202
test,33085,0,0.985975,0.006668,0.002851,0.002294,0.002212
test,33102,0,0.952692,0.017971,0.014691,0.006965,0.007681
test,33107,0,0.92111,0.02324,0.017148,0.009394,0.029108
test,33119,0,0.51034,0.037046,0.024742,0.00672,0.421152
test,33121,0,0.959665,0.016457,0.006493,0.013859,0.003526
test,33122,0,0.955119,0.007879,0.004908,0.002523,0.02957
test,33127,0,0.911132,0.047289,0.018873,0.004096,0.018611
test,33129,0,0.92728,0.017972,0.03203,0.007492,0.015225
test,33134,0,0.870366,0.042875,0.020857,0.004947,0.060955
test,33136,0,0.993418,0.002403,0.002239,0.001072,0.000868
test,33140,0,0.993265,0.003243,0.001477,0.001504,0.00051
test,33145,0,0.797614,0.154494,0.030155,0.006754,0.010983
test,33148,0,0.992369,0.003217,0.00299,0.001011,0.000413
test,33151,0,0.991866,0.002524,0.003834,0.001071,0.000705
test,33156,0,0.92997,0.034734,0.020001,0.005597,0.009698
test,33157,0,0.873069,0.033533,0.038219,0.024574,0.030604
test,33166,0,0.997589,0.002016,0.000231,8.3e-05,8.2e-05
test,33169,0,0.994659,0.003813,0.000608,0.000345,0.000575
test,33170,0,0.995319,0.002705,0.000988,0.000518,0.00047
test,33174,0,0.97958,0.00799,0.005139,0.003735,0.003556
test,33183,0,0.978089,0.00896,0.004746,0.00293,0.005276
test,33197,0,0.993025,0.003608,0.00159,0.000665,0.001112
test,33202,0,0.942324,0.015233,0.012775,0.016871,0.012796
test,33205,0,0.99619,0.001689,0.000903,0.0008,0.000419
test,33221,0,0.97071,0.011569,0.009826,0.004966,0.002929
test,33227,0,0.954317,0.020372,0.010567,0.006119,0.008624
test,33228,0,0.978176,0.003701,0.015892,0.000946,0.001285
test,33231,0,0.958232,0.011902,0.01222,0.008136,0.00951
test,33232,0,0.987096,0.006057,0.00337,0.001656,0.001822
test,33237,0,0.947611,0.027418,0.015818,0.00345,0.005702
test,33238,0,0.923614,0.015502,0.023507,0.010707,0.026669
test,33244,0,0.994724,0.002918,0.00135,0.000687,0.000321
test,33254,0,0.991538,0.004753,0.001935,0.000758,0.001015
test,33262,0,0.970539,0.012069,0.008753,0.002451,0.006188
test,33263,0,0.981711,0.008641,0.003287,0.001727,0.004634
test,33275,0,0.993024,0.003158,0.001728,0.001006,0.001084
test,33277,0,0.995898,0.002393,0.001099,0.000291,0.000319
test,33279,0,0.989421,0.003348,0.002604,0.002003,0.002624
test,33287,0,0.977734,0.010082,0.004818,0.002278,0.005089
test,33299,0,0.970041,0.012855,0.00989,0.003246,0.003969
test,33300,0,0.944743,0.021314,0.014691,0.00321,0.016042
test,33305,0,0.965955,0.017231,0.009211,0.003069,0.004533
test,33310,0,0.987302,0.006609,0.003591,0.000911,0.001587
test,33315,0,0.991596,0.004879,0.000878,0.001301,0.001346
test,33330,0,0.997983,0.00111,0.000484,0.000221,0.000201
test,33338,0,0.966397,0.011303,0.010406,0.002218,0.009676
test,33360,0,0.706013,0.141421,0.145192,0.001994,0.005381
test,33361,0,0.991097,0.002649,0.002899,0.000979,0.002377
test,33369,0,0.995165,0.001649,0.001249,0.001258,0.000679
test,33378,0,0.993588,0.002805,0.002142,0.000482,0.000983
test,33407,0,0.936617,0.021747,0.014796,0.023569,0.003271
test,33410,0,0.973003,0.013,0.007232,0.002566,0.004199
test,33417,0,0.620774,0.31215,0.019912,0.01791,0.029254
test,33418,0,0.982983,0.006799,0.005422,0.0018,0.002996
test,33420,0,0.979793,0.006145,0.007351,0.002656,0.004055
test,33422,0,0.975613,0.01125,0.00686,0.003351,0.002925
test,33423,0,0.977158,0.006784,0.008522,0.003065,0.004471
test,33428,0,0.992877,0.003293,0.001906,0.000888,0.001035
test,33436,0,0.999066,0.000541,0.00026,7.6e-05,5.7e-05
test,33444,0,0.892159,0.031928,0.029565,0.0301,0.016248
test,33450,0,0.931893,0.011956,0.049202,0.001781,0.005168
test,33473,0,0.403385,0.03823,0.490944,0.037959,0.029483
test,33474,0,0.987083,0.006043,0.002453,0.001673,0.002748
test,33475,0,0.623588,0.018044,0.332939,0.011264,0.014165
test,33499,0,0.94245,0.03426,0.010063,0.005779,0.007448
test,33500,0,0.685354,0.178191,0.082759,0.021265,0.03243
test,33506,0,0.953251,0.01112,0.028672,0.003818,0.00314
test,33510,0,0.96146,0.013245,0.00515,0.013824,0.006321
test,33512,0,0.881578,0.034718,0.009564,0.052732,0.021408
test,33517,0,0.862595,0.074209,0.026138,0.018142,0.018916
test,33519,0,0.922331,0.02828,0.026708,0.00496,0.017722
test,33520,0,0.98917,0.004399,0.002643,0.001919,0.001869
test,33529,0,0.993621,0.003368,0.001222,0.000935,0.000854
test,33532,0,0.998008,0.000814,0.000266,0.000168,0.000745
test,33535,0,0.997375,0.00161,0.000462,0.00028,0.000273
test,33576,0,0.969552,0.013332,0.004993,0.002711,0.009413
test,33580,0,0.983648,0.006579,0.005453,0.001317,0.003003
test,33583,0,0.996287,0.003154,0.000418,4.9e-05,9.2e-05
test,33589,0,0.998025,0.001799,6.3e-05,4e-05,7.2e-05
test,33591,0,0.85675,0.09854,0.027814,0.007652,0.009243
test,33594,0,0.929539,0.044791,0.013179,0.004598,0.007894
test,33610,0,0.985045,0.008155,0.001971,0.001331,0.003498
test,33614,0,0.983818,0.008246,0.003219,0.002707,0.002009
test,33615,0,0.969438,0.015017,0.008324,0.004257,0.002964
test,33617,0,0.991631,0.003932,0.001865,0.000655,0.001916
test,33619,0,0.960388,0.033196,0.00336,0.00138,0.001676
test,33632,0,0.995554,0.002597,0.001131,0.000407,0.000312
test,33634,0,0.98385,0.010917,0.003628,0.000784,0.000821
test,33638,0,0.987261,0.009742,0.001719,0.000822,0.000455
